matched_set_id,positive_id,control_low_id,control_high_id,control_rank_1_id,control_rank_2_id,control_rank_1_cost,control_rank_2_cost,source
KY2017_MATCH_0001,H40_G250_RP0000148_CM0000041,H40_G250_RP0000135_CM0000051,H40_G250_RP0000147_CM0000042,H40_G250_RP0000147_CM0000042,H40_G250_RP0000135_CM0000051,0.14628149725453002,0.17321374794420755,CLEAN_REPLAY_RUN_A
KY2017_MATCH_0002,H40_G250_RP0000149_CM0000041,H40_G250_RP0000145_CM0000051,H40_G250_RP0000149_CM0000042,H40_G250_RP0000149_CM0000042,H40_G250_RP0000145_CM0000051,0.14866580286904366,0.15497840105713512,CLEAN_REPLAY_RUN_A
KY2017_MATCH_0003,H40_G250_RP0000149_CM0000044,H40_G250_RP0000147_CM0000050,H40_G250_RP0000152_CM0000055,H40_G250_RP0000152_CM0000055,H40_G250_RP0000147_CM0000050,0.10744522511052075,0.12362465769857531,CLEAN_REPLAY_RUN_A
KY2017_MATCH_0004,H40_G250_RP0000150_CM0000044,H40_G250_RP0000150_CM0000043,H40_G250_RP0000152_CM0000044,H40_G250_RP0000152_CM0000044,H40_G250_RP0000150_CM0000043,0.1558861135186661,0.16285499480847462,CLEAN_REPLAY_RUN_A
KY2017_MATCH_0005,H40_G250_RP0000151_CM0000040,H40_G250_RP0000151_CM0000041,H40_G250_RP0000152_CM0000039,H40_G250_RP0000152_CM0000039,H40_G250_RP0000151_CM0000041,0.11130339866280385,0.12951226192192819,CLEAN_REPLAY_RUN_A
KY2017_MATCH_0006,H40_G250_RP0000154_CM0000041,H40_G250_RP0000134_CM0000060,H40_G250_RP0000137_CM0000065,H40_G250_RP0000134_CM0000060,H40_G250_RP0000137_CM0000065,0.16577601847940629,0.20118180669755026,CLEAN_REPLAY_RUN_A
KY2017_MATCH_0007,H40_G250_RP0000155_CM0000040,H40_G250_RP0000136_CM0000065,H40_G250_RP0000138_CM0000065,H40_G250_RP0000138_CM0000065,H40_G250_RP0000136_CM0000065,0.12570254481068413,0.14023634648218772,CLEAN_REPLAY_RUN_A
KY2017_MATCH_0008,H40_G250_RP0000155_CM0000041,H40_G250_RP0000139_CM0000052,H40_G250_RP0000156_CM0000040,H40_G250_RP0000139_CM0000052,H40_G250_RP0000156_CM0000040,0.12623632823798706,0.14514797529163476,CLEAN_REPLAY_RUN_A
KY2017_MATCH_0009,H40_G250_RP0000155_CM0000042,H40_G250_RP0000136_CM0000060,H40_G250_RP0000152_CM0000040,H40_G250_RP0000136_CM0000060,H40_G250_RP0000152_CM0000040,0.1123599216211397,0.11248053743674437,CLEAN_REPLAY_RUN_A
KY2017_MATCH_0010,H40_G250_RP0000155_CM0000055,H40_G250_RP0000150_CM0000051,H40_G250_RP0000154_CM0000054,H40_G250_RP0000154_CM0000054,H40_G250_RP0000150_CM0000051,0.091107603611095545,0.092189105931516274,CLEAN_REPLAY_RUN_A
KY2017_MATCH_0011,H40_G250_RP0000156_CM0000041,H40_G250_RP0000152_CM0000041,H40_G250_RP0000153_CM0000041,H40_G250_RP0000153_CM0000041,H40_G250_RP0000152_CM0000041,0.089812588874319588,0.12886796646876245,CLEAN_REPLAY_RUN_A
KY2017_MATCH_0012,H40_G250_RP0000156_CM0000044,H40_G250_RP0000153_CM0000045,H40_G250_RP0000160_CM0000042,H40_G250_RP0000153_CM0000045,H40_G250_RP0000160_CM0000042,0.11746632995043861,0.12426073481767143,CLEAN_REPLAY_RUN_A
KY2017_MATCH_0013,H40_G250_RP0000156_CM0000062,H40_G250_RP0000155_CM0000061,H40_G250_RP0000157_CM0000065,H40_G250_RP0000157_CM0000065,H40_G250_RP0000155_CM0000061,0.14972035854260829,0.16234101705572426,CLEAN_REPLAY_RUN_A
KY2017_MATCH_0014,H40_G250_RP0000158_CM0000053,H40_G250_RP0000150_CM0000052,H40_G250_RP0000157_CM0000052,H40_G250_RP0000157_CM0000052,H40_G250_RP0000150_CM0000052,0.12660691002377067,0.18891634537301966,CLEAN_REPLAY_RUN_A
KY2017_MATCH_0015,H40_G250_RP0000158_CM0000058,H40_G250_RP0000161_CM0000061,H40_G250_RP0000166_CM0000038,H40_G250_RP0000166_CM0000038,H40_G250_RP0000161_CM0000061,0.14898381299596108,0.15441029028325964,CLEAN_REPLAY_RUN_A
KY2017_MATCH_0016,H40_G250_RP0000158_CM0000062,H40_G250_RP0000157_CM0000062,H40_G250_RP0000159_CM0000060,H40_G250_RP0000157_CM0000062,H40_G250_RP0000159_CM0000060,0.1708121162884228,0.17542936579840529,CLEAN_REPLAY_RUN_A
KY2017_MATCH_0017,H40_G250_RP0000159_CM0000023,H40_G250_RP0000159_CM0000021,H40_G250_RP0000159_CM0000022,H40_G250_RP0000159_CM0000022,H40_G250_RP0000159_CM0000021,0.14178273503690669,0.20781414448676844,CLEAN_REPLAY_RUN_A
KY2017_MATCH_0018,H40_G250_RP0000159_CM0000024,H40_G250_RP0000158_CM0000027,H40_G250_RP0000160_CM0000023,H40_G250_RP0000158_CM0000027,H40_G250_RP0000160_CM0000023,0.27934457107460509,0.30763758298435917,CLEAN_REPLAY_RUN_A
KY2017_MATCH_0019,H40_G250_RP0000159_CM0000050,H40_G250_RP0000159_CM0000049,H40_G250_RP0000160_CM0000051,H40_G250_RP0000160_CM0000051,H40_G250_RP0000159_CM0000049,0.10991515231030487,0.13249088901838818,CLEAN_REPLAY_RUN_A
KY2017_MATCH_0020,H40_G250_RP0000159_CM0000053,H40_G250_RP0000154_CM0000052,H40_G250_RP0000159_CM0000052,H40_G250_RP0000159_CM0000052,H40_G250_RP0000154_CM0000052,0.13656785011558289,0.16201049360759459,CLEAN_REPLAY_RUN_A
KY2017_MATCH_0021,H40_G250_RP0000160_CM0000030,H40_G250_RP0000158_CM0000030,H40_G250_RP0000159_CM0000031,H40_G250_RP0000158_CM0000030,H40_G250_RP0000159_CM0000031,0.1908376044289867,0.24546079214975691,CLEAN_REPLAY_RUN_A
KY2017_MATCH_0022,H40_G250_RP0000160_CM0000054,H40_G250_RP0000158_CM0000051,H40_G250_RP0000161_CM0000051,H40_G250_RP0000161_CM0000051,H40_G250_RP0000158_CM0000051,0.13411640416544704,0.15621741169034487,CLEAN_REPLAY_RUN_A
KY2017_MATCH_0023,H40_G250_RP0000161_CM0000018,H40_G250_RP0000163_CM0000021,H40_G250_RP0000164_CM0000016,H40_G250_RP0000164_CM0000016,H40_G250_RP0000163_CM0000021,0.12977957644290425,0.14750656596465775,CLEAN_REPLAY_RUN_A
KY2017_MATCH_0024,H40_G250_RP0000161_CM0000022,H40_G250_RP0000158_CM0000013,H40_G250_RP0000161_CM0000021,H40_G250_RP0000161_CM0000021,H40_G250_RP0000158_CM0000013,0.1048732992461255,0.14564403574704166,CLEAN_REPLAY_RUN_A
KY2017_MATCH_0025,H40_G250_RP0000161_CM0000023,H40_G250_RP0000160_CM0000028,H40_G250_RP0000162_CM0000024,H40_G250_RP0000160_CM0000028,H40_G250_RP0000162_CM0000024,0.17531297597831957,0.18273591028313088,CLEAN_REPLAY_RUN_A
KY2017_MATCH_0026,H40_G250_RP0000161_CM0000028,H40_G250_RP0000160_CM0000032,H40_G250_RP0000165_CM0000027,H40_G250_RP0000165_CM0000027,H40_G250_RP0000160_CM0000032,0.15556275920391865,0.17008271940052636,CLEAN_REPLAY_RUN_A
KY2017_MATCH_0027,H40_G250_RP0000161_CM0000031,H40_G250_RP0000159_CM0000030,H40_G250_RP0000160_CM0000031,H40_G250_RP0000160_CM0000031,H40_G250_RP0000159_CM0000030,0.16786166611561831,0.17023204310700979,CLEAN_REPLAY_RUN_A
KY2017_MATCH_0028,H40_G250_RP0000161_CM0000050,H40_G250_RP0000160_CM0000050,H40_G250_RP0000161_CM0000054,H40_G250_RP0000160_CM0000050,H40_G250_RP0000161_CM0000054,0.10332184312863807,0.14653747556708857,CLEAN_REPLAY_RUN_A
KY2017_MATCH_0029,H40_G250_RP0000162_CM0000022,H40_G250_RP0000155_CM0000032,H40_G250_RP0000156_CM0000037,H40_G250_RP0000156_CM0000037,H40_G250_RP0000155_CM0000032,0.15006323893687484,0.24986610628423458,CLEAN_REPLAY_RUN_A
KY2017_MATCH_0030,H40_G250_RP0000162_CM0000023,H40_G250_RP0000161_CM0000024,H40_G250_RP0000163_CM0000025,H40_G250_RP0000163_CM0000025,H40_G250_RP0000161_CM0000024,0.19894902453497751,0.20418230385653158,CLEAN_REPLAY_RUN_A
KY2017_MATCH_0031,H40_G250_RP0000162_CM0000031,H40_G250_RP0000159_CM0000028,H40_G250_RP0000161_CM0000030,H40_G250_RP0000161_CM0000030,H40_G250_RP0000159_CM0000028,0.16145531380242092,0.17917939678646053,CLEAN_REPLAY_RUN_A
KY2017_MATCH_0032,H40_G250_RP0000162_CM0000048,H40_G250_RP0000158_CM0000048,H40_G250_RP0000162_CM0000050,H40_G250_RP0000158_CM0000048,H40_G250_RP0000162_CM0000050,0.084907443751087663,0.13942777371726323,CLEAN_REPLAY_RUN_A
KY2017_MATCH_0033,H40_G250_RP0000162_CM0000049,H40_G250_RP0000155_CM0000053,H40_G250_RP0000172_CM0000052,H40_G250_RP0000172_CM0000052,H40_G250_RP0000155_CM0000053,0.097411728138445522,0.13910849156968627,CLEAN_REPLAY_RUN_A
KY2017_MATCH_0034,H40_G250_RP0000162_CM0000080,H40_G250_RP0000160_CM0000082,H40_G250_RP0000162_CM0000078,H40_G250_RP0000160_CM0000082,H40_G250_RP0000162_CM0000078,0.10830824826623126,0.16364672284226112,CLEAN_REPLAY_RUN_A
KY2017_MATCH_0035,H40_G250_RP0000162_CM0000088,H40_G250_RP0000159_CM0000084,H40_G250_RP0000162_CM0000090,H40_G250_RP0000162_CM0000090,H40_G250_RP0000159_CM0000084,0.28079079688009817,1.15875850286452,CLEAN_REPLAY_RUN_A
KY2017_MATCH_0036,H40_G250_RP0000163_CM0000019,H40_G250_RP0000167_CM0000022,H40_G250_RP0000168_CM0000023,H40_G250_RP0000168_CM0000023,H40_G250_RP0000167_CM0000022,0.28170187944712249,0.33038039587898527,CLEAN_REPLAY_RUN_A
KY2017_MATCH_0037,H40_G250_RP0000163_CM0000028,H40_G250_RP0000162_CM0000025,H40_G250_RP0000164_CM0000028,H40_G250_RP0000164_CM0000028,H40_G250_RP0000162_CM0000025,0.14960564733654946,0.20929190469790529,CLEAN_REPLAY_RUN_A
KY2017_MATCH_0038,H40_G250_RP0000163_CM0000045,H40_G250_RP0000147_CM0000040,H40_G250_RP0000165_CM0000046,H40_G250_RP0000147_CM0000040,H40_G250_RP0000165_CM0000046,0.14403097724304154,0.15736113076585515,CLEAN_REPLAY_RUN_A
KY2017_MATCH_0039,H40_G250_RP0000163_CM0000046,H40_G250_RP0000163_CM0000039,H40_G250_RP0000172_CM0000045,H40_G250_RP0000172_CM0000045,H40_G250_RP0000163_CM0000039,0.12023156664443094,0.14467394351028287,CLEAN_REPLAY_RUN_A
KY2017_MATCH_0040,H40_G250_RP0000163_CM0000048,H40_G250_RP0000152_CM0000054,H40_G250_RP0000161_CM0000049,H40_G250_RP0000161_CM0000049,H40_G250_RP0000152_CM0000054,0.13282604977567086,0.16526452709812717,CLEAN_REPLAY_RUN_A
KY2017_MATCH_0041,H40_G250_RP0000163_CM0000052,H40_G250_RP0000162_CM0000051,H40_G250_RP0000162_CM0000052,H40_G250_RP0000162_CM0000051,H40_G250_RP0000162_CM0000052,0.15059740426837534,0.16759176993964492,CLEAN_REPLAY_RUN_A
KY2017_MATCH_0042,H40_G250_RP0000163_CM0000058,H40_G250_RP0000186_CM0000099,H40_G250_RP0000187_CM0000101,H40_G250_RP0000186_CM0000099,H40_G250_RP0000187_CM0000101,0.32967247750221818,0.37319515011582705,CLEAN_REPLAY_RUN_A
KY2017_MATCH_0043,H40_G250_RP0000163_CM0000059,H40_G250_RP0000162_CM0000060,H40_G250_RP0000190_CM0000057,H40_G250_RP0000190_CM0000057,H40_G250_RP0000162_CM0000060,0.26714676257837039,0.27229283119243675,CLEAN_REPLAY_RUN_A
KY2017_MATCH_0044,H40_G250_RP0000163_CM0000076,H40_G250_RP0000187_CM0000117,H40_G250_RP0000196_CM0000134,H40_G250_RP0000187_CM0000117,H40_G250_RP0000196_CM0000134,0.31599848889653626,0.34082863531025559,CLEAN_REPLAY_RUN_A
KY2017_MATCH_0045,H40_G250_RP0000163_CM0000077,H40_G250_RP0000191_CM0000123,H40_G250_RP0000199_CM0000134,H40_G250_RP0000191_CM0000123,H40_G250_RP0000199_CM0000134,0.28632056297253616,0.33839486519827894,CLEAN_REPLAY_RUN_A
KY2017_MATCH_0046,H40_G250_RP0000163_CM0000080,H40_G250_RP0000165_CM0000084,H40_G250_RP0000205_CM0000114,H40_G250_RP0000205_CM0000114,H40_G250_RP0000165_CM0000084,0.21977391608009453,0.24327271341796255,CLEAN_REPLAY_RUN_A
KY2017_MATCH_0047,H40_G250_RP0000163_CM0000086,H40_G250_RP0000164_CM0000084,H40_G250_RP0000164_CM0000085,H40_G250_RP0000164_CM0000084,H40_G250_RP0000164_CM0000085,0.18305158267182992,0.21602628349461833,CLEAN_REPLAY_RUN_A
KY2017_MATCH_0048,H40_G250_RP0000164_CM0000019,H40_G250_RP0000137_CM0000009,H40_G250_RP0000165_CM0000020,H40_G250_RP0000165_CM0000020,H40_G250_RP0000137_CM0000009,0.27813735110276661,0.29301659975253269,CLEAN_REPLAY_RUN_A
KY2017_MATCH_0049,H40_G250_RP0000164_CM0000033,H40_G250_RP0000161_CM0000037,H40_G250_RP0000163_CM0000032,H40_G250_RP0000161_CM0000037,H40_G250_RP0000163_CM0000032,0.10766384916731124,0.1290001564009606,CLEAN_REPLAY_RUN_A
KY2017_MATCH_0050,H40_G250_RP0000164_CM0000034,H40_G250_RP0000157_CM0000036,H40_G250_RP0000164_CM0000036,H40_G250_RP0000164_CM0000036,H40_G250_RP0000157_CM0000036,0.089586310903447527,0.098452409257777859,CLEAN_REPLAY_RUN_A
KY2017_MATCH_0051,H40_G250_RP0000164_CM0000042,H40_G250_RP0000158_CM0000018,H40_G250_RP0000167_CM0000045,H40_G250_RP0000158_CM0000018,H40_G250_RP0000167_CM0000045,0.36134487933457349,0.37525086921411016,CLEAN_REPLAY_RUN_A
KY2017_MATCH_0052,H40_G250_RP0000164_CM0000048,H40_G250_RP0000152_CM0000050,H40_G250_RP0000163_CM0000047,H40_G250_RP0000163_CM0000047,H40_G250_RP0000152_CM0000050,0.1087716605395108,0.12466342656535648,CLEAN_REPLAY_RUN_A
KY2017_MATCH_0053,H40_G250_RP0000164_CM0000051,H40_G250_RP0000163_CM0000051,H40_G250_RP0000170_CM0000050,H40_G250_RP0000170_CM0000050,H40_G250_RP0000163_CM0000051,0.19442680204149176,0.19930194841232826,CLEAN_REPLAY_RUN_A
KY2017_MATCH_0054,H40_G250_RP0000164_CM0000053,H40_G250_RP0000161_CM0000055,H40_G250_RP0000162_CM0000053,H40_G250_RP0000162_CM0000053,H40_G250_RP0000161_CM0000055,0.096825776488484977,0.11392076242770172,CLEAN_REPLAY_RUN_A
KY2017_MATCH_0055,H40_G250_RP0000164_CM0000054,H40_G250_RP0000136_CM0000053,H40_G250_RP0000164_CM0000052,H40_G250_RP0000164_CM0000052,H40_G250_RP0000136_CM0000053,0.11064871018720245,0.15304007267458405,CLEAN_REPLAY_RUN_A
KY2017_MATCH_0056,H40_G250_RP0000164_CM0000068,H40_G250_RP0000146_CM0000066,H40_G250_RP0000165_CM0000065,H40_G250_RP0000165_CM0000065,H40_G250_RP0000146_CM0000066,0.18191109929465499,0.22608711382731467,CLEAN_REPLAY_RUN_A
KY2017_MATCH_0057,H40_G250_RP0000164_CM0000069,H40_G250_RP0000136_CM0000039,H40_G250_RP0000141_CM0000040,H40_G250_RP0000141_CM0000040,H40_G250_RP0000136_CM0000039,0.1361664736614385,0.15020148231943536,CLEAN_REPLAY_RUN_A
KY2017_MATCH_0058,H40_G250_RP0000164_CM0000075,H40_G250_RP0000163_CM0000075,H40_G250_RP0000188_CM0000112,H40_G250_RP0000163_CM0000075,H40_G250_RP0000188_CM0000112,0.21406854990626822,0.32547739253117047,CLEAN_REPLAY_RUN_A
KY2017_MATCH_0059,H40_G250_RP0000164_CM0000076,H40_G250_RP0000172_CM0000093,H40_G250_RP0000186_CM0000148,H40_G250_RP0000172_CM0000093,H40_G250_RP0000186_CM0000148,0.18270340708635996,0.35638721758434394,CLEAN_REPLAY_RUN_A
KY2017_MATCH_0060,H40_G250_RP0000164_CM0000077,H40_G250_RP0000188_CM0000116,H40_G250_RP0000188_CM0000118,H40_G250_RP0000188_CM0000116,H40_G250_RP0000188_CM0000118,0.25869157826917311,0.2950236627549877,CLEAN_REPLAY_RUN_A
KY2017_MATCH_0061,H40_G250_RP0000164_CM0000078,H40_G250_RP0000160_CM0000080,H40_G250_RP0000162_CM0000079,H40_G250_RP0000160_CM0000080,H40_G250_RP0000162_CM0000079,0.20317942123413016,0.28995711953385012,CLEAN_REPLAY_RUN_A
KY2017_MATCH_0062,H40_G250_RP0000164_CM0000079,H40_G250_RP0000163_CM0000078,H40_G250_RP0000197_CM0000132,H40_G250_RP0000163_CM0000078,H40_G250_RP0000197_CM0000132,0.12164282872728947,0.23121395655906074,CLEAN_REPLAY_RUN_A
KY2017_MATCH_0063,H40_G250_RP0000164_CM0000080,H40_G250_RP0000165_CM0000082,H40_G250_RP0000165_CM0000083,H40_G250_RP0000165_CM0000083,H40_G250_RP0000165_CM0000082,0.1882101532458843,0.20431698501994602,CLEAN_REPLAY_RUN_A
KY2017_MATCH_0064,H40_G250_RP0000164_CM0000086,H40_G250_RP0000162_CM0000081,H40_G250_RP0000162_CM0000082,H40_G250_RP0000162_CM0000081,H40_G250_RP0000162_CM0000082,0.1583208422663194,0.2192085508993423,CLEAN_REPLAY_RUN_A
KY2017_MATCH_0065,H40_G250_RP0000164_CM0000089,H40_G250_RP0000191_CM0000113,H40_G250_RP0000197_CM0000131,H40_G250_RP0000191_CM0000113,H40_G250_RP0000197_CM0000131,0.26390986502474656,0.3010906274412698,CLEAN_REPLAY_RUN_A
KY2017_MATCH_0066,H40_G250_RP0000164_CM0000090,H40_G250_RP0000163_CM0000091,H40_G250_RP0000188_CM0000113,H40_G250_RP0000163_CM0000091,H40_G250_RP0000188_CM0000113,0.19182966395179027,0.30255033386233138,CLEAN_REPLAY_RUN_A
KY2017_MATCH_0067,H40_G250_RP0000165_CM0000034,H40_G250_RP0000164_CM0000035,H40_G250_RP0000166_CM0000034,H40_G250_RP0000164_CM0000035,H40_G250_RP0000166_CM0000034,0.15954573759527876,0.1688442135896977,CLEAN_REPLAY_RUN_A
KY2017_MATCH_0068,H40_G250_RP0000165_CM0000035,H40_G250_RP0000165_CM0000036,H40_G250_RP0000167_CM0000033,H40_G250_RP0000167_CM0000033,H40_G250_RP0000165_CM0000036,0.12467721332429878,0.14370709540640961,CLEAN_REPLAY_RUN_A
KY2017_MATCH_0069,H40_G250_RP0000165_CM0000039,H40_G250_RP0000159_CM0000047,H40_G250_RP0000165_CM0000038,H40_G250_RP0000159_CM0000047,H40_G250_RP0000165_CM0000038,0.11897352604329407,0.15625423690396928,CLEAN_REPLAY_RUN_A
KY2017_MATCH_0070,H40_G250_RP0000165_CM0000042,H40_G250_RP0000134_CM0000041,H40_G250_RP0000163_CM0000017,H40_G250_RP0000163_CM0000017,H40_G250_RP0000134_CM0000041,0.27852525356584357,0.28901601611055333,CLEAN_REPLAY_RUN_A
KY2017_MATCH_0071,H40_G250_RP0000165_CM0000048,H40_G250_RP0000136_CM0000062,H40_G250_RP0000164_CM0000045,H40_G250_RP0000136_CM0000062,H40_G250_RP0000164_CM0000045,0.13407195612148201,0.14093551691592218,CLEAN_REPLAY_RUN_A
KY2017_MATCH_0072,H40_G250_RP0000165_CM0000051,H40_G250_RP0000161_CM0000052,H40_G250_RP0000163_CM0000050,H40_G250_RP0000163_CM0000050,H40_G250_RP0000161_CM0000052,0.15013460158795133,0.16667887884678084,CLEAN_REPLAY_RUN_A
KY2017_MATCH_0073,H40_G250_RP0000165_CM0000052,H40_G250_RP0000161_CM0000057,H40_G250_RP0000165_CM0000053,H40_G250_RP0000165_CM0000053,H40_G250_RP0000161_CM0000057,0.084300657567155435,0.13699517306993333,CLEAN_REPLAY_RUN_A
KY2017_MATCH_0074,H40_G250_RP0000165_CM0000054,H40_G250_RP0000161_CM0000058,H40_G250_RP0000164_CM0000055,H40_G250_RP0000161_CM0000058,H40_G250_RP0000164_CM0000055,0.16166884888794178,0.182851805434432,CLEAN_REPLAY_RUN_A
KY2017_MATCH_0075,H40_G250_RP0000165_CM0000055,H40_G250_RP0000137_CM0000062,H40_G250_RP0000140_CM0000055,H40_G250_RP0000137_CM0000062,H40_G250_RP0000140_CM0000055,0.13819293757242432,0.17349872988844645,CLEAN_REPLAY_RUN_A
KY2017_MATCH_0076,H40_G250_RP0000165_CM0000057,H40_G250_RP0000164_CM0000059,H40_G250_RP0000190_CM0000082,H40_G250_RP0000164_CM0000059,H40_G250_RP0000190_CM0000082,0.091290316652132122,0.15261560357331935,CLEAN_REPLAY_RUN_A
KY2017_MATCH_0077,H40_G250_RP0000165_CM0000068,H40_G250_RP0000146_CM0000063,H40_G250_RP0000154_CM0000060,H40_G250_RP0000146_CM0000063,H40_G250_RP0000154_CM0000060,0.23690732821346394,0.2416612720931679,CLEAN_REPLAY_RUN_A
KY2017_MATCH_0078,H40_G250_RP0000165_CM0000069,H40_G250_RP0000135_CM0000052,H40_G250_RP0000154_CM0000038,H40_G250_RP0000154_CM0000038,H40_G250_RP0000135_CM0000052,0.15556087786062453,0.16935179546598594,CLEAN_REPLAY_RUN_A
KY2017_MATCH_0079,H40_G250_RP0000165_CM0000071,H40_G250_RP0000141_CM0000048,H40_G250_RP0000160_CM0000062,H40_G250_RP0000160_CM0000062,H40_G250_RP0000141_CM0000048,0.1453729781861178,0.15514544886382831,CLEAN_REPLAY_RUN_A
KY2017_MATCH_0080,H40_G250_RP0000165_CM0000074,H40_G250_RP0000154_CM0000062,H40_G250_RP0000156_CM0000063,H40_G250_RP0000156_CM0000063,H40_G250_RP0000154_CM0000062,0.29123695004124434,0.32156906576153088,CLEAN_REPLAY_RUN_A
KY2017_MATCH_0081,H40_G250_RP0000165_CM0000075,H40_G250_RP0000189_CM0000112,H40_G250_RP0000201_CM0000112,H40_G250_RP0000189_CM0000112,H40_G250_RP0000201_CM0000112,0.35181444171049386,0.43193138962576738,CLEAN_REPLAY_RUN_A
KY2017_MATCH_0082,H40_G250_RP0000165_CM0000076,H40_G250_RP0000188_CM0000117,H40_G250_RP0000196_CM0000132,H40_G250_RP0000188_CM0000117,H40_G250_RP0000196_CM0000132,0.25881895512422437,0.37211390444783632,CLEAN_REPLAY_RUN_A
KY2017_MATCH_0083,H40_G250_RP0000165_CM0000077,H40_G250_RP0000188_CM0000119,H40_G250_RP0000203_CM0000129,H40_G250_RP0000188_CM0000119,H40_G250_RP0000203_CM0000129,0.31833508354618822,0.35691684264919399,CLEAN_REPLAY_RUN_A
KY2017_MATCH_0084,H40_G250_RP0000165_CM0000079,H40_G250_RP0000139_CM0000095,H40_G250_RP0000141_CM0000095,H40_G250_RP0000141_CM0000095,H40_G250_RP0000139_CM0000095,0.14401728749561127,0.1882149628534569,CLEAN_REPLAY_RUN_A
KY2017_MATCH_0085,H40_G250_RP0000165_CM0000080,H40_G250_RP0000142_CM0000076,H40_G250_RP0000143_CM0000079,H40_G250_RP0000142_CM0000076,H40_G250_RP0000143_CM0000079,0.18650754498960953,0.20879038588975096,CLEAN_REPLAY_RUN_A
KY2017_MATCH_0086,H40_G250_RP0000165_CM0000086,H40_G250_RP0000144_CM0000096,H40_G250_RP0000145_CM0000096,H40_G250_RP0000144_CM0000096,H40_G250_RP0000145_CM0000096,0.16149740870786677,0.1805529603377804,CLEAN_REPLAY_RUN_A
KY2017_MATCH_0087,H40_G250_RP0000165_CM0000088,H40_G250_RP0000160_CM0000081,H40_G250_RP0000161_CM0000080,H40_G250_RP0000161_CM0000080,H40_G250_RP0000160_CM0000081,0.16703212762391478,0.17887628225347069,CLEAN_REPLAY_RUN_A
KY2017_MATCH_0088,H40_G250_RP0000165_CM0000089,H40_G250_RP0000188_CM0000148,H40_G250_RP0000190_CM0000115,H40_G250_RP0000188_CM0000148,H40_G250_RP0000190_CM0000115,0.32823327072423703,0.38199382273068261,CLEAN_REPLAY_RUN_A
KY2017_MATCH_0089,H40_G250_RP0000165_CM0000090,H40_G250_RP0000161_CM0000081,H40_G250_RP0000197_CM0000136,H40_G250_RP0000161_CM0000081,H40_G250_RP0000197_CM0000136,0.3011266372015346,0.30678755179790218,CLEAN_REPLAY_RUN_A
KY2017_MATCH_0090,H40_G250_RP0000165_CM0000091,H40_G250_RP0000185_CM0000113,H40_G250_RP0000200_CM0000136,H40_G250_RP0000185_CM0000113,H40_G250_RP0000200_CM0000136,0.30270020273136278,0.32753458136348196,CLEAN_REPLAY_RUN_A
KY2017_MATCH_0091,H40_G250_RP0000165_CM0000092,H40_G250_RP0000146_CM0000099,H40_G250_RP0000175_CM0000102,H40_G250_RP0000146_CM0000099,H40_G250_RP0000175_CM0000102,0.19844170499232272,0.20746238305826672,CLEAN_REPLAY_RUN_A
KY2017_MATCH_0092,H40_G250_RP0000166_CM0000022,H40_G250_RP0000219_CM0000049,H40_G250_RP0000221_CM0000050,H40_G250_RP0000219_CM0000049,H40_G250_RP0000221_CM0000050,0.29906729519485531,0.32783572179022996,CLEAN_REPLAY_RUN_A
KY2017_MATCH_0093,H40_G250_RP0000166_CM0000030,H40_G250_RP0000162_CM0000032,H40_G250_RP0000167_CM0000029,H40_G250_RP0000167_CM0000029,H40_G250_RP0000162_CM0000032,0.12695847481169348,0.20552740676527276,CLEAN_REPLAY_RUN_A
KY2017_MATCH_0094,H40_G250_RP0000166_CM0000031,H40_G250_RP0000164_CM0000022,H40_G250_RP0000169_CM0000030,H40_G250_RP0000169_CM0000030,H40_G250_RP0000164_CM0000022,0.18300187583987654,0.19047358067349057,CLEAN_REPLAY_RUN_A
KY2017_MATCH_0095,H40_G250_RP0000166_CM0000040,H40_G250_RP0000136_CM0000041,H40_G250_RP0000136_CM0000054,H40_G250_RP0000136_CM0000041,H40_G250_RP0000136_CM0000054,0.232198395955731,0.24409234534220009,CLEAN_REPLAY_RUN_A
KY2017_MATCH_0096,H40_G250_RP0000166_CM0000047,H40_G250_RP0000161_CM0000062,H40_G250_RP0000174_CM0000046,H40_G250_RP0000161_CM0000062,H40_G250_RP0000174_CM0000046,0.21696011461835382,0.21919928794295931,CLEAN_REPLAY_RUN_A
KY2017_MATCH_0097,H40_G250_RP0000166_CM0000048,H40_G250_RP0000142_CM0000065,H40_G250_RP0000152_CM0000038,H40_G250_RP0000152_CM0000038,H40_G250_RP0000142_CM0000065,0.18683815321156907,0.21092343476568626,CLEAN_REPLAY_RUN_A
KY2017_MATCH_0098,H40_G250_RP0000166_CM0000051,H40_G250_RP0000166_CM0000050,H40_G250_RP0000170_CM0000044,H40_G250_RP0000166_CM0000050,H40_G250_RP0000170_CM0000044,0.075971377322612346,0.13523690034366936,CLEAN_REPLAY_RUN_A
KY2017_MATCH_0099,H40_G250_RP0000166_CM0000052,H40_G250_RP0000162_CM0000054,H40_G250_RP0000238_CM0000062,H40_G250_RP0000162_CM0000054,H40_G250_RP0000238_CM0000062,0.15855686746491748,0.22246115953836021,CLEAN_REPLAY_RUN_A
KY2017_MATCH_0100,H40_G250_RP0000166_CM0000053,H40_G250_RP0000166_CM0000054,H40_G250_RP0000173_CM0000044,H40_G250_RP0000173_CM0000044,H40_G250_RP0000166_CM0000054,0.10726655577716626,0.13969884645829095,CLEAN_REPLAY_RUN_A
KY2017_MATCH_0101,H40_G250_RP0000166_CM0000055,H40_G250_RP0000189_CM0000095,H40_G250_RP0000200_CM0000093,H40_G250_RP0000200_CM0000093,H40_G250_RP0000189_CM0000095,0.20793632985802984,0.21040637599372397,CLEAN_REPLAY_RUN_A
KY2017_MATCH_0102,H40_G250_RP0000166_CM0000057,H40_G250_RP0000165_CM0000059,H40_G250_RP0000182_CM0000089,H40_G250_RP0000165_CM0000059,H40_G250_RP0000182_CM0000089,0.11345336950554324,0.16427684891126246,CLEAN_REPLAY_RUN_A
KY2017_MATCH_0103,H40_G250_RP0000166_CM0000064,H40_G250_RP0000139_CM0000045,H40_G250_RP0000164_CM0000044,H40_G250_RP0000139_CM0000045,H40_G250_RP0000164_CM0000044,0.16113393330060233,0.18539937553826202,CLEAN_REPLAY_RUN_A
KY2017_MATCH_0104,H40_G250_RP0000166_CM0000065,H40_G250_RP0000151_CM0000049,H40_G250_RP0000161_CM0000041,H40_G250_RP0000151_CM0000049,H40_G250_RP0000161_CM0000041,0.15745249141334156,0.165527198112951,CLEAN_REPLAY_RUN_A
KY2017_MATCH_0105,H40_G250_RP0000166_CM0000066,H40_G250_RP0000137_CM0000038,H40_G250_RP0000158_CM0000064,H40_G250_RP0000137_CM0000038,H40_G250_RP0000158_CM0000064,0.16055663516823926,0.1740763474491327,CLEAN_REPLAY_RUN_A
KY2017_MATCH_0106,H40_G250_RP0000166_CM0000067,H40_G250_RP0000135_CM0000062,H40_G250_RP0000165_CM0000066,H40_G250_RP0000165_CM0000066,H40_G250_RP0000135_CM0000062,0.2111503739127574,0.29268106071514349,CLEAN_REPLAY_RUN_A
KY2017_MATCH_0107,H40_G250_RP0000166_CM0000068,H40_G250_RP0000139_CM0000060,H40_G250_RP0000153_CM0000058,H40_G250_RP0000153_CM0000058,H40_G250_RP0000139_CM0000060,0.27380541549258941,0.30509437042575066,CLEAN_REPLAY_RUN_A
KY2017_MATCH_0108,H40_G250_RP0000166_CM0000069,H40_G250_RP0000140_CM0000053,H40_G250_RP0000154_CM0000058,H40_G250_RP0000154_CM0000058,H40_G250_RP0000140_CM0000053,0.16916705988230346,0.20183035122589438,CLEAN_REPLAY_RUN_A
KY2017_MATCH_0109,H40_G250_RP0000166_CM0000070,H40_G250_RP0000152_CM0000049,H40_G250_RP0000165_CM0000070,H40_G250_RP0000165_CM0000070,H40_G250_RP0000152_CM0000049,0.13903850923499761,0.16290656067623133,CLEAN_REPLAY_RUN_A
KY2017_MATCH_0110,H40_G250_RP0000166_CM0000074,H40_G250_RP0000190_CM0000096,H40_G250_RP0000190_CM0000109,H40_G250_RP0000190_CM0000109,H40_G250_RP0000190_CM0000096,0.29155196496202646,0.30282779283529843,CLEAN_REPLAY_RUN_A
KY2017_MATCH_0111,H40_G250_RP0000166_CM0000075,H40_G250_RP0000192_CM0000112,H40_G250_RP0000193_CM0000112,H40_G250_RP0000192_CM0000112,H40_G250_RP0000193_CM0000112,0.44664182254140095,0.48320319675552231,CLEAN_REPLAY_RUN_A
KY2017_MATCH_0112,H40_G250_RP0000166_CM0000077,H40_G250_RP0000198_CM0000120,H40_G250_RP0000203_CM0000126,H40_G250_RP0000203_CM0000126,H40_G250_RP0000198_CM0000120,0.23381976834295712,0.29971787192333471,CLEAN_REPLAY_RUN_A
KY2017_MATCH_0113,H40_G250_RP0000166_CM0000078,H40_G250_RP0000190_CM0000119,H40_G250_RP0000201_CM0000127,H40_G250_RP0000190_CM0000119,H40_G250_RP0000201_CM0000127,0.15583245341709248,0.27284751139649421,CLEAN_REPLAY_RUN_A
KY2017_MATCH_0114,H40_G250_RP0000166_CM0000079,H40_G250_RP0000142_CM0000102,H40_G250_RP0000143_CM0000081,H40_G250_RP0000142_CM0000102,H40_G250_RP0000143_CM0000081,0.22212049574819742,0.24751229184446705,CLEAN_REPLAY_RUN_A
KY2017_MATCH_0115,H40_G250_RP0000166_CM0000080,H40_G250_RP0000166_CM0000081,H40_G250_RP0000205_CM0000123,H40_G250_RP0000166_CM0000081,H40_G250_RP0000205_CM0000123,0.24506083201442536,0.27631230292642889,CLEAN_REPLAY_RUN_A
KY2017_MATCH_0116,H40_G250_RP0000166_CM0000082,H40_G250_RP0000166_CM0000083,H40_G250_RP0000167_CM0000082,H40_G250_RP0000166_CM0000083,H40_G250_RP0000167_CM0000082,0.10155617220051581,0.13525186711287962,CLEAN_REPLAY_RUN_A
KY2017_MATCH_0117,H40_G250_RP0000166_CM0000085,H40_G250_RP0000144_CM0000105,H40_G250_RP0000144_CM0000106,H40_G250_RP0000144_CM0000106,H40_G250_RP0000144_CM0000105,0.26891174767713949,0.31549993812658272,CLEAN_REPLAY_RUN_A
KY2017_MATCH_0118,H40_G250_RP0000166_CM0000086,H40_G250_RP0000144_CM0000094,H40_G250_RP0000165_CM0000087,H40_G250_RP0000165_CM0000087,H40_G250_RP0000144_CM0000094,0.13924861373013869,0.17807739714536999,CLEAN_REPLAY_RUN_A
KY2017_MATCH_0119,H40_G250_RP0000166_CM0000087,H40_G250_RP0000161_CM0000079,H40_G250_RP0000194_CM0000123,H40_G250_RP0000161_CM0000079,H40_G250_RP0000194_CM0000123,0.21519885304465541,0.24775351509395019,CLEAN_REPLAY_RUN_A
KY2017_MATCH_0120,H40_G250_RP0000166_CM0000088,H40_G250_RP0000189_CM0000117,H40_G250_RP0000199_CM0000132,H40_G250_RP0000189_CM0000117,H40_G250_RP0000199_CM0000132,0.21190202388669299,0.21777673198532549,CLEAN_REPLAY_RUN_A
KY2017_MATCH_0121,H40_G250_RP0000166_CM0000089,H40_G250_RP0000144_CM0000091,H40_G250_RP0000198_CM0000130,H40_G250_RP0000144_CM0000091,H40_G250_RP0000198_CM0000130,0.18796022456379913,0.20389807122638223,CLEAN_REPLAY_RUN_A
KY2017_MATCH_0122,H40_G250_RP0000166_CM0000090,H40_G250_RP0000187_CM0000148,H40_G250_RP0000201_CM0000141,H40_G250_RP0000201_CM0000141,H40_G250_RP0000187_CM0000148,0.34733464439616157,0.37741816206998058,CLEAN_REPLAY_RUN_A
KY2017_MATCH_0123,H40_G250_RP0000166_CM0000091,H40_G250_RP0000163_CM0000089,H40_G250_RP0000192_CM0000145,H40_G250_RP0000163_CM0000089,H40_G250_RP0000192_CM0000145,0.2313134031193238,0.3817332358511254,CLEAN_REPLAY_RUN_A
KY2017_MATCH_0124,H40_G250_RP0000167_CM0000030,H40_G250_RP0000166_CM0000029,H40_G250_RP0000167_CM0000031,H40_G250_RP0000166_CM0000029,H40_G250_RP0000167_CM0000031,0.090537495485954939,0.12464380887495802,CLEAN_REPLAY_RUN_A
KY2017_MATCH_0125,H40_G250_RP0000167_CM0000036,H40_G250_RP0000166_CM0000037,H40_G250_RP0000167_CM0000037,H40_G250_RP0000166_CM0000037,H40_G250_RP0000167_CM0000037,0.089700950795602821,0.093053397994146678,CLEAN_REPLAY_RUN_A
KY2017_MATCH_0126,H40_G250_RP0000167_CM0000038,H40_G250_RP0000137_CM0000056,H40_G250_RP0000162_CM0000038,H40_G250_RP0000162_CM0000038,H40_G250_RP0000137_CM0000056,0.1230977953010591,0.14250588690610322,CLEAN_REPLAY_RUN_A
KY2017_MATCH_0127,H40_G250_RP0000167_CM0000043,H40_G250_RP0000149_CM0000050,H40_G250_RP0000166_CM0000042,H40_G250_RP0000166_CM0000042,H40_G250_RP0000149_CM0000050,0.089356051062934733,0.12485312228727161,CLEAN_REPLAY_RUN_A
KY2017_MATCH_0128,H40_G250_RP0000167_CM0000047,H40_G250_RP0000141_CM0000063,H40_G250_RP0000162_CM0000045,H40_G250_RP0000162_CM0000045,H40_G250_RP0000141_CM0000063,0.22341755033052907,0.22678146246800654,CLEAN_REPLAY_RUN_A
KY2017_MATCH_0129,H40_G250_RP0000167_CM0000048,H40_G250_RP0000142_CM0000064,H40_G250_RP0000160_CM0000047,H40_G250_RP0000160_CM0000047,H40_G250_RP0000142_CM0000064,0.10802677632580818,0.17013387906546568,CLEAN_REPLAY_RUN_A
KY2017_MATCH_0130,H40_G250_RP0000167_CM0000049,H40_G250_RP0000160_CM0000048,H40_G250_RP0000165_CM0000049,H40_G250_RP0000165_CM0000049,H40_G250_RP0000160_CM0000048,0.10840295195601778,0.16183253677329829,CLEAN_REPLAY_RUN_A
KY2017_MATCH_0131,H40_G250_RP0000167_CM0000050,H40_G250_RP0000160_CM0000049,H40_G250_RP0000162_CM0000039,H40_G250_RP0000160_CM0000049,H40_G250_RP0000162_CM0000039,0.12961115510546073,0.19762494007132114,CLEAN_REPLAY_RUN_A
KY2017_MATCH_0132,H40_G250_RP0000167_CM0000051,H40_G250_RP0000146_CM0000044,H40_G250_RP0000228_CM0000049,H40_G250_RP0000146_CM0000044,H40_G250_RP0000228_CM0000049,0.18045004303041368,0.21857406989182293,CLEAN_REPLAY_RUN_A
KY2017_MATCH_0133,H40_G250_RP0000167_CM0000052,H40_G250_RP0000167_CM0000054,H40_G250_RP0000236_CM0000052,H40_G250_RP0000167_CM0000054,H40_G250_RP0000236_CM0000052,0.19612893147111193,0.37608738398882324,CLEAN_REPLAY_RUN_A
KY2017_MATCH_0134,H40_G250_RP0000167_CM0000053,H40_G250_RP0000166_CM0000059,H40_G250_RP0000171_CM0000039,H40_G250_RP0000166_CM0000059,H40_G250_RP0000171_CM0000039,0.14394771763906633,0.15017953382750715,CLEAN_REPLAY_RUN_A
KY2017_MATCH_0135,H40_G250_RP0000167_CM0000055,H40_G250_RP0000165_CM0000056,H40_G250_RP0000189_CM0000082,H40_G250_RP0000165_CM0000056,H40_G250_RP0000189_CM0000082,0.17244949394115713,0.22965329298126708,CLEAN_REPLAY_RUN_A
KY2017_MATCH_0136,H40_G250_RP0000167_CM0000056,H40_G250_RP0000162_CM0000059,H40_G250_RP0000166_CM0000056,H40_G250_RP0000162_CM0000059,H40_G250_RP0000166_CM0000056,0.14985775278798694,0.15128394373216289,CLEAN_REPLAY_RUN_A
KY2017_MATCH_0137,H40_G250_RP0000167_CM0000057,H40_G250_RP0000191_CM0000082,H40_G250_RP0000196_CM0000105,H40_G250_RP0000191_CM0000082,H40_G250_RP0000196_CM0000105,0.14232581003898237,0.16547364432849737,CLEAN_REPLAY_RUN_A
KY2017_MATCH_0138,H40_G250_RP0000167_CM0000058,H40_G250_RP0000168_CM0000058,H40_G250_RP0000188_CM0000082,H40_G250_RP0000188_CM0000082,H40_G250_RP0000168_CM0000058,0.12676214748187792,0.18390034695809099,CLEAN_REPLAY_RUN_A
KY2017_MATCH_0139,H40_G250_RP0000167_CM0000060,H40_G250_RP0000157_CM0000047,H40_G250_RP0000162_CM0000041,H40_G250_RP0000162_CM0000041,H40_G250_RP0000157_CM0000047,0.11629327127268654,0.12909171754315962,CLEAN_REPLAY_RUN_A
KY2017_MATCH_0140,H40_G250_RP0000167_CM0000061,H40_G250_RP0000146_CM0000068,H40_G250_RP0000152_CM0000046,H40_G250_RP0000146_CM0000068,H40_G250_RP0000152_CM0000046,0.18875381104483241,0.21626205113556454,CLEAN_REPLAY_RUN_A
KY2017_MATCH_0141,H40_G250_RP0000167_CM0000063,H40_G250_RP0000151_CM0000060,H40_G250_RP0000164_CM0000065,H40_G250_RP0000164_CM0000065,H40_G250_RP0000151_CM0000060,0.18152735306834455,0.21996267153640775,CLEAN_REPLAY_RUN_A
KY2017_MATCH_0142,H40_G250_RP0000167_CM0000064,H40_G250_RP0000152_CM0000045,H40_G250_RP0000168_CM0000044,H40_G250_RP0000152_CM0000045,H40_G250_RP0000168_CM0000044,0.15509741988960182,0.16795059290274128,CLEAN_REPLAY_RUN_A
KY2017_MATCH_0143,H40_G250_RP0000167_CM0000065,H40_G250_RP0000153_CM0000044,H40_G250_RP0000158_CM0000047,H40_G250_RP0000158_CM0000047,H40_G250_RP0000153_CM0000044,0.14880669025067716,0.17272707347084176,CLEAN_REPLAY_RUN_A
KY2017_MATCH_0144,H40_G250_RP0000167_CM0000066,H40_G250_RP0000141_CM0000053,H40_G250_RP0000151_CM0000050,H40_G250_RP0000141_CM0000053,H40_G250_RP0000151_CM0000050,0.14406199200949943,0.18097126643810324,CLEAN_REPLAY_RUN_A
KY2017_MATCH_0145,H40_G250_RP0000167_CM0000067,H40_G250_RP0000170_CM0000047,H40_G250_RP0000182_CM0000045,H40_G250_RP0000170_CM0000047,H40_G250_RP0000182_CM0000045,0.1986320919121366,0.19895581267981477,CLEAN_REPLAY_RUN_A
KY2017_MATCH_0146,H40_G250_RP0000167_CM0000068,H40_G250_RP0000138_CM0000059,H40_G250_RP0000152_CM0000037,H40_G250_RP0000138_CM0000059,H40_G250_RP0000152_CM0000037,0.28673227731911105,0.29659333172905611,CLEAN_REPLAY_RUN_A
KY2017_MATCH_0147,H40_G250_RP0000167_CM0000069,H40_G250_RP0000153_CM0000057,H40_G250_RP0000175_CM0000045,H40_G250_RP0000175_CM0000045,H40_G250_RP0000153_CM0000057,0.18754982510876883,0.19255061218886588,CLEAN_REPLAY_RUN_A
KY2017_MATCH_0148,H40_G250_RP0000167_CM0000070,H40_G250_RP0000154_CM0000044,H40_G250_RP0000159_CM0000042,H40_G250_RP0000159_CM0000042,H40_G250_RP0000154_CM0000044,0.14891753942076433,0.17946049696439731,CLEAN_REPLAY_RUN_A
KY2017_MATCH_0149,H40_G250_RP0000167_CM0000073,H40_G250_RP0000191_CM0000098,H40_G250_RP0000191_CM0000099,H40_G250_RP0000191_CM0000099,H40_G250_RP0000191_CM0000098,0.30096618221321109,0.31907006043699732,CLEAN_REPLAY_RUN_A
KY2017_MATCH_0150,H40_G250_RP0000167_CM0000074,H40_G250_RP0000189_CM0000096,H40_G250_RP0000189_CM0000107,H40_G250_RP0000189_CM0000107,H40_G250_RP0000189_CM0000096,0.28173963063015844,0.29128558994492332,CLEAN_REPLAY_RUN_A
KY2017_MATCH_0151,H40_G250_RP0000167_CM0000075,H40_G250_RP0000194_CM0000112,H40_G250_RP0000209_CM0000112,H40_G250_RP0000194_CM0000112,H40_G250_RP0000209_CM0000112,0.22079305040669239,0.54539031732204257,CLEAN_REPLAY_RUN_A
KY2017_MATCH_0152,H40_G250_RP0000167_CM0000076,H40_G250_RP0000136_CM0000104,H40_G250_RP0000166_CM0000076,H40_G250_RP0000166_CM0000076,H40_G250_RP0000136_CM0000104,0.16108657224961262,0.25217223090430596,CLEAN_REPLAY_RUN_A
KY2017_MATCH_0153,H40_G250_RP0000167_CM0000077,H40_G250_RP0000193_CM0000121,H40_G250_RP0000194_CM0000118,H40_G250_RP0000193_CM0000121,H40_G250_RP0000194_CM0000118,0.26384182231908437,0.27400459837778413,CLEAN_REPLAY_RUN_A
KY2017_MATCH_0154,H40_G250_RP0000167_CM0000078,H40_G250_RP0000190_CM0000120,H40_G250_RP0000193_CM0000122,H40_G250_RP0000193_CM0000122,H40_G250_RP0000190_CM0000120,0.18937089269073934,0.19169293402607238,CLEAN_REPLAY_RUN_A
KY2017_MATCH_0155,H40_G250_RP0000167_CM0000079,H40_G250_RP0000143_CM0000112,H40_G250_RP0000206_CM0000122,H40_G250_RP0000206_CM0000122,H40_G250_RP0000143_CM0000112,0.22972001377003232,0.24058410091694024,CLEAN_REPLAY_RUN_A
KY2017_MATCH_0156,H40_G250_RP0000167_CM0000080,H40_G250_RP0000206_CM0000123,H40_G250_RP0000208_CM0000117,H40_G250_RP0000206_CM0000123,H40_G250_RP0000208_CM0000117,0.33349671274945736,0.37375719418940367,CLEAN_REPLAY_RUN_A
KY2017_MATCH_0157,H40_G250_RP0000167_CM0000085,H40_G250_RP0000141_CM0000087,H40_G250_RP0000210_CM0000124,H40_G250_RP0000210_CM0000124,H40_G250_RP0000141_CM0000087,0.3142472848244684,0.31729978778244261,CLEAN_REPLAY_RUN_A
KY2017_MATCH_0158,H40_G250_RP0000167_CM0000086,H40_G250_RP0000195_CM0000119,H40_G250_RP0000198_CM0000121,H40_G250_RP0000198_CM0000121,H40_G250_RP0000195_CM0000119,0.24026251984688005,0.24556543811509185,CLEAN_REPLAY_RUN_A
KY2017_MATCH_0159,H40_G250_RP0000167_CM0000087,H40_G250_RP0000168_CM0000086,H40_G250_RP0000191_CM0000120,H40_G250_RP0000168_CM0000086,H40_G250_RP0000191_CM0000120,0.064454046403785187,0.14212098444871721,CLEAN_REPLAY_RUN_A
KY2017_MATCH_0160,H40_G250_RP0000167_CM0000088,H40_G250_RP0000199_CM0000119,H40_G250_RP0000201_CM0000131,H40_G250_RP0000199_CM0000119,H40_G250_RP0000201_CM0000131,0.18292460016436024,0.21328690588447138,CLEAN_REPLAY_RUN_A
KY2017_MATCH_0161,H40_G250_RP0000167_CM0000089,H40_G250_RP0000198_CM0000131,H40_G250_RP0000202_CM0000118,H40_G250_RP0000198_CM0000131,H40_G250_RP0000202_CM0000118,0.17951064820282758,0.19661474396152986,CLEAN_REPLAY_RUN_A
KY2017_MATCH_0162,H40_G250_RP0000167_CM0000090,H40_G250_RP0000198_CM0000113,H40_G250_RP0000198_CM0000135,H40_G250_RP0000198_CM0000135,H40_G250_RP0000198_CM0000113,0.2436572415709132,0.2844278132665895,CLEAN_REPLAY_RUN_A
KY2017_MATCH_0163,H40_G250_RP0000167_CM0000091,H40_G250_RP0000187_CM0000115,H40_G250_RP0000199_CM0000135,H40_G250_RP0000187_CM0000115,H40_G250_RP0000199_CM0000135,0.32703047126623652,0.35188954240632098,CLEAN_REPLAY_RUN_A
KY2017_MATCH_0164,H40_G250_RP0000167_CM0000092,H40_G250_RP0000146_CM0000095,H40_G250_RP0000198_CM0000137,H40_G250_RP0000146_CM0000095,H40_G250_RP0000198_CM0000137,0.41427549364318889,0.49428872480431785,CLEAN_REPLAY_RUN_A
KY2017_MATCH_0165,H40_G250_RP0000168_CM0000009,H40_G250_RP0000172_CM0000031,H40_G250_RP0000173_CM0000010,H40_G250_RP0000172_CM0000031,H40_G250_RP0000173_CM0000010,0.13170005406000693,0.18448011379297377,CLEAN_REPLAY_RUN_A
KY2017_MATCH_0166,H40_G250_RP0000168_CM0000010,H40_G250_RP0000172_CM0000032,H40_G250_RP0000232_CM0000034,H40_G250_RP0000172_CM0000032,H40_G250_RP0000232_CM0000034,0.21073417711145248,0.24433007728305031,CLEAN_REPLAY_RUN_A
KY2017_MATCH_0167,H40_G250_RP0000168_CM0000030,H40_G250_RP0000168_CM0000028,H40_G250_RP0000168_CM0000029,H40_G250_RP0000168_CM0000028,H40_G250_RP0000168_CM0000029,0.13641108472522612,0.1521187056377695,CLEAN_REPLAY_RUN_A
KY2017_MATCH_0168,H40_G250_RP0000168_CM0000037,H40_G250_RP0000166_CM0000023,H40_G250_RP0000167_CM0000024,H40_G250_RP0000166_CM0000023,H40_G250_RP0000167_CM0000024,0.10514401581608721,0.11415879370376261,CLEAN_REPLAY_RUN_A
KY2017_MATCH_0169,H40_G250_RP0000168_CM0000038,H40_G250_RP0000138_CM0000050,H40_G250_RP0000167_CM0000039,H40_G250_RP0000167_CM0000039,H40_G250_RP0000138_CM0000050,0.14076712415527923,0.18689779449527594,CLEAN_REPLAY_RUN_A
KY2017_MATCH_0170,H40_G250_RP0000168_CM0000048,H40_G250_RP0000134_CM0000063,H40_G250_RP0000164_CM0000046,H40_G250_RP0000164_CM0000046,H40_G250_RP0000134_CM0000063,0.11472397200666412,0.14432728665148317,CLEAN_REPLAY_RUN_A
KY2017_MATCH_0171,H40_G250_RP0000168_CM0000049,H40_G250_RP0000158_CM0000041,H40_G250_RP0000162_CM0000056,H40_G250_RP0000158_CM0000041,H40_G250_RP0000162_CM0000056,0.10274073674420579,0.12768805899587221,CLEAN_REPLAY_RUN_A
KY2017_MATCH_0172,H40_G250_RP0000168_CM0000050,H40_G250_RP0000159_CM0000040,H40_G250_RP0000168_CM0000051,H40_G250_RP0000168_CM0000051,H40_G250_RP0000159_CM0000040,0.090341740862247874,0.12118208794289505,CLEAN_REPLAY_RUN_A
KY2017_MATCH_0173,H40_G250_RP0000168_CM0000052,H40_G250_RP0000157_CM0000043,H40_G250_RP0000158_CM0000057,H40_G250_RP0000158_CM0000057,H40_G250_RP0000157_CM0000043,0.096561496652864703,0.15278923065806568,CLEAN_REPLAY_RUN_A
KY2017_MATCH_0174,H40_G250_RP0000168_CM0000054,H40_G250_RP0000241_CM0000054,H40_G250_RP0000243_CM0000054,H40_G250_RP0000241_CM0000054,H40_G250_RP0000243_CM0000054,0.43868662909607614,0.44893012217740436,CLEAN_REPLAY_RUN_A
KY2017_MATCH_0175,H40_G250_RP0000168_CM0000055,H40_G250_RP0000161_CM0000060,H40_G250_RP0000188_CM0000079,H40_G250_RP0000161_CM0000060,H40_G250_RP0000188_CM0000079,0.093455152265552552,0.14398302982179056,CLEAN_REPLAY_RUN_A
KY2017_MATCH_0176,H40_G250_RP0000168_CM0000056,H40_G250_RP0000192_CM0000079,H40_G250_RP0000200_CM0000092,H40_G250_RP0000192_CM0000079,H40_G250_RP0000200_CM0000092,0.17909071587759615,0.22571747183535365,CLEAN_REPLAY_RUN_A
KY2017_MATCH_0177,H40_G250_RP0000168_CM0000057,H40_G250_RP0000161_CM0000059,H40_G250_RP0000196_CM0000103,H40_G250_RP0000161_CM0000059,H40_G250_RP0000196_CM0000103,0.11457569872070576,0.20613522401900258,CLEAN_REPLAY_RUN_A
KY2017_MATCH_0178,H40_G250_RP0000168_CM0000059,H40_G250_RP0000137_CM0000040,H40_G250_RP0000166_CM0000043,H40_G250_RP0000166_CM0000043,H40_G250_RP0000137_CM0000040,0.092139519879081352,0.10275868231644492,CLEAN_REPLAY_RUN_A
KY2017_MATCH_0179,H40_G250_RP0000168_CM0000060,H40_G250_RP0000133_CM0000039,H40_G250_RP0000135_CM0000054,H40_G250_RP0000135_CM0000054,H40_G250_RP0000133_CM0000039,0.24198460836938962,0.28066730785529426,CLEAN_REPLAY_RUN_A
KY2017_MATCH_0180,H40_G250_RP0000168_CM0000061,H40_G250_RP0000163_CM0000064,H40_G250_RP0000167_CM0000062,H40_G250_RP0000167_CM0000062,H40_G250_RP0000163_CM0000064,0.28793277997313799,0.31999202822086792,CLEAN_REPLAY_RUN_A
KY2017_MATCH_0181,H40_G250_RP0000168_CM0000062,H40_G250_RP0000145_CM0000049,H40_G250_RP0000161_CM0000063,H40_G250_RP0000161_CM0000063,H40_G250_RP0000145_CM0000049,0.17621497827433208,0.28402463280767243,CLEAN_REPLAY_RUN_A
KY2017_MATCH_0182,H40_G250_RP0000168_CM0000063,H40_G250_RP0000141_CM0000043,H40_G250_RP0000142_CM0000042,H40_G250_RP0000141_CM0000043,H40_G250_RP0000142_CM0000042,0.25569306732581437,0.25707373151354801,CLEAN_REPLAY_RUN_A
KY2017_MATCH_0183,H40_G250_RP0000168_CM0000064,H40_G250_RP0000142_CM0000048,H40_G250_RP0000156_CM0000056,H40_G250_RP0000156_CM0000056,H40_G250_RP0000142_CM0000048,0.19108887045404152,0.20187518141594182,CLEAN_REPLAY_RUN_A
KY2017_MATCH_0184,H40_G250_RP0000168_CM0000065,H40_G250_RP0000149_CM0000045,H40_G250_RP0000154_CM0000043,H40_G250_RP0000154_CM0000043,H40_G250_RP0000149_CM0000045,0.16614020022460466,0.17322942706375,CLEAN_REPLAY_RUN_A
KY2017_MATCH_0185,H40_G250_RP0000168_CM0000066,H40_G250_RP0000154_CM0000050,H40_G250_RP0000167_CM0000059,H40_G250_RP0000167_CM0000059,H40_G250_RP0000154_CM0000050,0.16896338918174778,0.17092177061553476,CLEAN_REPLAY_RUN_A
KY2017_MATCH_0186,H40_G250_RP0000168_CM0000067,H40_G250_RP0000155_CM0000048,H40_G250_RP0000166_CM0000072,H40_G250_RP0000166_CM0000072,H40_G250_RP0000155_CM0000048,0.17596075228024607,0.18726726015834222,CLEAN_REPLAY_RUN_A
KY2017_MATCH_0187,H40_G250_RP0000168_CM0000068,H40_G250_RP0000154_CM0000048,H40_G250_RP0000155_CM0000049,H40_G250_RP0000154_CM0000048,H40_G250_RP0000155_CM0000049,0.22250237445962601,0.22396525440543097,CLEAN_REPLAY_RUN_A
KY2017_MATCH_0188,H40_G250_RP0000168_CM0000069,H40_G250_RP0000154_CM0000057,H40_G250_RP0000182_CM0000044,H40_G250_RP0000154_CM0000057,H40_G250_RP0000182_CM0000044,0.18773294724196438,0.19823712661922654,CLEAN_REPLAY_RUN_A
KY2017_MATCH_0189,H40_G250_RP0000168_CM0000070,H40_G250_RP0000134_CM0000065,H40_G250_RP0000155_CM0000038,H40_G250_RP0000134_CM0000065,H40_G250_RP0000155_CM0000038,0.20655459306872861,0.2149325170630958,CLEAN_REPLAY_RUN_A
KY2017_MATCH_0190,H40_G250_RP0000168_CM0000071,H40_G250_RP0000157_CM0000057,H40_G250_RP0000158_CM0000059,H40_G250_RP0000157_CM0000057,H40_G250_RP0000158_CM0000059,0.13834860047703754,0.13953429934454464,CLEAN_REPLAY_RUN_A
KY2017_MATCH_0191,H40_G250_RP0000168_CM0000072,H40_G250_RP0000183_CM0000100,H40_G250_RP0000193_CM0000080,H40_G250_RP0000193_CM0000080,H40_G250_RP0000183_CM0000100,0.24107511089218994,0.26267275985779764,CLEAN_REPLAY_RUN_A
KY2017_MATCH_0192,H40_G250_RP0000168_CM0000073,H40_G250_RP0000191_CM0000111,H40_G250_RP0000199_CM0000107,H40_G250_RP0000199_CM0000107,H40_G250_RP0000191_CM0000111,0.2582680493342901,0.26633794522358917,CLEAN_REPLAY_RUN_A
KY2017_MATCH_0193,H40_G250_RP0000168_CM0000074,H40_G250_RP0000192_CM0000086,H40_G250_RP0000204_CM0000092,H40_G250_RP0000192_CM0000086,H40_G250_RP0000204_CM0000092,0.22927308478313729,0.23938217649982974,CLEAN_REPLAY_RUN_A
KY2017_MATCH_0194,H40_G250_RP0000168_CM0000075,H40_G250_RP0000206_CM0000112,H40_G250_RP0000207_CM0000112,H40_G250_RP0000206_CM0000112,H40_G250_RP0000207_CM0000112,0.24547073024610427,0.33764210263994621,CLEAN_REPLAY_RUN_A
KY2017_MATCH_0195,H40_G250_RP0000168_CM0000076,H40_G250_RP0000205_CM0000129,H40_G250_RP0000205_CM0000131,H40_G250_RP0000205_CM0000131,H40_G250_RP0000205_CM0000129,0.21854140401962752,0.25508984555738967,CLEAN_REPLAY_RUN_A
KY2017_MATCH_0196,H40_G250_RP0000168_CM0000077,H40_G250_RP0000192_CM0000117,H40_G250_RP0000202_CM0000128,H40_G250_RP0000192_CM0000117,H40_G250_RP0000202_CM0000128,0.19629878574874704,0.2360545582013604,CLEAN_REPLAY_RUN_A
KY2017_MATCH_0197,H40_G250_RP0000168_CM0000078,H40_G250_RP0000140_CM0000082,H40_G250_RP0000208_CM0000120,H40_G250_RP0000140_CM0000082,H40_G250_RP0000208_CM0000120,0.18451366046834383,0.19518628735470434,CLEAN_REPLAY_RUN_A
KY2017_MATCH_0198,H40_G250_RP0000168_CM0000079,H40_G250_RP0000140_CM0000077,H40_G250_RP0000166_CM0000084,H40_G250_RP0000166_CM0000084,H40_G250_RP0000140_CM0000077,0.26355452394045237,0.28799261398282677,CLEAN_REPLAY_RUN_A
KY2017_MATCH_0199,H40_G250_RP0000168_CM0000080,H40_G250_RP0000210_CM0000137,H40_G250_RP0000211_CM0000133,H40_G250_RP0000210_CM0000137,H40_G250_RP0000211_CM0000133,0.44591022788443641,0.4459433654440883,CLEAN_REPLAY_RUN_A
KY2017_MATCH_0200,H40_G250_RP0000168_CM0000081,H40_G250_RP0000205_CM0000124,H40_G250_RP0000207_CM0000122,H40_G250_RP0000205_CM0000124,H40_G250_RP0000207_CM0000122,0.38023606172145225,0.44819555098791447,CLEAN_REPLAY_RUN_A
KY2017_MATCH_0201,H40_G250_RP0000168_CM0000082,H40_G250_RP0000142_CM0000095,H40_G250_RP0000167_CM0000084,H40_G250_RP0000167_CM0000084,H40_G250_RP0000142_CM0000095,0.1088725437212924,0.1802482284427917,CLEAN_REPLAY_RUN_A
KY2017_MATCH_0202,H40_G250_RP0000168_CM0000083,H40_G250_RP0000139_CM0000086,H40_G250_RP0000167_CM0000083,H40_G250_RP0000167_CM0000083,H40_G250_RP0000139_CM0000086,0.076714350358654745,0.19566428135032599,CLEAN_REPLAY_RUN_A
KY2017_MATCH_0203,H40_G250_RP0000168_CM0000084,H40_G250_RP0000138_CM0000095,H40_G250_RP0000142_CM0000080,H40_G250_RP0000142_CM0000080,H40_G250_RP0000138_CM0000095,0.17418501238833781,0.21042533564505211,CLEAN_REPLAY_RUN_A
KY2017_MATCH_0204,H40_G250_RP0000168_CM0000087,H40_G250_RP0000203_CM0000134,H40_G250_RP0000204_CM0000125,H40_G250_RP0000204_CM0000125,H40_G250_RP0000203_CM0000134,0.16298326656751766,0.18759367112257552,CLEAN_REPLAY_RUN_A
KY2017_MATCH_0205,H40_G250_RP0000168_CM0000088,H40_G250_RP0000197_CM0000121,H40_G250_RP0000203_CM0000125,H40_G250_RP0000203_CM0000125,H40_G250_RP0000197_CM0000121,0.24521991320464745,0.25220252192106951,CLEAN_REPLAY_RUN_A
KY2017_MATCH_0206,H40_G250_RP0000168_CM0000089,H40_G250_RP0000140_CM0000094,H40_G250_RP0000201_CM0000135,H40_G250_RP0000140_CM0000094,H40_G250_RP0000201_CM0000135,0.27732146223626991,0.33700396689275358,CLEAN_REPLAY_RUN_A
KY2017_MATCH_0207,H40_G250_RP0000168_CM0000090,H40_G250_RP0000198_CM0000136,H40_G250_RP0000201_CM0000136,H40_G250_RP0000201_CM0000136,H40_G250_RP0000198_CM0000136,0.42918574185660502,0.48853247018741353,CLEAN_REPLAY_RUN_A
KY2017_MATCH_0208,H40_G250_RP0000168_CM0000091,H40_G250_RP0000199_CM0000114,H40_G250_RP0000200_CM0000114,H40_G250_RP0000200_CM0000114,H40_G250_RP0000199_CM0000114,0.48667445925494696,0.54474317265816308,CLEAN_REPLAY_RUN_A
KY2017_MATCH_0209,H40_G250_RP0000168_CM0000092,H40_G250_RP0000196_CM0000131,H40_G250_RP0000196_CM0000135,H40_G250_RP0000196_CM0000131,H40_G250_RP0000196_CM0000135,0.30703568102524381,0.3286057363936411,CLEAN_REPLAY_RUN_A
KY2017_MATCH_0210,H40_G250_RP0000168_CM0000093,H40_G250_RP0000188_CM0000115,H40_G250_RP0000188_CM0000149,H40_G250_RP0000188_CM0000115,H40_G250_RP0000188_CM0000149,0.32583928032685877,0.33673916933878006,CLEAN_REPLAY_RUN_A
KY2017_MATCH_0211,H40_G250_RP0000168_CM0000094,H40_G250_RP0000166_CM0000092,H40_G250_RP0000192_CM0000125,H40_G250_RP0000166_CM0000092,H40_G250_RP0000192_CM0000125,0.23355287784328763,0.33899483202460901,CLEAN_REPLAY_RUN_A
KY2017_MATCH_0212,H40_G250_RP0000169_CM0000013,H40_G250_RP0000168_CM0000013,H40_G250_RP0000175_CM0000027,H40_G250_RP0000168_CM0000013,H40_G250_RP0000175_CM0000027,0.20600685976003394,0.22081309880809682,CLEAN_REPLAY_RUN_A
KY2017_MATCH_0213,H40_G250_RP0000169_CM0000024,H40_G250_RP0000163_CM0000035,H40_G250_RP0000172_CM0000022,H40_G250_RP0000172_CM0000022,H40_G250_RP0000163_CM0000035,0.15395091075786599,0.16376118945171997,CLEAN_REPLAY_RUN_A
KY2017_MATCH_0214,H40_G250_RP0000169_CM0000026,H40_G250_RP0000169_CM0000025,H40_G250_RP0000176_CM0000026,H40_G250_RP0000169_CM0000025,H40_G250_RP0000176_CM0000026,0.11942956410296479,0.1367760657824782,CLEAN_REPLAY_RUN_A
KY2017_MATCH_0215,H40_G250_RP0000169_CM0000027,H40_G250_RP0000162_CM0000029,H40_G250_RP0000162_CM0000030,H40_G250_RP0000162_CM0000029,H40_G250_RP0000162_CM0000030,0.19976470630222681,0.21116180132975343,CLEAN_REPLAY_RUN_A
KY2017_MATCH_0216,H40_G250_RP0000169_CM0000029,H40_G250_RP0000166_CM0000026,H40_G250_RP0000169_CM0000028,H40_G250_RP0000169_CM0000028,H40_G250_RP0000166_CM0000026,0.098181844839181465,0.15422148005403113,CLEAN_REPLAY_RUN_A
KY2017_MATCH_0217,H40_G250_RP0000169_CM0000035,H40_G250_RP0000174_CM0000034,H40_G250_RP0000237_CM0000035,H40_G250_RP0000174_CM0000034,H40_G250_RP0000237_CM0000035,0.10973594622169862,0.16215273205942476,CLEAN_REPLAY_RUN_A
KY2017_MATCH_0218,H40_G250_RP0000169_CM0000037,H40_G250_RP0000168_CM0000022,H40_G250_RP0000172_CM0000046,H40_G250_RP0000168_CM0000022,H40_G250_RP0000172_CM0000046,0.26535285165114975,0.27469625333925929,CLEAN_REPLAY_RUN_A
KY2017_MATCH_0219,H40_G250_RP0000169_CM0000038,H40_G250_RP0000137_CM0000059,H40_G250_RP0000239_CM0000058,H40_G250_RP0000239_CM0000058,H40_G250_RP0000137_CM0000059,0.2866152980536647,0.29382617617758761,CLEAN_REPLAY_RUN_A
KY2017_MATCH_0220,H40_G250_RP0000169_CM0000041,H40_G250_RP0000163_CM0000038,H40_G250_RP0000236_CM0000049,H40_G250_RP0000163_CM0000038,H40_G250_RP0000236_CM0000049,0.23735385908424239,0.24201090294196714,CLEAN_REPLAY_RUN_A
KY2017_MATCH_0221,H40_G250_RP0000169_CM0000042,H40_G250_RP0000149_CM0000049,H40_G250_RP0000170_CM0000043,H40_G250_RP0000170_CM0000043,H40_G250_RP0000149_CM0000049,0.11276790011651473,0.15677678193099981,CLEAN_REPLAY_RUN_A
KY2017_MATCH_0222,H40_G250_RP0000169_CM0000048,H40_G250_RP0000156_CM0000059,H40_G250_RP0000157_CM0000039,H40_G250_RP0000157_CM0000039,H40_G250_RP0000156_CM0000059,0.17581314151155647,0.22565230531252262,CLEAN_REPLAY_RUN_A
KY2017_MATCH_0223,H40_G250_RP0000169_CM0000049,H40_G250_RP0000176_CM0000041,H40_G250_RP0000177_CM0000041,H40_G250_RP0000176_CM0000041,H40_G250_RP0000177_CM0000041,0.15312363019625533,0.16475803246004395,CLEAN_REPLAY_RUN_A
KY2017_MATCH_0224,H40_G250_RP0000169_CM0000050,H40_G250_RP0000138_CM0000053,H40_G250_RP0000169_CM0000044,H40_G250_RP0000138_CM0000053,H40_G250_RP0000169_CM0000044,0.1286526402329583,0.13506653421672155,CLEAN_REPLAY_RUN_A
KY2017_MATCH_0225,H40_G250_RP0000169_CM0000051,H40_G250_RP0000137_CM0000054,H40_G250_RP0000170_CM0000039,H40_G250_RP0000170_CM0000039,H40_G250_RP0000137_CM0000054,0.15113093704386227,0.16193738456547008,CLEAN_REPLAY_RUN_A
KY2017_MATCH_0226,H40_G250_RP0000169_CM0000052,H40_G250_RP0000137_CM0000053,H40_G250_RP0000156_CM0000039,H40_G250_RP0000137_CM0000053,H40_G250_RP0000156_CM0000039,0.13476573190461172,0.14951201891597682,CLEAN_REPLAY_RUN_A
KY2017_MATCH_0227,H40_G250_RP0000169_CM0000053,H40_G250_RP0000159_CM0000041,H40_G250_RP0000172_CM0000044,H40_G250_RP0000159_CM0000041,H40_G250_RP0000172_CM0000044,0.12522209519198216,0.15687224782979312,CLEAN_REPLAY_RUN_A
KY2017_MATCH_0228,H40_G250_RP0000169_CM0000054,H40_G250_RP0000236_CM0000053,H40_G250_RP0000237_CM0000054,H40_G250_RP0000237_CM0000054,H40_G250_RP0000236_CM0000053,0.30479449190939606,0.31053803886978726,CLEAN_REPLAY_RUN_A
KY2017_MATCH_0229,H40_G250_RP0000169_CM0000055,H40_G250_RP0000246_CM0000047,H40_G250_RP0000248_CM0000043,H40_G250_RP0000248_CM0000043,H40_G250_RP0000246_CM0000047,0.18132688956923601,0.20343386460031745,CLEAN_REPLAY_RUN_A
KY2017_MATCH_0230,H40_G250_RP0000169_CM0000056,H40_G250_RP0000194_CM0000085,H40_G250_RP0000195_CM0000087,H40_G250_RP0000194_CM0000085,H40_G250_RP0000195_CM0000087,0.17694672762406488,0.18314310203123466,CLEAN_REPLAY_RUN_A
KY2017_MATCH_0231,H40_G250_RP0000169_CM0000057,H40_G250_RP0000184_CM0000095,H40_G250_RP0000194_CM0000097,H40_G250_RP0000184_CM0000095,H40_G250_RP0000194_CM0000097,0.20204751387285982,0.25872653546042229,CLEAN_REPLAY_RUN_A
KY2017_MATCH_0232,H40_G250_RP0000169_CM0000058,H40_G250_RP0000139_CM0000051,H40_G250_RP0000153_CM0000040,H40_G250_RP0000153_CM0000040,H40_G250_RP0000139_CM0000051,0.13385062902608097,0.18621036071944147,CLEAN_REPLAY_RUN_A
KY2017_MATCH_0233,H40_G250_RP0000169_CM0000059,H40_G250_RP0000153_CM0000061,H40_G250_RP0000162_CM0000042,H40_G250_RP0000162_CM0000042,H40_G250_RP0000153_CM0000061,0.24120295455193733,0.28850877817760168,CLEAN_REPLAY_RUN_A
KY2017_MATCH_0234,H40_G250_RP0000169_CM0000060,H40_G250_RP0000179_CM0000047,H40_G250_RP0000181_CM0000046,H40_G250_RP0000181_CM0000046,H40_G250_RP0000179_CM0000047,0.29639314393232408,0.31622139325949855,CLEAN_REPLAY_RUN_A
KY2017_MATCH_0235,H40_G250_RP0000169_CM0000061,H40_G250_RP0000137_CM0000060,H40_G250_RP0000159_CM0000046,H40_G250_RP0000159_CM0000046,H40_G250_RP0000137_CM0000060,0.20379033518315834,0.28941603875482647,CLEAN_REPLAY_RUN_A
KY2017_MATCH_0236,H40_G250_RP0000169_CM0000062,H40_G250_RP0000156_CM0000047,H40_G250_RP0000161_CM0000046,H40_G250_RP0000161_CM0000046,H40_G250_RP0000156_CM0000047,0.13461923928848196,0.1455394922001487,CLEAN_REPLAY_RUN_A
KY2017_MATCH_0237,H40_G250_RP0000169_CM0000063,H40_G250_RP0000148_CM0000050,H40_G250_RP0000166_CM0000060,H40_G250_RP0000166_CM0000060,H40_G250_RP0000148_CM0000050,0.15945534709493125,0.18617893455392831,CLEAN_REPLAY_RUN_A
KY2017_MATCH_0238,H40_G250_RP0000169_CM0000064,H40_G250_RP0000154_CM0000055,H40_G250_RP0000185_CM0000054,H40_G250_RP0000185_CM0000054,H40_G250_RP0000154_CM0000055,0.1519096608233918,0.1695376198996611,CLEAN_REPLAY_RUN_A
KY2017_MATCH_0239,H40_G250_RP0000169_CM0000065,H40_G250_RP0000150_CM0000054,H40_G250_RP0000156_CM0000051,H40_G250_RP0000156_CM0000051,H40_G250_RP0000150_CM0000054,0.16064358694729719,0.18468160761823649,CLEAN_REPLAY_RUN_A
KY2017_MATCH_0240,H40_G250_RP0000169_CM0000066,H40_G250_RP0000135_CM0000060,H40_G250_RP0000145_CM0000046,H40_G250_RP0000135_CM0000060,H40_G250_RP0000145_CM0000046,0.17228952612397719,0.19253731429975934,CLEAN_REPLAY_RUN_A
KY2017_MATCH_0241,H40_G250_RP0000169_CM0000067,H40_G250_RP0000154_CM0000040,H40_G250_RP0000154_CM0000049,H40_G250_RP0000154_CM0000040,H40_G250_RP0000154_CM0000049,0.14527269471195001,0.20888650780123,CLEAN_REPLAY_RUN_A
KY2017_MATCH_0242,H40_G250_RP0000169_CM0000068,H40_G250_RP0000135_CM0000055,H40_G250_RP0000166_CM0000049,H40_G250_RP0000166_CM0000049,H40_G250_RP0000135_CM0000055,0.17223165736021598,0.17841554502244672,CLEAN_REPLAY_RUN_A
KY2017_MATCH_0243,H40_G250_RP0000169_CM0000069,H40_G250_RP0000154_CM0000042,H40_G250_RP0000162_CM0000057,H40_G250_RP0000162_CM0000057,H40_G250_RP0000154_CM0000042,0.15908368841689421,0.17372434381293966,CLEAN_REPLAY_RUN_A
KY2017_MATCH_0244,H40_G250_RP0000169_CM0000070,H40_G250_RP0000157_CM0000055,H40_G250_RP0000159_CM0000058,H40_G250_RP0000159_CM0000058,H40_G250_RP0000157_CM0000055,0.096585503307511616,0.11599874362696511,CLEAN_REPLAY_RUN_A
KY2017_MATCH_0245,H40_G250_RP0000169_CM0000071,H40_G250_RP0000195_CM0000095,H40_G250_RP0000205_CM0000104,H40_G250_RP0000205_CM0000104,H40_G250_RP0000195_CM0000095,0.12422199275603221,0.1368916290104904,CLEAN_REPLAY_RUN_A
KY2017_MATCH_0246,H40_G250_RP0000169_CM0000072,H40_G250_RP0000187_CM0000099,H40_G250_RP0000200_CM0000110,H40_G250_RP0000187_CM0000099,H40_G250_RP0000200_CM0000110,0.22516657692904138,0.25917013509973769,CLEAN_REPLAY_RUN_A
KY2017_MATCH_0247,H40_G250_RP0000169_CM0000073,H40_G250_RP0000189_CM0000086,H40_G250_RP0000206_CM0000106,H40_G250_RP0000189_CM0000086,H40_G250_RP0000206_CM0000106,0.246171969174584,0.28175442926133376,CLEAN_REPLAY_RUN_A
KY2017_MATCH_0248,H40_G250_RP0000169_CM0000074,H40_G250_RP0000191_CM0000086,H40_G250_RP0000195_CM0000100,H40_G250_RP0000191_CM0000086,H40_G250_RP0000195_CM0000100,0.22726781833144538,0.28363103451953864,CLEAN_REPLAY_RUN_A
KY2017_MATCH_0249,H40_G250_RP0000169_CM0000075,H40_G250_RP0000196_CM0000112,H40_G250_RP0000197_CM0000112,H40_G250_RP0000196_CM0000112,H40_G250_RP0000197_CM0000112,0.30473164467392938,0.37988306187100995,CLEAN_REPLAY_RUN_A
KY2017_MATCH_0250,H40_G250_RP0000169_CM0000076,H40_G250_RP0000133_CM0000096,H40_G250_RP0000134_CM0000095,H40_G250_RP0000134_CM0000095,H40_G250_RP0000133_CM0000096,0.22255589041208371,0.23097395242907259,CLEAN_REPLAY_RUN_A
KY2017_MATCH_0251,H40_G250_RP0000169_CM0000077,H40_G250_RP0000203_CM0000130,H40_G250_RP0000204_CM0000132,H40_G250_RP0000204_CM0000132,H40_G250_RP0000203_CM0000130,0.20349597413202597,0.23006852910317876,CLEAN_REPLAY_RUN_A
KY2017_MATCH_0252,H40_G250_RP0000169_CM0000078,H40_G250_RP0000141_CM0000109,H40_G250_RP0000142_CM0000109,H40_G250_RP0000142_CM0000109,H40_G250_RP0000141_CM0000109,0.13939048940647167,0.14164681135662285,CLEAN_REPLAY_RUN_A
KY2017_MATCH_0253,H40_G250_RP0000169_CM0000079,H40_G250_RP0000142_CM0000110,H40_G250_RP0000143_CM0000102,H40_G250_RP0000143_CM0000102,H40_G250_RP0000142_CM0000110,0.22879353655493773,0.25195560902622133,CLEAN_REPLAY_RUN_A
KY2017_MATCH_0254,H40_G250_RP0000169_CM0000080,H40_G250_RP0000142_CM0000108,H40_G250_RP0000207_CM0000123,H40_G250_RP0000207_CM0000123,H40_G250_RP0000142_CM0000108,0.24480815651968332,0.28928294585204062,CLEAN_REPLAY_RUN_A
KY2017_MATCH_0255,H40_G250_RP0000169_CM0000081,H40_G250_RP0000207_CM0000119,H40_G250_RP0000208_CM0000118,H40_G250_RP0000208_CM0000118,H40_G250_RP0000207_CM0000119,0.29054289218373752,0.30653300210434981,CLEAN_REPLAY_RUN_A
KY2017_MATCH_0256,H40_G250_RP0000169_CM0000082,H40_G250_RP0000141_CM0000076,H40_G250_RP0000143_CM0000080,H40_G250_RP0000141_CM0000076,H40_G250_RP0000143_CM0000080,0.21849261679153609,0.23570719018321395,CLEAN_REPLAY_RUN_A
KY2017_MATCH_0257,H40_G250_RP0000169_CM0000083,H40_G250_RP0000139_CM0000076,H40_G250_RP0000139_CM0000085,H40_G250_RP0000139_CM0000085,H40_G250_RP0000139_CM0000076,0.19932792484629058,0.23991126492669373,CLEAN_REPLAY_RUN_A
KY2017_MATCH_0258,H40_G250_RP0000169_CM0000084,H40_G250_RP0000141_CM0000086,H40_G250_RP0000168_CM0000085,H40_G250_RP0000168_CM0000085,H40_G250_RP0000141_CM0000086,0.14181605218389082,0.17889563384195453,CLEAN_REPLAY_RUN_A
KY2017_MATCH_0259,H40_G250_RP0000169_CM0000085,H40_G250_RP0000191_CM0000119,H40_G250_RP0000194_CM0000114,H40_G250_RP0000191_CM0000119,H40_G250_RP0000194_CM0000114,0.16802621585878041,0.16908626471875665,CLEAN_REPLAY_RUN_A
KY2017_MATCH_0260,H40_G250_RP0000169_CM0000086,H40_G250_RP0000196_CM0000116,H40_G250_RP0000197_CM0000115,H40_G250_RP0000197_CM0000115,H40_G250_RP0000196_CM0000116,0.16578671296140662,0.1788101004932873,CLEAN_REPLAY_RUN_A
KY2017_MATCH_0261,H40_G250_RP0000169_CM0000087,H40_G250_RP0000197_CM0000118,H40_G250_RP0000202_CM0000133,H40_G250_RP0000197_CM0000118,H40_G250_RP0000202_CM0000133,0.26471954412984311,0.2827169427588605,CLEAN_REPLAY_RUN_A
KY2017_MATCH_0262,H40_G250_RP0000169_CM0000088,H40_G250_RP0000197_CM0000117,H40_G250_RP0000198_CM0000117,H40_G250_RP0000198_CM0000117,H40_G250_RP0000197_CM0000117,0.34745223490164517,0.35033924240234482,CLEAN_REPLAY_RUN_A
KY2017_MATCH_0263,H40_G250_RP0000169_CM0000089,H40_G250_RP0000192_CM0000113,H40_G250_RP0000199_CM0000129,H40_G250_RP0000192_CM0000113,H40_G250_RP0000199_CM0000129,0.21264230746380972,0.25561800276496016,CLEAN_REPLAY_RUN_A
KY2017_MATCH_0264,H40_G250_RP0000169_CM0000090,H40_G250_RP0000164_CM0000088,H40_G250_RP0000200_CM0000128,H40_G250_RP0000164_CM0000088,H40_G250_RP0000200_CM0000128,0.27096312449273685,0.31446390001955199,CLEAN_REPLAY_RUN_A
KY2017_MATCH_0265,H40_G250_RP0000169_CM0000091,H40_G250_RP0000190_CM0000113,H40_G250_RP0000196_CM0000133,H40_G250_RP0000190_CM0000113,H40_G250_RP0000196_CM0000133,0.25222343203250636,0.41636825700384655,CLEAN_REPLAY_RUN_A
KY2017_MATCH_0266,H40_G250_RP0000169_CM0000092,H40_G250_RP0000143_CM0000095,H40_G250_RP0000189_CM0000113,H40_G250_RP0000143_CM0000095,H40_G250_RP0000189_CM0000113,0.271268767928868,0.29631663672572206,CLEAN_REPLAY_RUN_A
KY2017_MATCH_0267,H40_G250_RP0000169_CM0000093,H40_G250_RP0000144_CM0000095,H40_G250_RP0000202_CM0000136,H40_G250_RP0000144_CM0000095,H40_G250_RP0000202_CM0000136,0.30921720664481767,0.36362319182414682,CLEAN_REPLAY_RUN_A
KY2017_MATCH_0268,H40_G250_RP0000169_CM0000094,H40_G250_RP0000164_CM0000091,H40_G250_RP0000186_CM0000113,H40_G250_RP0000164_CM0000091,H40_G250_RP0000186_CM0000113,0.41278910286607284,0.51381850630742998,CLEAN_REPLAY_RUN_A
KY2017_MATCH_0269,H40_G250_RP0000169_CM0000095,H40_G250_RP0000144_CM0000109,H40_G250_RP0000173_CM0000104,H40_G250_RP0000173_CM0000104,H40_G250_RP0000144_CM0000109,0.29339237907830518,0.29685971634889474,CLEAN_REPLAY_RUN_A
KY2017_MATCH_0270,H40_G250_RP0000170_CM0000028,H40_G250_RP0000168_CM0000019,H40_G250_RP0000171_CM0000027,H40_G250_RP0000171_CM0000027,H40_G250_RP0000168_CM0000019,0.14144574219418654,0.14460911991443035,CLEAN_REPLAY_RUN_A
KY2017_MATCH_0271,H40_G250_RP0000170_CM0000029,H40_G250_RP0000167_CM0000025,H40_G250_RP0000167_CM0000032,H40_G250_RP0000167_CM0000032,H40_G250_RP0000167_CM0000025,0.16128236740752439,0.17409281748083189,CLEAN_REPLAY_RUN_A
KY2017_MATCH_0272,H40_G250_RP0000170_CM0000031,H40_G250_RP0000157_CM0000011,H40_G250_RP0000172_CM0000010,H40_G250_RP0000172_CM0000010,H40_G250_RP0000157_CM0000011,0.14460370452735744,0.16189194745501267,CLEAN_REPLAY_RUN_A
KY2017_MATCH_0273,H40_G250_RP0000170_CM0000032,H40_G250_RP0000166_CM0000012,H40_G250_RP0000168_CM0000012,H40_G250_RP0000166_CM0000012,H40_G250_RP0000168_CM0000012,0.10845388125012363,0.11763874238367289,CLEAN_REPLAY_RUN_A
KY2017_MATCH_0274,H40_G250_RP0000170_CM0000033,H40_G250_RP0000168_CM0000036,H40_G250_RP0000173_CM0000021,H40_G250_RP0000168_CM0000036,H40_G250_RP0000173_CM0000021,0.11550623686737033,0.1346466472653573,CLEAN_REPLAY_RUN_A
KY2017_MATCH_0275,H40_G250_RP0000170_CM0000034,H40_G250_RP0000164_CM0000037,H40_G250_RP0000174_CM0000021,H40_G250_RP0000174_CM0000021,H40_G250_RP0000164_CM0000037,0.11326963693315129,0.11717625326190075,CLEAN_REPLAY_RUN_A
KY2017_MATCH_0276,H40_G250_RP0000170_CM0000035,H40_G250_RP0000165_CM0000022,H40_G250_RP0000169_CM0000036,H40_G250_RP0000169_CM0000036,H40_G250_RP0000165_CM0000022,0.18611137010711531,0.21452521369880975,CLEAN_REPLAY_RUN_A
KY2017_MATCH_0277,H40_G250_RP0000170_CM0000036,H40_G250_RP0000136_CM0000043,H40_G250_RP0000138_CM0000061,H40_G250_RP0000136_CM0000043,H40_G250_RP0000138_CM0000061,0.31436309770563042,0.31715652006044798,CLEAN_REPLAY_RUN_A
KY2017_MATCH_0278,H40_G250_RP0000170_CM0000037,H40_G250_RP0000135_CM0000012,H40_G250_RP0000167_CM0000021,H40_G250_RP0000135_CM0000012,H40_G250_RP0000167_CM0000021,0.19955438527978209,0.21604011849889199,CLEAN_REPLAY_RUN_A
KY2017_MATCH_0279,H40_G250_RP0000170_CM0000038,H40_G250_RP0000146_CM0000045,H40_G250_RP0000170_CM0000040,H40_G250_RP0000170_CM0000040,H40_G250_RP0000146_CM0000045,0.14037105888862778,0.17397495476469155,CLEAN_REPLAY_RUN_A
KY2017_MATCH_0280,H40_G250_RP0000170_CM0000045,H40_G250_RP0000161_CM0000045,H40_G250_RP0000166_CM0000044,H40_G250_RP0000161_CM0000045,H40_G250_RP0000166_CM0000044,0.17706535051499106,0.18912281868196423,CLEAN_REPLAY_RUN_A
KY2017_MATCH_0281,H40_G250_RP0000170_CM0000048,H40_G250_RP0000164_CM0000047,H40_G250_RP0000170_CM0000042,H40_G250_RP0000170_CM0000042,H40_G250_RP0000164_CM0000047,0.11075937603348456,0.11841557326330604,CLEAN_REPLAY_RUN_A
KY2017_MATCH_0282,H40_G250_RP0000170_CM0000051,H40_G250_RP0000157_CM0000059,H40_G250_RP0000165_CM0000050,H40_G250_RP0000165_CM0000050,H40_G250_RP0000157_CM0000059,0.15973998306991521,0.18963700468918143,CLEAN_REPLAY_RUN_A
KY2017_MATCH_0283,H40_G250_RP0000170_CM0000052,H40_G250_RP0000135_CM0000064,H40_G250_RP0000144_CM0000041,H40_G250_RP0000135_CM0000064,H40_G250_RP0000144_CM0000041,0.17981377833038031,0.21459800758575709,CLEAN_REPLAY_RUN_A
KY2017_MATCH_0284,H40_G250_RP0000170_CM0000053,H40_G250_RP0000240_CM0000053,H40_G250_RP0000246_CM0000054,H40_G250_RP0000246_CM0000054,H40_G250_RP0000240_CM0000053,0.32701034697484749,0.40537952630902718,CLEAN_REPLAY_RUN_A
KY2017_MATCH_0285,H40_G250_RP0000170_CM0000054,H40_G250_RP0000241_CM0000047,H40_G250_RP0000248_CM0000047,H40_G250_RP0000241_CM0000047,H40_G250_RP0000248_CM0000047,0.18779720633871674,0.20027488639653918,CLEAN_REPLAY_RUN_A
KY2017_MATCH_0286,H40_G250_RP0000170_CM0000055,H40_G250_RP0000158_CM0000060,H40_G250_RP0000158_CM0000061,H40_G250_RP0000158_CM0000061,H40_G250_RP0000158_CM0000060,0.14955583075302914,0.19723177452140297,CLEAN_REPLAY_RUN_A
KY2017_MATCH_0287,H40_G250_RP0000170_CM0000056,H40_G250_RP0000164_CM0000057,H40_G250_RP0000203_CM0000104,H40_G250_RP0000164_CM0000057,H40_G250_RP0000203_CM0000104,0.18194323368305043,0.19317616100717985,CLEAN_REPLAY_RUN_A
KY2017_MATCH_0288,H40_G250_RP0000170_CM0000057,H40_G250_RP0000159_CM0000061,H40_G250_RP0000197_CM0000110,H40_G250_RP0000197_CM0000110,H40_G250_RP0000159_CM0000061,0.15147228103379218,0.17681051477238982,CLEAN_REPLAY_RUN_A
KY2017_MATCH_0289,H40_G250_RP0000170_CM0000058,H40_G250_RP0000163_CM0000040,H40_G250_RP0000165_CM0000047,H40_G250_RP0000165_CM0000047,H40_G250_RP0000163_CM0000040,0.11086773775181719,0.1198285648171338,CLEAN_REPLAY_RUN_A
KY2017_MATCH_0290,H40_G250_RP0000170_CM0000059,H40_G250_RP0000135_CM0000053,H40_G250_RP0000136_CM0000058,H40_G250_RP0000136_CM0000058,H40_G250_RP0000135_CM0000053,0.2974283322204615,0.33109544239333555,CLEAN_REPLAY_RUN_A
KY2017_MATCH_0291,H40_G250_RP0000170_CM0000060,H40_G250_RP0000143_CM0000071,H40_G250_RP0000175_CM0000047,H40_G250_RP0000175_CM0000047,H40_G250_RP0000143_CM0000071,0.19422822789285904,0.22848906644815126,CLEAN_REPLAY_RUN_A
KY2017_MATCH_0292,H40_G250_RP0000170_CM0000061,H40_G250_RP0000134_CM0000052,H40_G250_RP0000190_CM0000045,H40_G250_RP0000134_CM0000052,H40_G250_RP0000190_CM0000045,0.2661293343472132,0.26722578691056126,CLEAN_REPLAY_RUN_A
KY2017_MATCH_0293,H40_G250_RP0000170_CM0000062,H40_G250_RP0000155_CM0000050,H40_G250_RP0000162_CM0000046,H40_G250_RP0000155_CM0000050,H40_G250_RP0000162_CM0000046,0.14596457401780216,0.1829111511646489,CLEAN_REPLAY_RUN_A
KY2017_MATCH_0294,H40_G250_RP0000170_CM0000063,H40_G250_RP0000143_CM0000066,H40_G250_RP0000167_CM0000071,H40_G250_RP0000167_CM0000071,H40_G250_RP0000143_CM0000066,0.11448506536985774,0.23846296277606571,CLEAN_REPLAY_RUN_A
KY2017_MATCH_0295,H40_G250_RP0000170_CM0000064,H40_G250_RP0000158_CM0000056,H40_G250_RP0000160_CM0000057,H40_G250_RP0000158_CM0000056,H40_G250_RP0000160_CM0000057,0.12787268898974929,0.18667147663837291,CLEAN_REPLAY_RUN_A
KY2017_MATCH_0296,H40_G250_RP0000170_CM0000065,H40_G250_RP0000152_CM0000042,H40_G250_RP0000160_CM0000053,H40_G250_RP0000160_CM0000053,H40_G250_RP0000152_CM0000042,0.1636249331415835,0.18232432722649214,CLEAN_REPLAY_RUN_A
KY2017_MATCH_0297,H40_G250_RP0000170_CM0000066,H40_G250_RP0000163_CM0000053,H40_G250_RP0000171_CM0000050,H40_G250_RP0000163_CM0000053,H40_G250_RP0000171_CM0000050,0.13068899830968958,0.1340118613829023,CLEAN_REPLAY_RUN_A
KY2017_MATCH_0298,H40_G250_RP0000170_CM0000067,H40_G250_RP0000133_CM0000059,H40_G250_RP0000164_CM0000050,H40_G250_RP0000164_CM0000050,H40_G250_RP0000133_CM0000059,0.21252878643753642,0.22651512367076201,CLEAN_REPLAY_RUN_A
KY2017_MATCH_0299,H40_G250_RP0000170_CM0000068,H40_G250_RP0000137_CM0000067,H40_G250_RP0000220_CM0000050,H40_G250_RP0000137_CM0000067,H40_G250_RP0000220_CM0000050,0.20557892772218719,0.20791887974087711,CLEAN_REPLAY_RUN_A
KY2017_MATCH_0300,H40_G250_RP0000170_CM0000069,H40_G250_RP0000138_CM0000051,H40_G250_RP0000138_CM0000052,H40_G250_RP0000138_CM0000052,H40_G250_RP0000138_CM0000051,0.12118587400874034,0.13972141201286803,CLEAN_REPLAY_RUN_A
KY2017_MATCH_0301,H40_G250_RP0000170_CM0000070,H40_G250_RP0000166_CM0000058,H40_G250_RP0000197_CM0000104,H40_G250_RP0000166_CM0000058,H40_G250_RP0000197_CM0000104,0.11882661421303174,0.13927425423051931,CLEAN_REPLAY_RUN_A
KY2017_MATCH_0302,H40_G250_RP0000170_CM0000071,H40_G250_RP0000188_CM0000099,H40_G250_RP0000201_CM0000097,H40_G250_RP0000188_CM0000099,H40_G250_RP0000201_CM0000097,0.16149014074137344,0.1643362540920229,CLEAN_REPLAY_RUN_A
KY2017_MATCH_0303,H40_G250_RP0000170_CM0000072,H40_G250_RP0000156_CM0000061,H40_G250_RP0000185_CM0000086,H40_G250_RP0000156_CM0000061,H40_G250_RP0000185_CM0000086,0.24310422897658296,0.26179142008156403,CLEAN_REPLAY_RUN_A
KY2017_MATCH_0304,H40_G250_RP0000170_CM0000073,H40_G250_RP0000200_CM0000109,H40_G250_RP0000227_CM0000067,H40_G250_RP0000200_CM0000109,H40_G250_RP0000227_CM0000067,0.30916381070366894,0.31029184272829663,CLEAN_REPLAY_RUN_A
KY2017_MATCH_0305,H40_G250_RP0000170_CM0000074,H40_G250_RP0000190_CM0000085,H40_G250_RP0000199_CM0000101,H40_G250_RP0000190_CM0000085,H40_G250_RP0000199_CM0000101,0.35190205764780769,0.3560588795395454,CLEAN_REPLAY_RUN_A
KY2017_MATCH_0306,H40_G250_RP0000170_CM0000075,H40_G250_RP0000195_CM0000112,H40_G250_RP0000198_CM0000112,H40_G250_RP0000195_CM0000112,H40_G250_RP0000198_CM0000112,0.30342603388061989,0.39725913945847047,CLEAN_REPLAY_RUN_A
KY2017_MATCH_0307,H40_G250_RP0000170_CM0000076,H40_G250_RP0000133_CM0000094,H40_G250_RP0000133_CM0000095,H40_G250_RP0000133_CM0000095,H40_G250_RP0000133_CM0000094,0.24961413369241339,0.25745525983920781,CLEAN_REPLAY_RUN_A
KY2017_MATCH_0308,H40_G250_RP0000170_CM0000077,H40_G250_RP0000138_CM0000094,H40_G250_RP0000141_CM0000105,H40_G250_RP0000141_CM0000105,H40_G250_RP0000138_CM0000094,0.16002610001269826,0.16391121905676692,CLEAN_REPLAY_RUN_A
KY2017_MATCH_0309,H40_G250_RP0000170_CM0000078,H40_G250_RP0000140_CM0000107,H40_G250_RP0000141_CM0000100,H40_G250_RP0000141_CM0000100,H40_G250_RP0000140_CM0000107,0.18437783505253913,0.18778071484548808,CLEAN_REPLAY_RUN_A
KY2017_MATCH_0310,H40_G250_RP0000170_CM0000079,H40_G250_RP0000139_CM0000103,H40_G250_RP0000213_CM0000134,H40_G250_RP0000139_CM0000103,H40_G250_RP0000213_CM0000134,0.20990589002145932,0.22882519295008436,CLEAN_REPLAY_RUN_A
KY2017_MATCH_0311,H40_G250_RP0000170_CM0000080,H40_G250_RP0000139_CM0000087,H40_G250_RP0000208_CM0000124,H40_G250_RP0000139_CM0000087,H40_G250_RP0000208_CM0000124,0.20822022713823837,0.243841291768362,CLEAN_REPLAY_RUN_A
KY2017_MATCH_0312,H40_G250_RP0000170_CM0000081,H40_G250_RP0000212_CM0000140,H40_G250_RP0000213_CM0000140,H40_G250_RP0000212_CM0000140,H40_G250_RP0000213_CM0000140,0.41296875166748992,0.4185803179264917,CLEAN_REPLAY_RUN_A
KY2017_MATCH_0313,H40_G250_RP0000170_CM0000082,H40_G250_RP0000138_CM0000076,H40_G250_RP0000209_CM0000118,H40_G250_RP0000138_CM0000076,H40_G250_RP0000209_CM0000118,0.20014728526400494,0.29385075495078899,CLEAN_REPLAY_RUN_A
KY2017_MATCH_0314,H40_G250_RP0000170_CM0000083,H40_G250_RP0000137_CM0000093,H40_G250_RP0000142_CM0000083,H40_G250_RP0000137_CM0000093,H40_G250_RP0000142_CM0000083,0.18313915081718335,0.19062155659303445,CLEAN_REPLAY_RUN_A
KY2017_MATCH_0315,H40_G250_RP0000170_CM0000084,H40_G250_RP0000196_CM0000115,H40_G250_RP0000200_CM0000120,H40_G250_RP0000196_CM0000115,H40_G250_RP0000200_CM0000120,0.15938551991416941,0.20501622367339073,CLEAN_REPLAY_RUN_A
KY2017_MATCH_0316,H40_G250_RP0000170_CM0000085,H40_G250_RP0000193_CM0000115,H40_G250_RP0000199_CM0000118,H40_G250_RP0000199_CM0000118,H40_G250_RP0000193_CM0000115,0.16818971281708767,0.17129450413137792,CLEAN_REPLAY_RUN_A
KY2017_MATCH_0317,H40_G250_RP0000170_CM0000086,H40_G250_RP0000195_CM0000116,H40_G250_RP0000197_CM0000114,H40_G250_RP0000195_CM0000116,H40_G250_RP0000197_CM0000114,0.22188309660039446,0.25515096694632339,CLEAN_REPLAY_RUN_A
KY2017_MATCH_0318,H40_G250_RP0000170_CM0000087,H40_G250_RP0000193_CM0000119,H40_G250_RP0000199_CM0000117,H40_G250_RP0000193_CM0000119,H40_G250_RP0000199_CM0000117,0.26254849107664702,0.30996708179064347,CLEAN_REPLAY_RUN_A
KY2017_MATCH_0319,H40_G250_RP0000170_CM0000088,H40_G250_RP0000189_CM0000115,H40_G250_RP0000199_CM0000130,H40_G250_RP0000189_CM0000115,H40_G250_RP0000199_CM0000130,0.19969609688885837,0.236928379143308,CLEAN_REPLAY_RUN_A
KY2017_MATCH_0320,H40_G250_RP0000170_CM0000089,H40_G250_RP0000191_CM0000115,H40_G250_RP0000200_CM0000119,H40_G250_RP0000200_CM0000119,H40_G250_RP0000191_CM0000115,0.21148047334646775,0.2312309251733517,CLEAN_REPLAY_RUN_A
KY2017_MATCH_0321,H40_G250_RP0000170_CM0000090,H40_G250_RP0000190_CM0000123,H40_G250_RP0000201_CM0000115,H40_G250_RP0000190_CM0000123,H40_G250_RP0000201_CM0000115,0.2957207815086203,0.31202090336325433,CLEAN_REPLAY_RUN_A
KY2017_MATCH_0322,H40_G250_RP0000170_CM0000091,H40_G250_RP0000188_CM0000146,H40_G250_RP0000206_CM0000117,H40_G250_RP0000188_CM0000146,H40_G250_RP0000206_CM0000117,0.45937853561754322,0.47593873433050654,CLEAN_REPLAY_RUN_A
KY2017_MATCH_0323,H40_G250_RP0000170_CM0000092,H40_G250_RP0000145_CM0000095,H40_G250_RP0000197_CM0000130,H40_G250_RP0000145_CM0000095,H40_G250_RP0000197_CM0000130,0.36355303407375922,0.50409867420306098,CLEAN_REPLAY_RUN_A
KY2017_MATCH_0324,H40_G250_RP0000170_CM0000093,H40_G250_RP0000164_CM0000082,H40_G250_RP0000165_CM0000081,H40_G250_RP0000165_CM0000081,H40_G250_RP0000164_CM0000082,0.30351384259445402,0.31725193740471636,CLEAN_REPLAY_RUN_A
KY2017_MATCH_0325,H40_G250_RP0000171_CM0000023,H40_G250_RP0000149_CM0000018,H40_G250_RP0000153_CM0000033,H40_G250_RP0000153_CM0000033,H40_G250_RP0000149_CM0000018,0.48502767596373231,0.49422438097691285,CLEAN_REPLAY_RUN_A
KY2017_MATCH_0326,H40_G250_RP0000171_CM0000024,H40_G250_RP0000216_CM0000044,H40_G250_RP0000233_CM0000037,H40_G250_RP0000233_CM0000037,H40_G250_RP0000216_CM0000044,0.36594130830549687,0.38039375196405573,CLEAN_REPLAY_RUN_A
KY2017_MATCH_0327,H40_G250_RP0000171_CM0000025,H40_G250_RP0000168_CM0000025,H40_G250_RP0000175_CM0000021,H40_G250_RP0000168_CM0000025,H40_G250_RP0000175_CM0000021,0.14155084606323598,0.15135286051830626,CLEAN_REPLAY_RUN_A
KY2017_MATCH_0328,H40_G250_RP0000171_CM0000028,H40_G250_RP0000171_CM0000029,H40_G250_RP0000174_CM0000018,H40_G250_RP0000171_CM0000029,H40_G250_RP0000174_CM0000018,0.14300206570400437,0.17422759984962341,CLEAN_REPLAY_RUN_A
KY2017_MATCH_0329,H40_G250_RP0000171_CM0000030,H40_G250_RP0000166_CM0000014,H40_G250_RP0000174_CM0000019,H40_G250_RP0000174_CM0000019,H40_G250_RP0000166_CM0000014,0.14900047483336076,0.16782902689741155,CLEAN_REPLAY_RUN_A
KY2017_MATCH_0330,H40_G250_RP0000171_CM0000031,H40_G250_RP0000191_CM0000038,H40_G250_RP0000195_CM0000046,H40_G250_RP0000195_CM0000046,H40_G250_RP0000191_CM0000038,0.17493097827594617,0.19756383994827906,CLEAN_REPLAY_RUN_A
KY2017_MATCH_0331,H40_G250_RP0000171_CM0000032,H40_G250_RP0000152_CM0000036,H40_G250_RP0000157_CM0000012,H40_G250_RP0000152_CM0000036,H40_G250_RP0000157_CM0000012,0.20392149293643272,0.20862624211995257,CLEAN_REPLAY_RUN_A
KY2017_MATCH_0332,H40_G250_RP0000171_CM0000033,H40_G250_RP0000176_CM0000021,H40_G250_RP0000243_CM0000026,H40_G250_RP0000176_CM0000021,H40_G250_RP0000243_CM0000026,0.15523173968125151,0.22440494029655209,CLEAN_REPLAY_RUN_A
KY2017_MATCH_0333,H40_G250_RP0000171_CM0000034,H40_G250_RP0000153_CM0000015,H40_G250_RP0000164_CM0000021,H40_G250_RP0000164_CM0000021,H40_G250_RP0000153_CM0000015,0.1769840433074307,0.29823278084954269,CLEAN_REPLAY_RUN_A
KY2017_MATCH_0334,H40_G250_RP0000171_CM0000035,H40_G250_RP0000175_CM0000022,H40_G250_RP0000227_CM0000035,H40_G250_RP0000175_CM0000022,H40_G250_RP0000227_CM0000035,0.35745760161103945,0.38343561840703577,CLEAN_REPLAY_RUN_A
KY2017_MATCH_0335,H40_G250_RP0000171_CM0000036,H40_G250_RP0000162_CM0000019,H40_G250_RP0000170_CM0000022,H40_G250_RP0000170_CM0000022,H40_G250_RP0000162_CM0000019,0.11496283246596858,0.16420661843871728,CLEAN_REPLAY_RUN_A
KY2017_MATCH_0336,H40_G250_RP0000171_CM0000037,H40_G250_RP0000158_CM0000012,H40_G250_RP0000221_CM0000051,H40_G250_RP0000221_CM0000051,H40_G250_RP0000158_CM0000012,0.13824048925905497,0.14765968032455815,CLEAN_REPLAY_RUN_A
KY2017_MATCH_0337,H40_G250_RP0000171_CM0000041,H40_G250_RP0000158_CM0000040,H40_G250_RP0000163_CM0000056,H40_G250_RP0000163_CM0000056,H40_G250_RP0000158_CM0000040,0.17525607437059298,0.19502867608419927,CLEAN_REPLAY_RUN_A
KY2017_MATCH_0338,H40_G250_RP0000171_CM0000042,H40_G250_RP0000150_CM0000039,H40_G250_RP0000154_CM0000059,H40_G250_RP0000154_CM0000059,H40_G250_RP0000150_CM0000039,0.16024562870970988,0.20301127187956436,CLEAN_REPLAY_RUN_A
KY2017_MATCH_0339,H40_G250_RP0000171_CM0000043,H40_G250_RP0000135_CM0000058,H40_G250_RP0000167_CM0000042,H40_G250_RP0000135_CM0000058,H40_G250_RP0000167_CM0000042,0.11034755788016096,0.12407600571433275,CLEAN_REPLAY_RUN_A
KY2017_MATCH_0340,H40_G250_RP0000171_CM0000045,H40_G250_RP0000146_CM0000050,H40_G250_RP0000149_CM0000055,H40_G250_RP0000149_CM0000055,H40_G250_RP0000146_CM0000050,0.18877224023304312,0.19335874486102245,CLEAN_REPLAY_RUN_A
KY2017_MATCH_0341,H40_G250_RP0000171_CM0000046,H40_G250_RP0000175_CM0000048,H40_G250_RP0000226_CM0000051,H40_G250_RP0000175_CM0000048,H40_G250_RP0000226_CM0000051,0.25320436446905425,0.2691610262432424,CLEAN_REPLAY_RUN_A
KY2017_MATCH_0342,H40_G250_RP0000171_CM0000047,H40_G250_RP0000165_CM0000040,H40_G250_RP0000169_CM0000039,H40_G250_RP0000165_CM0000040,H40_G250_RP0000169_CM0000039,0.15205213113145655,0.18424870665847565,CLEAN_REPLAY_RUN_A
KY2017_MATCH_0343,H40_G250_RP0000171_CM0000048,H40_G250_RP0000138_CM0000055,H40_G250_RP0000168_CM0000042,H40_G250_RP0000168_CM0000042,H40_G250_RP0000138_CM0000055,0.12805142979565087,0.13916927089068834,CLEAN_REPLAY_RUN_A
KY2017_MATCH_0344,H40_G250_RP0000171_CM0000049,H40_G250_RP0000166_CM0000039,H40_G250_RP0000175_CM0000039,H40_G250_RP0000166_CM0000039,H40_G250_RP0000175_CM0000039,0.082326466198604439,0.1016390360889885,CLEAN_REPLAY_RUN_A
KY2017_MATCH_0345,H40_G250_RP0000171_CM0000051,H40_G250_RP0000134_CM0000055,H40_G250_RP0000149_CM0000046,H40_G250_RP0000134_CM0000055,H40_G250_RP0000149_CM0000046,0.11666115207641392,0.15223683555616357,CLEAN_REPLAY_RUN_A
KY2017_MATCH_0346,H40_G250_RP0000171_CM0000052,H40_G250_RP0000153_CM0000042,H40_G250_RP0000161_CM0000040,H40_G250_RP0000153_CM0000042,H40_G250_RP0000161_CM0000040,0.12250954743248149,0.1501038440894554,CLEAN_REPLAY_RUN_A
KY2017_MATCH_0347,H40_G250_RP0000171_CM0000053,H40_G250_RP0000148_CM0000043,H40_G250_RP0000152_CM0000051,H40_G250_RP0000148_CM0000043,H40_G250_RP0000152_CM0000051,0.12813840479717312,0.13224810549726582,CLEAN_REPLAY_RUN_A
KY2017_MATCH_0348,H40_G250_RP0000171_CM0000054,H40_G250_RP0000185_CM0000055,H40_G250_RP0000238_CM0000054,H40_G250_RP0000185_CM0000055,H40_G250_RP0000238_CM0000054,0.35342192229118707,0.41057071002339623,CLEAN_REPLAY_RUN_A
KY2017_MATCH_0349,H40_G250_RP0000171_CM0000055,H40_G250_RP0000160_CM0000061,H40_G250_RP0000188_CM0000083,H40_G250_RP0000160_CM0000061,H40_G250_RP0000188_CM0000083,0.14857316921126068,0.18154083117004197,CLEAN_REPLAY_RUN_A
KY2017_MATCH_0350,H40_G250_RP0000171_CM0000056,H40_G250_RP0000187_CM0000096,H40_G250_RP0000193_CM0000101,H40_G250_RP0000187_CM0000096,H40_G250_RP0000193_CM0000101,0.15969325088770278,0.17450080396972392,CLEAN_REPLAY_RUN_A
KY2017_MATCH_0351,H40_G250_RP0000171_CM0000057,H40_G250_RP0000159_CM0000062,H40_G250_RP0000190_CM0000100,H40_G250_RP0000159_CM0000062,H40_G250_RP0000190_CM0000100,0.12993177247318718,0.14058243571041984,CLEAN_REPLAY_RUN_A
KY2017_MATCH_0352,H40_G250_RP0000171_CM0000058,H40_G250_RP0000160_CM0000046,H40_G250_RP0000163_CM0000060,H40_G250_RP0000163_CM0000060,H40_G250_RP0000160_CM0000046,0.13144181058531323,0.13391228926422544,CLEAN_REPLAY_RUN_A
KY2017_MATCH_0353,H40_G250_RP0000171_CM0000059,H40_G250_RP0000166_CM0000062,H40_G250_RP0000183_CM0000045,H40_G250_RP0000166_CM0000062,H40_G250_RP0000183_CM0000045,0.28226271190229868,0.29127304358990669,CLEAN_REPLAY_RUN_A
KY2017_MATCH_0354,H40_G250_RP0000171_CM0000060,H40_G250_RP0000140_CM0000060,H40_G250_RP0000166_CM0000061,H40_G250_RP0000166_CM0000061,H40_G250_RP0000140_CM0000060,0.20598381246531644,0.20651855425579624,CLEAN_REPLAY_RUN_A
KY2017_MATCH_0355,H40_G250_RP0000171_CM0000061,H40_G250_RP0000154_CM0000032,H40_G250_RP0000164_CM0000066,H40_G250_RP0000164_CM0000066,H40_G250_RP0000154_CM0000032,0.34892435437744218,0.3732274484450413,CLEAN_REPLAY_RUN_A
KY2017_MATCH_0356,H40_G250_RP0000171_CM0000062,H40_G250_RP0000155_CM0000057,H40_G250_RP0000181_CM0000048,H40_G250_RP0000155_CM0000057,H40_G250_RP0000181_CM0000048,0.16703190067073403,0.18046436939742611,CLEAN_REPLAY_RUN_A
KY2017_MATCH_0357,H40_G250_RP0000171_CM0000063,H40_G250_RP0000158_CM0000042,H40_G250_RP0000174_CM0000052,H40_G250_RP0000174_CM0000052,H40_G250_RP0000158_CM0000042,0.16321983182122141,0.18626485627811326,CLEAN_REPLAY_RUN_A
KY2017_MATCH_0358,H40_G250_RP0000171_CM0000064,H40_G250_RP0000158_CM0000055,H40_G250_RP0000161_CM0000053,H40_G250_RP0000158_CM0000055,H40_G250_RP0000161_CM0000053,0.13762928137073849,0.19590037496753876,CLEAN_REPLAY_RUN_A
KY2017_MATCH_0359,H40_G250_RP0000171_CM0000065,H40_G250_RP0000159_CM0000055,H40_G250_RP0000159_CM0000056,H40_G250_RP0000159_CM0000056,H40_G250_RP0000159_CM0000055,0.13881734536374163,0.14083815135292146,CLEAN_REPLAY_RUN_A
KY2017_MATCH_0360,H40_G250_RP0000171_CM0000066,H40_G250_RP0000160_CM0000056,H40_G250_RP0000163_CM0000030,H40_G250_RP0000160_CM0000056,H40_G250_RP0000163_CM0000030,0.16386024628314538,0.17968792835991804,CLEAN_REPLAY_RUN_A
KY2017_MATCH_0361,H40_G250_RP0000171_CM0000067,H40_G250_RP0000175_CM0000042,H40_G250_RP0000220_CM0000043,H40_G250_RP0000175_CM0000042,H40_G250_RP0000220_CM0000043,0.12991157223588462,0.17067577642989684,CLEAN_REPLAY_RUN_A
KY2017_MATCH_0362,H40_G250_RP0000171_CM0000068,H40_G250_RP0000174_CM0000042,H40_G250_RP0000175_CM0000041,H40_G250_RP0000175_CM0000041,H40_G250_RP0000174_CM0000042,0.13899286313889328,0.15805715262375389,CLEAN_REPLAY_RUN_A
KY2017_MATCH_0363,H40_G250_RP0000171_CM0000069,H40_G250_RP0000183_CM0000095,H40_G250_RP0000222_CM0000057,H40_G250_RP0000183_CM0000095,H40_G250_RP0000222_CM0000057,0.16489333206762039,0.19720498839856168,CLEAN_REPLAY_RUN_A
KY2017_MATCH_0364,H40_G250_RP0000171_CM0000070,H40_G250_RP0000191_CM0000083,H40_G250_RP0000202_CM0000101,H40_G250_RP0000191_CM0000083,H40_G250_RP0000202_CM0000101,0.14376414266431625,0.15851163073266902,CLEAN_REPLAY_RUN_A
KY2017_MATCH_0365,H40_G250_RP0000171_CM0000071,H40_G250_RP0000188_CM0000084,H40_G250_RP0000196_CM0000085,H40_G250_RP0000188_CM0000084,H40_G250_RP0000196_CM0000085,0.14246746888733378,0.16663621549110832,CLEAN_REPLAY_RUN_A
KY2017_MATCH_0366,H40_G250_RP0000171_CM0000072,H40_G250_RP0000185_CM0000077,H40_G250_RP0000196_CM0000086,H40_G250_RP0000185_CM0000077,H40_G250_RP0000196_CM0000086,0.19724687476308242,0.22540362679373085,CLEAN_REPLAY_RUN_A
KY2017_MATCH_0367,H40_G250_RP0000171_CM0000073,H40_G250_RP0000197_CM0000102,H40_G250_RP0000201_CM0000090,H40_G250_RP0000201_CM0000090,H40_G250_RP0000197_CM0000102,0.22432251670704928,0.2246949235712806,CLEAN_REPLAY_RUN_A
KY2017_MATCH_0368,H40_G250_RP0000171_CM0000074,H40_G250_RP0000190_CM0000086,H40_G250_RP0000198_CM0000099,H40_G250_RP0000190_CM0000086,H40_G250_RP0000198_CM0000099,0.21977323863661627,0.2446628374808002,CLEAN_REPLAY_RUN_A
KY2017_MATCH_0369,H40_G250_RP0000171_CM0000075,H40_G250_RP0000205_CM0000112,H40_G250_RP0000208_CM0000112,H40_G250_RP0000205_CM0000112,H40_G250_RP0000208_CM0000112,0.29323021188315174,0.30062667888344891,CLEAN_REPLAY_RUN_A
KY2017_MATCH_0370,H40_G250_RP0000171_CM0000076,H40_G250_RP0000133_CM0000092,H40_G250_RP0000136_CM0000103,H40_G250_RP0000133_CM0000092,H40_G250_RP0000136_CM0000103,0.19539645729195729,0.28273436768074045,CLEAN_REPLAY_RUN_A
KY2017_MATCH_0371,H40_G250_RP0000171_CM0000077,H40_G250_RP0000141_CM0000098,H40_G250_RP0000143_CM0000101,H40_G250_RP0000141_CM0000098,H40_G250_RP0000143_CM0000101,0.1403075252354207,0.18196034951520618,CLEAN_REPLAY_RUN_A
KY2017_MATCH_0372,H40_G250_RP0000171_CM0000078,H40_G250_RP0000141_CM0000110,H40_G250_RP0000207_CM0000132,H40_G250_RP0000141_CM0000110,H40_G250_RP0000207_CM0000132,0.21326413553085122,0.23001411786675374,CLEAN_REPLAY_RUN_A
KY2017_MATCH_0373,H40_G250_RP0000171_CM0000079,H40_G250_RP0000138_CM0000089,H40_G250_RP0000209_CM0000122,H40_G250_RP0000138_CM0000089,H40_G250_RP0000209_CM0000122,0.18380335547174778,0.19679578757430818,CLEAN_REPLAY_RUN_A
KY2017_MATCH_0374,H40_G250_RP0000171_CM0000080,H40_G250_RP0000142_CM0000101,H40_G250_RP0000143_CM0000109,H40_G250_RP0000142_CM0000101,H40_G250_RP0000143_CM0000109,0.24805092000137924,0.31039901519005902,CLEAN_REPLAY_RUN_A
KY2017_MATCH_0375,H40_G250_RP0000171_CM0000081,H40_G250_RP0000206_CM0000120,H40_G250_RP0000208_CM0000119,H40_G250_RP0000208_CM0000119,H40_G250_RP0000206_CM0000120,0.30328856538884214,0.317989921153434,CLEAN_REPLAY_RUN_A
KY2017_MATCH_0376,H40_G250_RP0000171_CM0000082,H40_G250_RP0000140_CM0000083,H40_G250_RP0000206_CM0000121,H40_G250_RP0000206_CM0000121,H40_G250_RP0000140_CM0000083,0.20122296802275205,0.20189616695268664,CLEAN_REPLAY_RUN_A
KY2017_MATCH_0377,H40_G250_RP0000171_CM0000083,H40_G250_RP0000191_CM0000117,H40_G250_RP0000193_CM0000120,H40_G250_RP0000193_CM0000120,H40_G250_RP0000191_CM0000117,0.19275860829966507,0.2237091325800156,CLEAN_REPLAY_RUN_A
KY2017_MATCH_0378,H40_G250_RP0000171_CM0000084,H40_G250_RP0000190_CM0000118,H40_G250_RP0000192_CM0000122,H40_G250_RP0000192_CM0000122,H40_G250_RP0000190_CM0000118,0.21324174635466464,0.2266076666907928,CLEAN_REPLAY_RUN_A
KY2017_MATCH_0379,H40_G250_RP0000171_CM0000085,H40_G250_RP0000200_CM0000117,H40_G250_RP0000205_CM0000127,H40_G250_RP0000200_CM0000117,H40_G250_RP0000205_CM0000127,0.26228544711960472,0.29077494060636938,CLEAN_REPLAY_RUN_A
KY2017_MATCH_0380,H40_G250_RP0000171_CM0000086,H40_G250_RP0000194_CM0000119,H40_G250_RP0000201_CM0000130,H40_G250_RP0000194_CM0000119,H40_G250_RP0000201_CM0000130,0.26357240589553932,0.32650051296743393,CLEAN_REPLAY_RUN_A
KY2017_MATCH_0381,H40_G250_RP0000171_CM0000087,H40_G250_RP0000199_CM0000116,H40_G250_RP0000205_CM0000126,H40_G250_RP0000205_CM0000126,H40_G250_RP0000199_CM0000116,0.19367436322909753,0.24583320562246427,CLEAN_REPLAY_RUN_A
KY2017_MATCH_0382,H40_G250_RP0000171_CM0000088,H40_G250_RP0000198_CM0000118,H40_G250_RP0000202_CM0000131,H40_G250_RP0000202_CM0000131,H40_G250_RP0000198_CM0000118,0.26820786698232962,0.28485917632932983,CLEAN_REPLAY_RUN_A
KY2017_MATCH_0383,H40_G250_RP0000171_CM0000089,H40_G250_RP0000189_CM0000114,H40_G250_RP0000191_CM0000116,H40_G250_RP0000189_CM0000114,H40_G250_RP0000191_CM0000116,0.19949397655639386,0.26067271353771815,CLEAN_REPLAY_RUN_A
KY2017_MATCH_0384,H40_G250_RP0000171_CM0000090,H40_G250_RP0000188_CM0000147,H40_G250_RP0000190_CM0000116,H40_G250_RP0000188_CM0000147,H40_G250_RP0000190_CM0000116,0.298102773705895,0.35691001128540806,CLEAN_REPLAY_RUN_A
KY2017_MATCH_0385,H40_G250_RP0000171_CM0000091,H40_G250_RP0000199_CM0000122,H40_G250_RP0000209_CM0000113,H40_G250_RP0000209_CM0000113,H40_G250_RP0000199_CM0000122,0.47554348225836351,0.51939811521648294,CLEAN_REPLAY_RUN_A
KY2017_MATCH_0386,H40_G250_RP0000171_CM0000092,H40_G250_RP0000163_CM0000088,H40_G250_RP0000204_CM0000119,H40_G250_RP0000163_CM0000088,H40_G250_RP0000204_CM0000119,0.14367684478175446,0.24655339730108039,CLEAN_REPLAY_RUN_A
KY2017_MATCH_0387,H40_G250_RP0000171_CM0000093,H40_G250_RP0000188_CM0000120,H40_G250_RP0000203_CM0000123,H40_G250_RP0000203_CM0000123,H40_G250_RP0000188_CM0000120,0.27221286437932035,0.32124407728277621,CLEAN_REPLAY_RUN_A
KY2017_MATCH_0388,H40_G250_RP0000171_CM0000094,H40_G250_RP0000187_CM0000120,H40_G250_RP0000189_CM0000146,H40_G250_RP0000189_CM0000146,H40_G250_RP0000187_CM0000120,0.36625295770176258,0.37947522304700332,CLEAN_REPLAY_RUN_A
KY2017_MATCH_0389,H40_G250_RP0000172_CM0000018,H40_G250_RP0000169_CM0000019,H40_G250_RP0000170_CM0000018,H40_G250_RP0000169_CM0000019,H40_G250_RP0000170_CM0000018,0.14496953199839596,0.20775571214579031,CLEAN_REPLAY_RUN_A
KY2017_MATCH_0390,H40_G250_RP0000172_CM0000019,H40_G250_RP0000171_CM0000019,H40_G250_RP0000173_CM0000019,H40_G250_RP0000173_CM0000019,H40_G250_RP0000171_CM0000019,0.12788311255360771,0.18001433518580115,CLEAN_REPLAY_RUN_A
KY2017_MATCH_0391,H40_G250_RP0000172_CM0000024,H40_G250_RP0000169_CM0000022,H40_G250_RP0000170_CM0000024,H40_G250_RP0000170_CM0000024,H40_G250_RP0000169_CM0000022,0.15907648344068823,0.19099013403145013,CLEAN_REPLAY_RUN_A
KY2017_MATCH_0392,H40_G250_RP0000172_CM0000025,H40_G250_RP0000168_CM0000020,H40_G250_RP0000168_CM0000021,H40_G250_RP0000168_CM0000020,H40_G250_RP0000168_CM0000021,0.12918882517471572,0.13745333993477535,CLEAN_REPLAY_RUN_A
KY2017_MATCH_0393,H40_G250_RP0000172_CM0000027,H40_G250_RP0000169_CM0000017,H40_G250_RP0000172_CM0000026,H40_G250_RP0000172_CM0000026,H40_G250_RP0000169_CM0000017,0.11899993260423689,0.14943960958341618,CLEAN_REPLAY_RUN_A
KY2017_MATCH_0394,H40_G250_RP0000172_CM0000028,H40_G250_RP0000169_CM0000016,H40_G250_RP0000172_CM0000017,H40_G250_RP0000169_CM0000016,H40_G250_RP0000172_CM0000017,0.14668919996501731,0.15066554156033068,CLEAN_REPLAY_RUN_A
KY2017_MATCH_0395,H40_G250_RP0000172_CM0000029,H40_G250_RP0000170_CM0000015,H40_G250_RP0000173_CM0000017,H40_G250_RP0000170_CM0000015,H40_G250_RP0000173_CM0000017,0.11028069846966976,0.11518103570244739,CLEAN_REPLAY_RUN_A
KY2017_MATCH_0396,H40_G250_RP0000172_CM0000030,H40_G250_RP0000173_CM0000026,H40_G250_RP0000246_CM0000034,H40_G250_RP0000173_CM0000026,H40_G250_RP0000246_CM0000034,0.13038659596078961,0.14865760845095638,CLEAN_REPLAY_RUN_A
KY2017_MATCH_0397,H40_G250_RP0000172_CM0000033,H40_G250_RP0000160_CM0000018,H40_G250_RP0000165_CM0000037,H40_G250_RP0000160_CM0000018,H40_G250_RP0000165_CM0000037,0.12907655795064121,0.1634813824519088,CLEAN_REPLAY_RUN_A
KY2017_MATCH_0398,H40_G250_RP0000172_CM0000034,H40_G250_RP0000160_CM0000019,H40_G250_RP0000160_CM0000021,H40_G250_RP0000160_CM0000019,H40_G250_RP0000160_CM0000021,0.17177166519004153,0.1835891506606756,CLEAN_REPLAY_RUN_A
KY2017_MATCH_0399,H40_G250_RP0000172_CM0000036,H40_G250_RP0000168_CM0000024,H40_G250_RP0000173_CM0000034,H40_G250_RP0000168_CM0000024,H40_G250_RP0000173_CM0000034,0.12001341910801788,0.13403287408191744,CLEAN_REPLAY_RUN_A
KY2017_MATCH_0400,H40_G250_RP0000172_CM0000037,H40_G250_RP0000167_CM0000026,H40_G250_RP0000169_CM0000034,H40_G250_RP0000169_CM0000034,H40_G250_RP0000167_CM0000026,0.10198074909359017,0.15218655565562542,CLEAN_REPLAY_RUN_A
KY2017_MATCH_0401,H40_G250_RP0000172_CM0000040,H40_G250_RP0000160_CM0000039,H40_G250_RP0000162_CM0000047,H40_G250_RP0000162_CM0000047,H40_G250_RP0000160_CM0000039,0.10286468873871775,0.1089771437806922,CLEAN_REPLAY_RUN_A
KY2017_MATCH_0402,H40_G250_RP0000172_CM0000041,H40_G250_RP0000137_CM0000061,H40_G250_RP0000174_CM0000043,H40_G250_RP0000174_CM0000043,H40_G250_RP0000137_CM0000061,0.093178463003348921,0.12773812789991668,CLEAN_REPLAY_RUN_A
KY2017_MATCH_0403,H40_G250_RP0000172_CM0000042,H40_G250_RP0000153_CM0000039,H40_G250_RP0000173_CM0000042,H40_G250_RP0000173_CM0000042,H40_G250_RP0000153_CM0000039,0.15306046721071107,0.18631169213924242,CLEAN_REPLAY_RUN_A
KY2017_MATCH_0404,H40_G250_RP0000172_CM0000047,H40_G250_RP0000167_CM0000040,H40_G250_RP0000168_CM0000039,H40_G250_RP0000168_CM0000039,H40_G250_RP0000167_CM0000040,0.32706811732320218,0.35645485941233196,CLEAN_REPLAY_RUN_A
KY2017_MATCH_0405,H40_G250_RP0000172_CM0000048,H40_G250_RP0000153_CM0000049,H40_G250_RP0000239_CM0000059,H40_G250_RP0000239_CM0000059,H40_G250_RP0000153_CM0000049,0.16485898558711864,0.16543139687410552,CLEAN_REPLAY_RUN_A
KY2017_MATCH_0406,H40_G250_RP0000172_CM0000049,H40_G250_RP0000161_CM0000039,H40_G250_RP0000178_CM0000044,H40_G250_RP0000161_CM0000039,H40_G250_RP0000178_CM0000044,0.14271280729114147,0.14662393439861157,CLEAN_REPLAY_RUN_A
KY2017_MATCH_0407,H40_G250_RP0000172_CM0000050,H40_G250_RP0000169_CM0000043,H40_G250_RP0000240_CM0000064,H40_G250_RP0000169_CM0000043,H40_G250_RP0000240_CM0000064,0.11455592153354185,0.16702563249639568,CLEAN_REPLAY_RUN_A
KY2017_MATCH_0408,H40_G250_RP0000172_CM0000051,H40_G250_RP0000137_CM0000051,H40_G250_RP0000158_CM0000049,H40_G250_RP0000158_CM0000049,H40_G250_RP0000137_CM0000051,0.10667722277703029,0.13678718604832085,CLEAN_REPLAY_RUN_A
KY2017_MATCH_0409,H40_G250_RP0000172_CM0000053,H40_G250_RP0000152_CM0000043,H40_G250_RP0000172_CM0000039,H40_G250_RP0000172_CM0000039,H40_G250_RP0000152_CM0000043,0.068905536800336134,0.13369356372055757,CLEAN_REPLAY_RUN_A
KY2017_MATCH_0410,H40_G250_RP0000172_CM0000055,H40_G250_RP0000194_CM0000099,H40_G250_RP0000194_CM0000101,H40_G250_RP0000194_CM0000099,H40_G250_RP0000194_CM0000101,0.14772437276300698,0.15841710352101807,CLEAN_REPLAY_RUN_A
KY2017_MATCH_0411,H40_G250_RP0000172_CM0000056,H40_G250_RP0000188_CM0000102,H40_G250_RP0000198_CM0000110,H40_G250_RP0000198_CM0000110,H40_G250_RP0000188_CM0000102,0.15483716488593149,0.16008763849672256,CLEAN_REPLAY_RUN_A
KY2017_MATCH_0412,H40_G250_RP0000172_CM0000057,H40_G250_RP0000163_CM0000057,H40_G250_RP0000186_CM0000100,H40_G250_RP0000163_CM0000057,H40_G250_RP0000186_CM0000100,0.18338963356954255,0.18878473299640108,CLEAN_REPLAY_RUN_A
KY2017_MATCH_0413,H40_G250_RP0000172_CM0000058,H40_G250_RP0000138_CM0000062,H40_G250_RP0000194_CM0000059,H40_G250_RP0000138_CM0000062,H40_G250_RP0000194_CM0000059,0.32803297248985586,0.41121153090122381,CLEAN_REPLAY_RUN_A
KY2017_MATCH_0414,H40_G250_RP0000172_CM0000059,H40_G250_RP0000163_CM0000063,H40_G250_RP0000169_CM0000047,H40_G250_RP0000169_CM0000047,H40_G250_RP0000163_CM0000063,0.2683096742164241,0.28766914186705855,CLEAN_REPLAY_RUN_A
KY2017_MATCH_0415,H40_G250_RP0000172_CM0000060,H40_G250_RP0000142_CM0000063,H40_G250_RP0000146_CM0000038,H40_G250_RP0000142_CM0000063,H40_G250_RP0000146_CM0000038,0.18941158953228476,0.19455958355811415,CLEAN_REPLAY_RUN_A
KY2017_MATCH_0416,H40_G250_RP0000172_CM0000061,H40_G250_RP0000146_CM0000069,H40_G250_RP0000236_CM0000057,H40_G250_RP0000146_CM0000069,H40_G250_RP0000236_CM0000057,0.39608657923609586,0.44416426504387474,CLEAN_REPLAY_RUN_A
KY2017_MATCH_0417,H40_G250_RP0000172_CM0000062,H40_G250_RP0000134_CM0000059,H40_G250_RP0000151_CM0000039,H40_G250_RP0000134_CM0000059,H40_G250_RP0000151_CM0000039,0.18234175416732656,0.21597388939654172,CLEAN_REPLAY_RUN_A
KY2017_MATCH_0418,H40_G250_RP0000172_CM0000063,H40_G250_RP0000157_CM0000056,H40_G250_RP0000159_CM0000038,H40_G250_RP0000157_CM0000056,H40_G250_RP0000159_CM0000038,0.1729703656950832,0.21147758760027754,CLEAN_REPLAY_RUN_A
KY2017_MATCH_0419,H40_G250_RP0000172_CM0000064,H40_G250_RP0000153_CM0000043,H40_G250_RP0000159_CM0000057,H40_G250_RP0000159_CM0000057,H40_G250_RP0000153_CM0000043,0.18634501560152816,0.19077652331972358,CLEAN_REPLAY_RUN_A
KY2017_MATCH_0420,H40_G250_RP0000172_CM0000065,H40_G250_RP0000153_CM0000051,H40_G250_RP0000220_CM0000052,H40_G250_RP0000153_CM0000051,H40_G250_RP0000220_CM0000052,0.2027855745579209,0.21008010817304995,CLEAN_REPLAY_RUN_A
KY2017_MATCH_0421,H40_G250_RP0000172_CM0000066,H40_G250_RP0000157_CM0000053,H40_G250_RP0000159_CM0000054,H40_G250_RP0000159_CM0000054,H40_G250_RP0000157_CM0000053,0.13731484537474392,0.16979687334556315,CLEAN_REPLAY_RUN_A
KY2017_MATCH_0422,H40_G250_RP0000172_CM0000067,H40_G250_RP0000133_CM0000054,H40_G250_RP0000134_CM0000057,H40_G250_RP0000134_CM0000057,H40_G250_RP0000133_CM0000054,0.16126918483537361,0.16603089098610505,CLEAN_REPLAY_RUN_A
KY2017_MATCH_0423,H40_G250_RP0000172_CM0000068,H40_G250_RP0000134_CM0000054,H40_G250_RP0000161_CM0000048,H40_G250_RP0000161_CM0000048,H40_G250_RP0000134_CM0000054,0.14081765216071493,0.14477241621602904,CLEAN_REPLAY_RUN_A
KY2017_MATCH_0424,H40_G250_RP0000172_CM0000069,H40_G250_RP0000160_CM0000060,H40_G250_RP0000192_CM0000085,H40_G250_RP0000192_CM0000085,H40_G250_RP0000160_CM0000060,0.17015132683800391,0.19727813929716528,CLEAN_REPLAY_RUN_A
KY2017_MATCH_0425,H40_G250_RP0000172_CM0000070,H40_G250_RP0000181_CM0000089,H40_G250_RP0000197_CM0000105,H40_G250_RP0000181_CM0000089,H40_G250_RP0000197_CM0000105,0.1577531165109152,0.17701716074087667,CLEAN_REPLAY_RUN_A
KY2017_MATCH_0426,H40_G250_RP0000172_CM0000071,H40_G250_RP0000184_CM0000077,H40_G250_RP0000198_CM0000101,H40_G250_RP0000184_CM0000077,H40_G250_RP0000198_CM0000101,0.14896234022181493,0.15495543707355303,CLEAN_REPLAY_RUN_A
KY2017_MATCH_0427,H40_G250_RP0000172_CM0000072,H40_G250_RP0000183_CM0000090,H40_G250_RP0000245_CM0000043,H40_G250_RP0000183_CM0000090,H40_G250_RP0000245_CM0000043,0.18444907338402469,0.20258591248790508,CLEAN_REPLAY_RUN_A
KY2017_MATCH_0428,H40_G250_RP0000172_CM0000073,H40_G250_RP0000199_CM0000098,H40_G250_RP0000199_CM0000099,H40_G250_RP0000199_CM0000098,H40_G250_RP0000199_CM0000099,0.1548015961196369,0.16913019155437664,CLEAN_REPLAY_RUN_A
KY2017_MATCH_0429,H40_G250_RP0000172_CM0000074,H40_G250_RP0000189_CM0000085,H40_G250_RP0000199_CM0000090,H40_G250_RP0000189_CM0000085,H40_G250_RP0000199_CM0000090,0.16826059154070763,0.17826349937803951,CLEAN_REPLAY_RUN_A
KY2017_MATCH_0430,H40_G250_RP0000172_CM0000075,H40_G250_RP0000136_CM0000102,H40_G250_RP0000165_CM0000078,H40_G250_RP0000165_CM0000078,H40_G250_RP0000136_CM0000102,0.22705799800539478,0.36894154891114533,CLEAN_REPLAY_RUN_A
KY2017_MATCH_0431,H40_G250_RP0000172_CM0000076,H40_G250_RP0000205_CM0000128,H40_G250_RP0000206_CM0000128,H40_G250_RP0000205_CM0000128,H40_G250_RP0000206_CM0000128,0.23377852618971695,0.23811717847985969,CLEAN_REPLAY_RUN_A
KY2017_MATCH_0432,H40_G250_RP0000172_CM0000077,H40_G250_RP0000206_CM0000126,H40_G250_RP0000207_CM0000131,H40_G250_RP0000206_CM0000126,H40_G250_RP0000207_CM0000131,0.19888471380495143,0.23571501634045705,CLEAN_REPLAY_RUN_A
KY2017_MATCH_0433,H40_G250_RP0000172_CM0000078,H40_G250_RP0000141_CM0000080,H40_G250_RP0000208_CM0000132,H40_G250_RP0000141_CM0000080,H40_G250_RP0000208_CM0000132,0.18560105332758731,0.20058826270495025,CLEAN_REPLAY_RUN_A
KY2017_MATCH_0434,H40_G250_RP0000172_CM0000079,H40_G250_RP0000141_CM0000111,H40_G250_RP0000204_CM0000135,H40_G250_RP0000204_CM0000135,H40_G250_RP0000141_CM0000111,0.2664822595107037,0.29235078534035808,CLEAN_REPLAY_RUN_A
KY2017_MATCH_0435,H40_G250_RP0000172_CM0000080,H40_G250_RP0000138_CM0000091,H40_G250_RP0000141_CM0000096,H40_G250_RP0000138_CM0000091,H40_G250_RP0000141_CM0000096,0.23724450325580027,0.36300920082924104,CLEAN_REPLAY_RUN_A
KY2017_MATCH_0436,H40_G250_RP0000172_CM0000081,H40_G250_RP0000139_CM0000084,H40_G250_RP0000209_CM0000119,H40_G250_RP0000139_CM0000084,H40_G250_RP0000209_CM0000119,0.21574201083406713,0.24445498944802052,CLEAN_REPLAY_RUN_A
KY2017_MATCH_0437,H40_G250_RP0000172_CM0000082,H40_G250_RP0000192_CM0000120,H40_G250_RP0000201_CM0000119,H40_G250_RP0000192_CM0000120,H40_G250_RP0000201_CM0000119,0.25070568038935415,0.26083154552045917,CLEAN_REPLAY_RUN_A
KY2017_MATCH_0438,H40_G250_RP0000172_CM0000083,H40_G250_RP0000200_CM0000115,H40_G250_RP0000202_CM0000127,H40_G250_RP0000200_CM0000115,H40_G250_RP0000202_CM0000127,0.21571516133189494,0.25661641638942395,CLEAN_REPLAY_RUN_A
KY2017_MATCH_0439,H40_G250_RP0000172_CM0000084,H40_G250_RP0000192_CM0000121,H40_G250_RP0000194_CM0000120,H40_G250_RP0000194_CM0000120,H40_G250_RP0000192_CM0000121,0.27327574485873413,0.3442454626799209,CLEAN_REPLAY_RUN_A
KY2017_MATCH_0440,H40_G250_RP0000172_CM0000085,H40_G250_RP0000137_CM0000091,H40_G250_RP0000191_CM0000114,H40_G250_RP0000137_CM0000091,H40_G250_RP0000191_CM0000114,0.18732791880066524,0.27068488303003801,CLEAN_REPLAY_RUN_A
KY2017_MATCH_0441,H40_G250_RP0000172_CM0000086,H40_G250_RP0000163_CM0000079,H40_G250_RP0000190_CM0000114,H40_G250_RP0000163_CM0000079,H40_G250_RP0000190_CM0000114,0.13392068726390846,0.23606713162064344,CLEAN_REPLAY_RUN_A
KY2017_MATCH_0442,H40_G250_RP0000172_CM0000087,H40_G250_RP0000192_CM0000115,H40_G250_RP0000192_CM0000116,H40_G250_RP0000192_CM0000115,H40_G250_RP0000192_CM0000116,0.23690623496726793,0.25824997432656627,CLEAN_REPLAY_RUN_A
KY2017_MATCH_0443,H40_G250_RP0000172_CM0000088,H40_G250_RP0000191_CM0000118,H40_G250_RP0000191_CM0000121,H40_G250_RP0000191_CM0000118,H40_G250_RP0000191_CM0000121,0.21100831446367674,0.2117092202951843,CLEAN_REPLAY_RUN_A
KY2017_MATCH_0444,H40_G250_RP0000172_CM0000089,H40_G250_RP0000190_CM0000122,H40_G250_RP0000202_CM0000125,H40_G250_RP0000190_CM0000122,H40_G250_RP0000202_CM0000125,0.21399357134667452,0.23212872341699678,CLEAN_REPLAY_RUN_A
KY2017_MATCH_0445,H40_G250_RP0000172_CM0000090,H40_G250_RP0000144_CM0000093,H40_G250_RP0000201_CM0000117,H40_G250_RP0000144_CM0000093,H40_G250_RP0000201_CM0000117,0.28171668694416063,0.30928490079696597,CLEAN_REPLAY_RUN_A
KY2017_MATCH_0446,H40_G250_RP0000172_CM0000091,H40_G250_RP0000197_CM0000134,H40_G250_RP0000207_CM0000113,H40_G250_RP0000207_CM0000113,H40_G250_RP0000197_CM0000134,0.27873222471194092,0.33369676761498634,CLEAN_REPLAY_RUN_A
KY2017_MATCH_0447,H40_G250_RP0000172_CM0000092,H40_G250_RP0000201_CM0000133,H40_G250_RP0000203_CM0000118,H40_G250_RP0000203_CM0000118,H40_G250_RP0000201_CM0000133,0.32884373236810183,0.34555694823354904,CLEAN_REPLAY_RUN_A
KY2017_MATCH_0448,H40_G250_RP0000172_CM0000095,H40_G250_RP0000160_CM0000083,H40_G250_RP0000188_CM0000121,H40_G250_RP0000160_CM0000083,H40_G250_RP0000188_CM0000121,0.15171565352293906,0.23579935385559544,CLEAN_REPLAY_RUN_A
KY2017_MATCH_0449,H40_G250_RP0000172_CM0000096,H40_G250_RP0000172_CM0000094,H40_G250_RP0000206_CM0000113,H40_G250_RP0000172_CM0000094,H40_G250_RP0000206_CM0000113,0.19942854213189151,0.25466849815905312,CLEAN_REPLAY_RUN_A
KY2017_MATCH_0450,H40_G250_RP0000173_CM0000023,H40_G250_RP0000140_CM0000065,H40_G250_RP0000177_CM0000023,H40_G250_RP0000140_CM0000065,H40_G250_RP0000177_CM0000023,0.29138491119101512,0.49794090645817518,CLEAN_REPLAY_RUN_A
KY2017_MATCH_0451,H40_G250_RP0000173_CM0000024,H40_G250_RP0000167_CM0000023,H40_G250_RP0000172_CM0000021,H40_G250_RP0000167_CM0000023,H40_G250_RP0000172_CM0000021,0.16553823074974566,0.16960252372790227,CLEAN_REPLAY_RUN_A
KY2017_MATCH_0452,H40_G250_RP0000173_CM0000025,H40_G250_RP0000174_CM0000024,H40_G250_RP0000174_CM0000025,H40_G250_RP0000174_CM0000024,H40_G250_RP0000174_CM0000025,0.14189338353830766,0.1800731603917527,CLEAN_REPLAY_RUN_A
KY2017_MATCH_0453,H40_G250_RP0000173_CM0000027,H40_G250_RP0000168_CM0000015,H40_G250_RP0000244_CM0000031,H40_G250_RP0000168_CM0000015,H40_G250_RP0000244_CM0000031,0.16510122773857477,0.17794672584831783,CLEAN_REPLAY_RUN_A
KY2017_MATCH_0454,H40_G250_RP0000173_CM0000029,H40_G250_RP0000171_CM0000016,H40_G250_RP0000173_CM0000028,H40_G250_RP0000173_CM0000028,H40_G250_RP0000171_CM0000016,0.074212781968753444,0.15087464579208415,CLEAN_REPLAY_RUN_A
KY2017_MATCH_0455,H40_G250_RP0000173_CM0000030,H40_G250_RP0000170_CM0000019,H40_G250_RP0000170_CM0000027,H40_G250_RP0000170_CM0000019,H40_G250_RP0000170_CM0000027,0.13701481909285609,0.2020528343215256,CLEAN_REPLAY_RUN_A
KY2017_MATCH_0456,H40_G250_RP0000173_CM0000033,H40_G250_RP0000169_CM0000021,H40_G250_RP0000170_CM0000021,H40_G250_RP0000170_CM0000021,H40_G250_RP0000169_CM0000021,0.13126390296924298,0.13336870568565368,CLEAN_REPLAY_RUN_A
KY2017_MATCH_0457,H40_G250_RP0000173_CM0000035,H40_G250_RP0000136_CM0000055,H40_G250_RP0000174_CM0000035,H40_G250_RP0000174_CM0000035,H40_G250_RP0000136_CM0000055,0.28468746909842729,0.29923424321169911,CLEAN_REPLAY_RUN_A
KY2017_MATCH_0458,H40_G250_RP0000173_CM0000036,H40_G250_RP0000162_CM0000018,H40_G250_RP0000173_CM0000022,H40_G250_RP0000173_CM0000022,H40_G250_RP0000162_CM0000018,0.14815523117421686,0.21250345553105021,CLEAN_REPLAY_RUN_A
KY2017_MATCH_0459,H40_G250_RP0000173_CM0000037,H40_G250_RP0000160_CM0000020,H40_G250_RP0000171_CM0000022,H40_G250_RP0000171_CM0000022,H40_G250_RP0000160_CM0000020,0.12197130714962207,0.16645448806682278,CLEAN_REPLAY_RUN_A
KY2017_MATCH_0460,H40_G250_RP0000173_CM0000038,H40_G250_RP0000157_CM0000042,H40_G250_RP0000160_CM0000041,H40_G250_RP0000157_CM0000042,H40_G250_RP0000160_CM0000041,0.14834790845720414,0.16543830827827119,CLEAN_REPLAY_RUN_A
KY2017_MATCH_0461,H40_G250_RP0000173_CM0000040,H40_G250_RP0000134_CM0000056,H40_G250_RP0000163_CM0000049,H40_G250_RP0000134_CM0000056,H40_G250_RP0000163_CM0000049,0.13985761917811063,0.14959737243797991,CLEAN_REPLAY_RUN_A
KY2017_MATCH_0462,H40_G250_RP0000173_CM0000041,H40_G250_RP0000135_CM0000057,H40_G250_RP0000172_CM0000043,H40_G250_RP0000172_CM0000043,H40_G250_RP0000135_CM0000057,0.092288021818801774,0.12164935928825858,CLEAN_REPLAY_RUN_A
KY2017_MATCH_0463,H40_G250_RP0000173_CM0000047,H40_G250_RP0000201_CM0000105,H40_G250_RP0000225_CM0000051,H40_G250_RP0000225_CM0000051,H40_G250_RP0000201_CM0000105,0.27262115149909766,0.28723517439063029,CLEAN_REPLAY_RUN_A
KY2017_MATCH_0464,H40_G250_RP0000173_CM0000048,H40_G250_RP0000139_CM0000061,H40_G250_RP0000169_CM0000040,H40_G250_RP0000169_CM0000040,H40_G250_RP0000139_CM0000061,0.12526940295123631,0.1407991163431091,CLEAN_REPLAY_RUN_A
KY2017_MATCH_0465,H40_G250_RP0000173_CM0000050,H40_G250_RP0000151_CM0000051,H40_G250_RP0000171_CM0000044,H40_G250_RP0000151_CM0000051,H40_G250_RP0000171_CM0000044,0.13744979116133832,0.14773096665402302,CLEAN_REPLAY_RUN_A
KY2017_MATCH_0466,H40_G250_RP0000173_CM0000051,H40_G250_RP0000173_CM0000039,H40_G250_RP0000173_CM0000052,H40_G250_RP0000173_CM0000052,H40_G250_RP0000173_CM0000039,0.092530640400291936,0.10426234445881558,CLEAN_REPLAY_RUN_A
KY2017_MATCH_0467,H40_G250_RP0000173_CM0000053,H40_G250_RP0000154_CM0000056,H40_G250_RP0000155_CM0000051,H40_G250_RP0000155_CM0000051,H40_G250_RP0000154_CM0000056,0.1524050879526036,0.17576610399851519,CLEAN_REPLAY_RUN_A
KY2017_MATCH_0468,H40_G250_RP0000173_CM0000055,H40_G250_RP0000181_CM0000057,H40_G250_RP0000195_CM0000081,H40_G250_RP0000181_CM0000057,H40_G250_RP0000195_CM0000081,0.13950676506777868,0.22140738846146452,CLEAN_REPLAY_RUN_A
KY2017_MATCH_0469,H40_G250_RP0000173_CM0000056,H40_G250_RP0000247_CM0000038,H40_G250_RP0000250_CM0000049,H40_G250_RP0000250_CM0000049,H40_G250_RP0000247_CM0000038,0.20522861699972306,0.21936307126340254,CLEAN_REPLAY_RUN_A
KY2017_MATCH_0470,H40_G250_RP0000173_CM0000057,H40_G250_RP0000183_CM0000079,H40_G250_RP0000185_CM0000079,H40_G250_RP0000183_CM0000079,H40_G250_RP0000185_CM0000079,0.29398066852840288,0.34195664627486727,CLEAN_REPLAY_RUN_A
KY2017_MATCH_0471,H40_G250_RP0000173_CM0000058,H40_G250_RP0000155_CM0000047,H40_G250_RP0000176_CM0000047,H40_G250_RP0000155_CM0000047,H40_G250_RP0000176_CM0000047,0.20226533132163077,0.22080783099013349,CLEAN_REPLAY_RUN_A
KY2017_MATCH_0472,H40_G250_RP0000173_CM0000059,H40_G250_RP0000145_CM0000070,H40_G250_RP0000179_CM0000052,H40_G250_RP0000179_CM0000052,H40_G250_RP0000145_CM0000070,0.13090514698555611,0.16835498202515914,CLEAN_REPLAY_RUN_A
KY2017_MATCH_0473,H40_G250_RP0000173_CM0000060,H40_G250_RP0000157_CM0000058,H40_G250_RP0000178_CM0000050,H40_G250_RP0000157_CM0000058,H40_G250_RP0000178_CM0000050,0.12757200291122223,0.12867474336048368,CLEAN_REPLAY_RUN_A
KY2017_MATCH_0474,H40_G250_RP0000173_CM0000061,H40_G250_RP0000173_CM0000046,H40_G250_RP0000181_CM0000047,H40_G250_RP0000173_CM0000046,H40_G250_RP0000181_CM0000047,0.27836886608084205,0.30331549359300181,CLEAN_REPLAY_RUN_A
KY2017_MATCH_0475,H40_G250_RP0000173_CM0000062,H40_G250_RP0000178_CM0000048,H40_G250_RP0000207_CM0000047,H40_G250_RP0000178_CM0000048,H40_G250_RP0000207_CM0000047,0.29841039088893984,0.32989846856375571,CLEAN_REPLAY_RUN_A
KY2017_MATCH_0476,H40_G250_RP0000173_CM0000063,H40_G250_RP0000155_CM0000058,H40_G250_RP0000183_CM0000053,H40_G250_RP0000183_CM0000053,H40_G250_RP0000155_CM0000058,0.15214258897623734,0.20385308064210081,CLEAN_REPLAY_RUN_A
KY2017_MATCH_0477,H40_G250_RP0000173_CM0000064,H40_G250_RP0000164_CM0000049,H40_G250_RP0000231_CM0000048,H40_G250_RP0000164_CM0000049,H40_G250_RP0000231_CM0000048,0.13116574425023025,0.17208182794372531,CLEAN_REPLAY_RUN_A
KY2017_MATCH_0478,H40_G250_RP0000173_CM0000065,H40_G250_RP0000161_CM0000056,H40_G250_RP0000177_CM0000045,H40_G250_RP0000161_CM0000056,H40_G250_RP0000177_CM0000045,0.12748096864606809,0.16459134401462855,CLEAN_REPLAY_RUN_A
KY2017_MATCH_0479,H40_G250_RP0000173_CM0000066,H40_G250_RP0000157_CM0000050,H40_G250_RP0000180_CM0000041,H40_G250_RP0000157_CM0000050,H40_G250_RP0000180_CM0000041,0.10968190372580471,0.13169852916988392,CLEAN_REPLAY_RUN_A
KY2017_MATCH_0480,H40_G250_RP0000173_CM0000067,H40_G250_RP0000168_CM0000053,H40_G250_RP0000177_CM0000043,H40_G250_RP0000168_CM0000053,H40_G250_RP0000177_CM0000043,0.12700313279767314,0.1465997849403376,CLEAN_REPLAY_RUN_A
KY2017_MATCH_0481,H40_G250_RP0000173_CM0000068,H40_G250_RP0000183_CM0000050,H40_G250_RP0000185_CM0000082,H40_G250_RP0000183_CM0000050,H40_G250_RP0000185_CM0000082,0.13110999505745602,0.14660167741764607,CLEAN_REPLAY_RUN_A
KY2017_MATCH_0482,H40_G250_RP0000173_CM0000069,H40_G250_RP0000223_CM0000073,H40_G250_RP0000247_CM0000044,H40_G250_RP0000223_CM0000073,H40_G250_RP0000247_CM0000044,0.23040221387895771,0.23709214826326094,CLEAN_REPLAY_RUN_A
KY2017_MATCH_0483,H40_G250_RP0000173_CM0000070,H40_G250_RP0000195_CM0000076,H40_G250_RP0000200_CM0000089,H40_G250_RP0000200_CM0000089,H40_G250_RP0000195_CM0000076,0.17311248718589325,0.17957266975330036,CLEAN_REPLAY_RUN_A
KY2017_MATCH_0484,H40_G250_RP0000173_CM0000071,H40_G250_RP0000201_CM0000089,H40_G250_RP0000202_CM0000087,H40_G250_RP0000202_CM0000087,H40_G250_RP0000201_CM0000089,0.15381094263771028,0.167524305705018,CLEAN_REPLAY_RUN_A
KY2017_MATCH_0485,H40_G250_RP0000173_CM0000072,H40_G250_RP0000225_CM0000068,H40_G250_RP0000226_CM0000060,H40_G250_RP0000226_CM0000060,H40_G250_RP0000225_CM0000068,0.17080538772495604,0.18342144104902491,CLEAN_REPLAY_RUN_A
KY2017_MATCH_0486,H40_G250_RP0000173_CM0000073,H40_G250_RP0000218_CM0000071,H40_G250_RP0000221_CM0000072,H40_G250_RP0000221_CM0000072,H40_G250_RP0000218_CM0000071,0.18532906829706849,0.21345885504553852,CLEAN_REPLAY_RUN_A
KY2017_MATCH_0487,H40_G250_RP0000173_CM0000074,H40_G250_RP0000188_CM0000075,H40_G250_RP0000197_CM0000100,H40_G250_RP0000188_CM0000075,H40_G250_RP0000197_CM0000100,0.16190605152654855,0.18126204781549687,CLEAN_REPLAY_RUN_A
KY2017_MATCH_0488,H40_G250_RP0000173_CM0000075,H40_G250_RP0000138_CM0000093,H40_G250_RP0000139_CM0000094,H40_G250_RP0000138_CM0000093,H40_G250_RP0000139_CM0000094,0.26147372766630705,0.32192019820363621,CLEAN_REPLAY_RUN_A
KY2017_MATCH_0489,H40_G250_RP0000173_CM0000076,H40_G250_RP0000140_CM0000098,H40_G250_RP0000209_CM0000121,H40_G250_RP0000140_CM0000098,H40_G250_RP0000209_CM0000121,0.16950235529850871,0.18423326063727316,CLEAN_REPLAY_RUN_A
KY2017_MATCH_0490,H40_G250_RP0000173_CM0000077,H40_G250_RP0000141_CM0000101,H40_G250_RP0000143_CM0000100,H40_G250_RP0000141_CM0000101,H40_G250_RP0000143_CM0000100,0.16490891413794759,0.19592504481017931,CLEAN_REPLAY_RUN_A
KY2017_MATCH_0491,H40_G250_RP0000173_CM0000078,H40_G250_RP0000137_CM0000092,H40_G250_RP0000141_CM0000108,H40_G250_RP0000137_CM0000092,H40_G250_RP0000141_CM0000108,0.14665541535626758,0.16144332048514087,CLEAN_REPLAY_RUN_A
KY2017_MATCH_0492,H40_G250_RP0000173_CM0000079,H40_G250_RP0000140_CM0000081,H40_G250_RP0000167_CM0000081,H40_G250_RP0000167_CM0000081,H40_G250_RP0000140_CM0000081,0.249664074656821,0.2573979292890331,CLEAN_REPLAY_RUN_A
KY2017_MATCH_0493,H40_G250_RP0000173_CM0000080,H40_G250_RP0000138_CM0000088,H40_G250_RP0000142_CM0000105,H40_G250_RP0000138_CM0000088,H40_G250_RP0000142_CM0000105,0.11445661113938868,0.19523460469039833,CLEAN_REPLAY_RUN_A
KY2017_MATCH_0494,H40_G250_RP0000173_CM0000081,H40_G250_RP0000139_CM0000088,H40_G250_RP0000139_CM0000090,H40_G250_RP0000139_CM0000090,H40_G250_RP0000139_CM0000088,0.13565870039246805,0.17444541260386476,CLEAN_REPLAY_RUN_A
KY2017_MATCH_0495,H40_G250_RP0000173_CM0000082,H40_G250_RP0000195_CM0000118,H40_G250_RP0000199_CM0000131,H40_G250_RP0000195_CM0000118,H40_G250_RP0000199_CM0000131,0.17397554791997041,0.22653589495195253,CLEAN_REPLAY_RUN_A
KY2017_MATCH_0496,H40_G250_RP0000173_CM0000083,H40_G250_RP0000199_CM0000120,H40_G250_RP0000202_CM0000129,H40_G250_RP0000199_CM0000120,H40_G250_RP0000202_CM0000129,0.22082427313059139,0.23939221829689356,CLEAN_REPLAY_RUN_A
KY2017_MATCH_0497,H40_G250_RP0000173_CM0000084,H40_G250_RP0000194_CM0000115,H40_G250_RP0000195_CM0000113,H40_G250_RP0000194_CM0000115,H40_G250_RP0000195_CM0000113,0.15635433790921421,0.20823571432555341,CLEAN_REPLAY_RUN_A
KY2017_MATCH_0498,H40_G250_RP0000173_CM0000085,H40_G250_RP0000193_CM0000118,H40_G250_RP0000205_CM0000113,H40_G250_RP0000193_CM0000118,H40_G250_RP0000205_CM0000113,0.20983182535821177,0.28185581680576144,CLEAN_REPLAY_RUN_A
KY2017_MATCH_0499,H40_G250_RP0000173_CM0000086,H40_G250_RP0000141_CM0000092,H40_G250_RP0000202_CM0000119,H40_G250_RP0000141_CM0000092,H40_G250_RP0000202_CM0000119,0.14915584888270902,0.24735873288965385,CLEAN_REPLAY_RUN_A
KY2017_MATCH_0500,H40_G250_RP0000173_CM0000087,H40_G250_RP0000142_CM0000091,H40_G250_RP0000203_CM0000119,H40_G250_RP0000142_CM0000091,H40_G250_RP0000203_CM0000119,0.17028421300280785,0.21911270396912802,CLEAN_REPLAY_RUN_A
KY2017_MATCH_0501,H40_G250_RP0000173_CM0000088,H40_G250_RP0000196_CM0000118,H40_G250_RP0000197_CM0000116,H40_G250_RP0000197_CM0000116,H40_G250_RP0000196_CM0000118,0.19372414216213621,0.20305452351740183,CLEAN_REPLAY_RUN_A
KY2017_MATCH_0502,H40_G250_RP0000173_CM0000089,H40_G250_RP0000202_CM0000134,H40_G250_RP0000209_CM0000115,H40_G250_RP0000202_CM0000134,H40_G250_RP0000209_CM0000115,0.23327655529103736,0.29327442113185792,CLEAN_REPLAY_RUN_A
KY2017_MATCH_0503,H40_G250_RP0000173_CM0000090,H40_G250_RP0000203_CM0000135,H40_G250_RP0000205_CM0000125,H40_G250_RP0000203_CM0000135,H40_G250_RP0000205_CM0000125,0.25830156299776391,0.31048766013679086,CLEAN_REPLAY_RUN_A
KY2017_MATCH_0504,H40_G250_RP0000173_CM0000091,H40_G250_RP0000194_CM0000121,H40_G250_RP0000198_CM0000122,H40_G250_RP0000198_CM0000122,H40_G250_RP0000194_CM0000121,0.20768062448967473,0.28477304032893835,CLEAN_REPLAY_RUN_A
KY2017_MATCH_0505,H40_G250_RP0000173_CM0000092,H40_G250_RP0000191_CM0000124,H40_G250_RP0000205_CM0000117,H40_G250_RP0000205_CM0000117,H40_G250_RP0000191_CM0000124,0.29314441831810256,0.37820996523920258,CLEAN_REPLAY_RUN_A
KY2017_MATCH_0506,H40_G250_RP0000173_CM0000096,H40_G250_RP0000200_CM0000130,H40_G250_RP0000200_CM0000134,H40_G250_RP0000200_CM0000134,H40_G250_RP0000200_CM0000130,0.26845742374969067,0.31203201049493989,CLEAN_REPLAY_RUN_A
KY2017_MATCH_0507,H40_G250_RP0000173_CM0000097,H40_G250_RP0000145_CM0000094,H40_G250_RP0000189_CM0000147,H40_G250_RP0000145_CM0000094,H40_G250_RP0000189_CM0000147,0.17237359134593208,0.28810190405810066,CLEAN_REPLAY_RUN_A
KY2017_MATCH_0508,H40_G250_RP0000174_CM0000028,H40_G250_RP0000174_CM0000029,H40_G250_RP0000174_CM0000030,H40_G250_RP0000174_CM0000029,H40_G250_RP0000174_CM0000030,0.089010670771332664,0.10457266950018221,CLEAN_REPLAY_RUN_A
KY2017_MATCH_0509,H40_G250_RP0000174_CM0000031,H40_G250_RP0000166_CM0000018,H40_G250_RP0000174_CM0000033,H40_G250_RP0000174_CM0000033,H40_G250_RP0000166_CM0000018,0.10637126863893846,0.17819026279672834,CLEAN_REPLAY_RUN_A
KY2017_MATCH_0510,H40_G250_RP0000174_CM0000032,H40_G250_RP0000175_CM0000024,H40_G250_RP0000244_CM0000034,H40_G250_RP0000175_CM0000024,H40_G250_RP0000244_CM0000034,0.12113182839416606,0.20487280725510665,CLEAN_REPLAY_RUN_A
KY2017_MATCH_0511,H40_G250_RP0000174_CM0000037,H40_G250_RP0000161_CM0000033,H40_G250_RP0000163_CM0000034,H40_G250_RP0000161_CM0000033,H40_G250_RP0000163_CM0000034,0.15909961155788299,0.16374943009142612,CLEAN_REPLAY_RUN_A
KY2017_MATCH_0512,H40_G250_RP0000174_CM0000038,H40_G250_RP0000161_CM0000038,H40_G250_RP0000171_CM0000038,H40_G250_RP0000161_CM0000038,H40_G250_RP0000171_CM0000038,0.11241828863898469,0.1212419836577741,CLEAN_REPLAY_RUN_A
KY2017_MATCH_0513,H40_G250_RP0000174_CM0000039,H40_G250_RP0000150_CM0000045,H40_G250_RP0000172_CM0000038,H40_G250_RP0000150_CM0000045,H40_G250_RP0000172_CM0000038,0.12744443362967695,0.14027592556250343,CLEAN_REPLAY_RUN_A
KY2017_MATCH_0514,H40_G250_RP0000174_CM0000040,H40_G250_RP0000134_CM0000058,H40_G250_RP0000173_CM0000043,H40_G250_RP0000134_CM0000058,H40_G250_RP0000173_CM0000043,0.13137368069094749,0.14474096591144217,CLEAN_REPLAY_RUN_A
KY2017_MATCH_0515,H40_G250_RP0000174_CM0000048,H40_G250_RP0000134_CM0000053,H40_G250_RP0000141_CM0000065,H40_G250_RP0000141_CM0000065,H40_G250_RP0000134_CM0000053,0.20381561722488978,0.2208787564659801,CLEAN_REPLAY_RUN_A
KY2017_MATCH_0516,H40_G250_RP0000174_CM0000049,H40_G250_RP0000156_CM0000042,H40_G250_RP0000237_CM0000059,H40_G250_RP0000237_CM0000059,H40_G250_RP0000156_CM0000042,0.15196913424464639,0.16133523391938087,CLEAN_REPLAY_RUN_A
KY2017_MATCH_0517,H40_G250_RP0000174_CM0000050,H40_G250_RP0000162_CM0000040,H40_G250_RP0000173_CM0000049,H40_G250_RP0000173_CM0000049,H40_G250_RP0000162_CM0000040,0.092273734863304535,0.13804335829580941,CLEAN_REPLAY_RUN_A
KY2017_MATCH_0518,H40_G250_RP0000174_CM0000051,H40_G250_RP0000145_CM0000045,H40_G250_RP0000176_CM0000044,H40_G250_RP0000176_CM0000044,H40_G250_RP0000145_CM0000045,0.12410612126546561,0.13469546688706441,CLEAN_REPLAY_RUN_A
KY2017_MATCH_0519,H40_G250_RP0000174_CM0000054,H40_G250_RP0000183_CM0000054,H40_G250_RP0000242_CM0000054,H40_G250_RP0000183_CM0000054,H40_G250_RP0000242_CM0000054,0.19252417653691015,0.44541893002303351,CLEAN_REPLAY_RUN_A
KY2017_MATCH_0520,H40_G250_RP0000174_CM0000055,H40_G250_RP0000165_CM0000058,H40_G250_RP0000197_CM0000106,H40_G250_RP0000165_CM0000058,H40_G250_RP0000197_CM0000106,0.15042323434377636,0.23651334824865311,CLEAN_REPLAY_RUN_A
KY2017_MATCH_0521,H40_G250_RP0000174_CM0000056,H40_G250_RP0000162_CM0000058,H40_G250_RP0000194_CM0000096,H40_G250_RP0000162_CM0000058,H40_G250_RP0000194_CM0000096,0.1420046597588735,0.16460289032285905,CLEAN_REPLAY_RUN_A
KY2017_MATCH_0522,H40_G250_RP0000174_CM0000057,H40_G250_RP0000205_CM0000094,H40_G250_RP0000249_CM0000050,H40_G250_RP0000249_CM0000050,H40_G250_RP0000205_CM0000094,0.29484198612924806,0.31565303396239131,CLEAN_REPLAY_RUN_A
KY2017_MATCH_0523,H40_G250_RP0000174_CM0000058,H40_G250_RP0000134_CM0000051,H40_G250_RP0000146_CM0000043,H40_G250_RP0000134_CM0000051,H40_G250_RP0000146_CM0000043,0.19955804520422654,0.20826021970706465,CLEAN_REPLAY_RUN_A
KY2017_MATCH_0524,H40_G250_RP0000174_CM0000059,H40_G250_RP0000135_CM0000059,H40_G250_RP0000175_CM0000052,H40_G250_RP0000175_CM0000052,H40_G250_RP0000135_CM0000059,0.12340521515953914,0.14804367447369574,CLEAN_REPLAY_RUN_A
KY2017_MATCH_0525,H40_G250_RP0000174_CM0000060,H40_G250_RP0000175_CM0000043,H40_G250_RP0000178_CM0000045,H40_G250_RP0000175_CM0000043,H40_G250_RP0000178_CM0000045,0.14013939451500276,0.15208856282758704,CLEAN_REPLAY_RUN_A
KY2017_MATCH_0526,H40_G250_RP0000174_CM0000061,H40_G250_RP0000133_CM0000058,H40_G250_RP0000178_CM0000051,H40_G250_RP0000178_CM0000051,H40_G250_RP0000133_CM0000058,0.18396870436726231,0.18972357488446079,CLEAN_REPLAY_RUN_A
KY2017_MATCH_0527,H40_G250_RP0000174_CM0000062,H40_G250_RP0000157_CM0000038,H40_G250_RP0000158_CM0000038,H40_G250_RP0000158_CM0000038,H40_G250_RP0000157_CM0000038,0.2081746374277498,0.22663066215261335,CLEAN_REPLAY_RUN_A
KY2017_MATCH_0528,H40_G250_RP0000174_CM0000063,H40_G250_RP0000134_CM0000062,H40_G250_RP0000232_CM0000047,H40_G250_RP0000134_CM0000062,H40_G250_RP0000232_CM0000047,0.28279539123668307,0.28941189971853848,CLEAN_REPLAY_RUN_A
KY2017_MATCH_0529,H40_G250_RP0000174_CM0000064,H40_G250_RP0000162_CM0000055,H40_G250_RP0000218_CM0000050,H40_G250_RP0000218_CM0000050,H40_G250_RP0000162_CM0000055,0.18090161702349014,0.19726217498959978,CLEAN_REPLAY_RUN_A
KY2017_MATCH_0530,H40_G250_RP0000174_CM0000065,H40_G250_RP0000133_CM0000063,H40_G250_RP0000153_CM0000050,H40_G250_RP0000153_CM0000050,H40_G250_RP0000133_CM0000063,0.20199865554625562,0.20467678807579409,CLEAN_REPLAY_RUN_A
KY2017_MATCH_0531,H40_G250_RP0000174_CM0000066,H40_G250_RP0000174_CM0000044,H40_G250_RP0000176_CM0000046,H40_G250_RP0000176_CM0000046,H40_G250_RP0000174_CM0000044,0.18144771362975912,0.18837421481438851,CLEAN_REPLAY_RUN_A
KY2017_MATCH_0532,H40_G250_RP0000174_CM0000067,H40_G250_RP0000155_CM0000052,H40_G250_RP0000158_CM0000054,H40_G250_RP0000155_CM0000052,H40_G250_RP0000158_CM0000054,0.13013279709958109,0.13316012445339401,CLEAN_REPLAY_RUN_A
KY2017_MATCH_0533,H40_G250_RP0000174_CM0000068,H40_G250_RP0000197_CM0000101,H40_G250_RP0000219_CM0000070,H40_G250_RP0000197_CM0000101,H40_G250_RP0000219_CM0000070,0.19042397058540367,0.2348910504393068,CLEAN_REPLAY_RUN_A
KY2017_MATCH_0534,H40_G250_RP0000174_CM0000069,H40_G250_RP0000151_CM0000054,H40_G250_RP0000156_CM0000053,H40_G250_RP0000151_CM0000054,H40_G250_RP0000156_CM0000053,0.17904476605735559,0.2021220486783393,CLEAN_REPLAY_RUN_A
KY2017_MATCH_0535,H40_G250_RP0000174_CM0000070,H40_G250_RP0000137_CM0000052,H40_G250_RP0000150_CM0000053,H40_G250_RP0000137_CM0000052,H40_G250_RP0000150_CM0000053,0.19643711535110542,0.20192539777581664,CLEAN_REPLAY_RUN_A
KY2017_MATCH_0536,H40_G250_RP0000174_CM0000071,H40_G250_RP0000169_CM0000014,H40_G250_RP0000223_CM0000038,H40_G250_RP0000223_CM0000038,H40_G250_RP0000169_CM0000014,0.15981075097954955,0.18959311460888278,CLEAN_REPLAY_RUN_A
KY2017_MATCH_0537,H40_G250_RP0000174_CM0000072,H40_G250_RP0000181_CM0000067,H40_G250_RP0000216_CM0000070,H40_G250_RP0000181_CM0000067,H40_G250_RP0000216_CM0000070,0.15539860929461599,0.15645295866339753,CLEAN_REPLAY_RUN_A
KY2017_MATCH_0538,H40_G250_RP0000174_CM0000073,H40_G250_RP0000214_CM0000072,H40_G250_RP0000220_CM0000069,H40_G250_RP0000214_CM0000072,H40_G250_RP0000220_CM0000069,0.17719632810765737,0.19689477278068374,CLEAN_REPLAY_RUN_A
KY2017_MATCH_0539,H40_G250_RP0000174_CM0000074,H40_G250_RP0000191_CM0000078,H40_G250_RP0000195_CM0000077,H40_G250_RP0000191_CM0000078,H40_G250_RP0000195_CM0000077,0.12967263818387881,0.1747873924256233,CLEAN_REPLAY_RUN_A
KY2017_MATCH_0540,H40_G250_RP0000174_CM0000075,H40_G250_RP0000138_CM0000077,H40_G250_RP0000140_CM0000096,H40_G250_RP0000140_CM0000096,H40_G250_RP0000138_CM0000077,0.25989976652373376,0.2721852743050463,CLEAN_REPLAY_RUN_A
KY2017_MATCH_0541,H40_G250_RP0000174_CM0000076,H40_G250_RP0000143_CM0000105,H40_G250_RP0000143_CM0000111,H40_G250_RP0000143_CM0000105,H40_G250_RP0000143_CM0000111,0.23480935163896294,0.24271632917079689,CLEAN_REPLAY_RUN_A
KY2017_MATCH_0542,H40_G250_RP0000174_CM0000077,H40_G250_RP0000140_CM0000099,H40_G250_RP0000142_CM0000107,H40_G250_RP0000142_CM0000107,H40_G250_RP0000140_CM0000099,0.25624541774591031,0.26937894579415039,CLEAN_REPLAY_RUN_A
KY2017_MATCH_0543,H40_G250_RP0000174_CM0000078,H40_G250_RP0000140_CM0000100,H40_G250_RP0000140_CM0000106,H40_G250_RP0000140_CM0000106,H40_G250_RP0000140_CM0000100,0.21471573653154546,0.21896987636176296,CLEAN_REPLAY_RUN_A
KY2017_MATCH_0544,H40_G250_RP0000174_CM0000079,H40_G250_RP0000141_CM0000106,H40_G250_RP0000211_CM0000113,H40_G250_RP0000211_CM0000113,H40_G250_RP0000141_CM0000106,0.21703766706571245,0.21814364396766545,CLEAN_REPLAY_RUN_A
KY2017_MATCH_0545,H40_G250_RP0000174_CM0000080,H40_G250_RP0000139_CM0000077,H40_G250_RP0000139_CM0000091,H40_G250_RP0000139_CM0000091,H40_G250_RP0000139_CM0000077,0.16651963293537447,0.22062264592656083,CLEAN_REPLAY_RUN_A
KY2017_MATCH_0546,H40_G250_RP0000174_CM0000081,H40_G250_RP0000190_CM0000117,H40_G250_RP0000198_CM0000132,H40_G250_RP0000198_CM0000132,H40_G250_RP0000190_CM0000117,0.24152108351559887,0.27171139765216484,CLEAN_REPLAY_RUN_A
KY2017_MATCH_0547,H40_G250_RP0000174_CM0000082,H40_G250_RP0000193_CM0000123,H40_G250_RP0000200_CM0000132,H40_G250_RP0000193_CM0000123,H40_G250_RP0000200_CM0000132,0.24700481811706276,0.24773435408239891,CLEAN_REPLAY_RUN_A
KY2017_MATCH_0548,H40_G250_RP0000174_CM0000083,H40_G250_RP0000193_CM0000114,H40_G250_RP0000204_CM0000131,H40_G250_RP0000193_CM0000114,H40_G250_RP0000204_CM0000131,0.19456383292142485,0.24821668228817412,CLEAN_REPLAY_RUN_A
KY2017_MATCH_0549,H40_G250_RP0000174_CM0000084,H40_G250_RP0000200_CM0000118,H40_G250_RP0000204_CM0000128,H40_G250_RP0000200_CM0000118,H40_G250_RP0000204_CM0000128,0.23484988965062109,0.25485646423535008,CLEAN_REPLAY_RUN_A
KY2017_MATCH_0550,H40_G250_RP0000174_CM0000085,H40_G250_RP0000139_CM0000093,H40_G250_RP0000204_CM0000129,H40_G250_RP0000139_CM0000093,H40_G250_RP0000204_CM0000129,0.14216917457732239,0.2742188249708824,CLEAN_REPLAY_RUN_A
KY2017_MATCH_0551,H40_G250_RP0000174_CM0000086,H40_G250_RP0000139_CM0000092,H40_G250_RP0000140_CM0000092,H40_G250_RP0000140_CM0000092,H40_G250_RP0000139_CM0000092,0.16929315905214626,0.20952626772486804,CLEAN_REPLAY_RUN_A
KY2017_MATCH_0552,H40_G250_RP0000174_CM0000087,H40_G250_RP0000141_CM0000094,H40_G250_RP0000209_CM0000114,H40_G250_RP0000141_CM0000094,H40_G250_RP0000209_CM0000114,0.19044496805576669,0.24665764465733372,CLEAN_REPLAY_RUN_A
KY2017_MATCH_0553,H40_G250_RP0000174_CM0000088,H40_G250_RP0000198_CM0000115,H40_G250_RP0000199_CM0000121,H40_G250_RP0000198_CM0000115,H40_G250_RP0000199_CM0000121,0.22959268936417265,0.27012591366526723,CLEAN_REPLAY_RUN_A
KY2017_MATCH_0554,H40_G250_RP0000174_CM0000089,H40_G250_RP0000141_CM0000093,H40_G250_RP0000143_CM0000093,H40_G250_RP0000143_CM0000093,H40_G250_RP0000141_CM0000093,0.29954661260257465,0.34858897225988755,CLEAN_REPLAY_RUN_A
KY2017_MATCH_0555,H40_G250_RP0000174_CM0000090,H40_G250_RP0000192_CM0000119,H40_G250_RP0000193_CM0000117,H40_G250_RP0000193_CM0000117,H40_G250_RP0000192_CM0000119,0.19050361573979419,0.19898716866428059,CLEAN_REPLAY_RUN_A
KY2017_MATCH_0556,H40_G250_RP0000174_CM0000091,H40_G250_RP0000189_CM0000116,H40_G250_RP0000192_CM0000114,H40_G250_RP0000192_CM0000114,H40_G250_RP0000189_CM0000116,0.21926731604356531,0.24583225057834171,CLEAN_REPLAY_RUN_A
KY2017_MATCH_0557,H40_G250_RP0000174_CM0000092,H40_G250_RP0000173_CM0000093,H40_G250_RP0000190_CM0000124,H40_G250_RP0000173_CM0000093,H40_G250_RP0000190_CM0000124,0.23064916171351657,0.30146566000931418,CLEAN_REPLAY_RUN_A
KY2017_MATCH_0558,H40_G250_RP0000174_CM0000093,H40_G250_RP0000159_CM0000082,H40_G250_RP0000159_CM0000083,H40_G250_RP0000159_CM0000083,H40_G250_RP0000159_CM0000082,0.18114016288323659,0.29697715982567752,CLEAN_REPLAY_RUN_A
KY2017_MATCH_0559,H40_G250_RP0000174_CM0000094,H40_G250_RP0000198_CM0000114,H40_G250_RP0000204_CM0000123,H40_G250_RP0000204_CM0000123,H40_G250_RP0000198_CM0000114,0.26085184903458469,0.36282516659240033,CLEAN_REPLAY_RUN_A
KY2017_MATCH_0560,H40_G250_RP0000174_CM0000096,H40_G250_RP0000194_CM0000124,H40_G250_RP0000200_CM0000135,H40_G250_RP0000194_CM0000124,H40_G250_RP0000200_CM0000135,0.29362519473103055,0.32032737227930125,CLEAN_REPLAY_RUN_A
KY2017_MATCH_0561,H40_G250_RP0000174_CM0000097,H40_G250_RP0000189_CM0000148,H40_G250_RP0000192_CM0000123,H40_G250_RP0000192_CM0000123,H40_G250_RP0000189_CM0000148,0.2884885514149228,0.31670918276094523,CLEAN_REPLAY_RUN_A
KY2017_MATCH_0562,H40_G250_RP0000175_CM0000015,H40_G250_RP0000170_CM0000012,H40_G250_RP0000174_CM0000012,H40_G250_RP0000174_CM0000012,H40_G250_RP0000170_CM0000012,0.11648029975042497,0.1441870851998418,CLEAN_REPLAY_RUN_A
KY2017_MATCH_0563,H40_G250_RP0000175_CM0000017,H40_G250_RP0000169_CM0000018,H40_G250_RP0000174_CM0000020,H40_G250_RP0000169_CM0000018,H40_G250_RP0000174_CM0000020,0.17889019082704,0.19753865536688059,CLEAN_REPLAY_RUN_A
KY2017_MATCH_0564,H40_G250_RP0000175_CM0000018,H40_G250_RP0000168_CM0000034,H40_G250_RP0000175_CM0000026,H40_G250_RP0000175_CM0000026,H40_G250_RP0000168_CM0000034,0.14227361977956141,0.17625706055034826,CLEAN_REPLAY_RUN_A
KY2017_MATCH_0565,H40_G250_RP0000175_CM0000028,H40_G250_RP0000165_CM0000025,H40_G250_RP0000167_CM0000034,H40_G250_RP0000165_CM0000025,H40_G250_RP0000167_CM0000034,0.25246434525511469,0.30297989670163999,CLEAN_REPLAY_RUN_A
KY2017_MATCH_0566,H40_G250_RP0000175_CM0000029,H40_G250_RP0000166_CM0000027,H40_G250_RP0000169_CM0000032,H40_G250_RP0000166_CM0000027,H40_G250_RP0000169_CM0000032,0.21011325211056442,0.21059312066996805,CLEAN_REPLAY_RUN_A
KY2017_MATCH_0567,H40_G250_RP0000175_CM0000030,H40_G250_RP0000169_CM0000033,H40_G250_RP0000173_CM0000016,H40_G250_RP0000169_CM0000033,H40_G250_RP0000173_CM0000016,0.18220442690916316,0.19331474048834396,CLEAN_REPLAY_RUN_A
KY2017_MATCH_0568,H40_G250_RP0000175_CM0000031,H40_G250_RP0000170_CM0000030,H40_G250_RP0000172_CM0000020,H40_G250_RP0000170_CM0000030,H40_G250_RP0000172_CM0000020,0.13123468712311834,0.13542714743382531,CLEAN_REPLAY_RUN_A
KY2017_MATCH_0569,H40_G250_RP0000175_CM0000032,H40_G250_RP0000167_CM0000017,H40_G250_RP0000176_CM0000024,H40_G250_RP0000176_CM0000024,H40_G250_RP0000167_CM0000017,0.15010938343230645,0.18449687605549669,CLEAN_REPLAY_RUN_A
KY2017_MATCH_0570,H40_G250_RP0000175_CM0000033,H40_G250_RP0000164_CM0000013,H40_G250_RP0000166_CM0000017,H40_G250_RP0000166_CM0000017,H40_G250_RP0000164_CM0000013,0.16036489662620401,0.16425382420375423,CLEAN_REPLAY_RUN_A
KY2017_MATCH_0571,H40_G250_RP0000175_CM0000034,H40_G250_RP0000164_CM0000031,H40_G250_RP0000165_CM0000019,H40_G250_RP0000165_CM0000019,H40_G250_RP0000164_CM0000031,0.10116352479531493,0.16449454158296742,CLEAN_REPLAY_RUN_A
KY2017_MATCH_0572,H40_G250_RP0000175_CM0000035,H40_G250_RP0000174_CM0000010,H40_G250_RP0000221_CM0000048,H40_G250_RP0000221_CM0000048,H40_G250_RP0000174_CM0000010,0.27017606011455442,0.27019048080313884,CLEAN_REPLAY_RUN_A
KY2017_MATCH_0573,H40_G250_RP0000175_CM0000036,H40_G250_RP0000219_CM0000046,H40_G250_RP0000220_CM0000048,H40_G250_RP0000219_CM0000046,H40_G250_RP0000220_CM0000048,0.37010762530589492,0.41173057897606913,CLEAN_REPLAY_RUN_A
KY2017_MATCH_0574,H40_G250_RP0000175_CM0000037,H40_G250_RP0000161_CM0000032,H40_G250_RP0000226_CM0000034,H40_G250_RP0000161_CM0000032,H40_G250_RP0000226_CM0000034,0.15719352976605472,0.17800430325288405,CLEAN_REPLAY_RUN_A
KY2017_MATCH_0575,H40_G250_RP0000175_CM0000038,H40_G250_RP0000181_CM0000044,H40_G250_RP0000187_CM0000079,H40_G250_RP0000181_CM0000044,H40_G250_RP0000187_CM0000079,0.15234991752382906,0.15994773724871986,CLEAN_REPLAY_RUN_A
KY2017_MATCH_0576,H40_G250_RP0000175_CM0000049,H40_G250_RP0000216_CM0000045,H40_G250_RP0000235_CM0000057,H40_G250_RP0000235_CM0000057,H40_G250_RP0000216_CM0000045,0.24527230920153031,0.27769711594885726,CLEAN_REPLAY_RUN_A
KY2017_MATCH_0577,H40_G250_RP0000175_CM0000050,H40_G250_RP0000161_CM0000047,H40_G250_RP0000167_CM0000044,H40_G250_RP0000161_CM0000047,H40_G250_RP0000167_CM0000044,0.11960471887982499,0.12243689724712853,CLEAN_REPLAY_RUN_A
KY2017_MATCH_0578,H40_G250_RP0000175_CM0000051,H40_G250_RP0000158_CM0000043,H40_G250_RP0000180_CM0000052,H40_G250_RP0000180_CM0000052,H40_G250_RP0000158_CM0000043,0.10288862270642513,0.12910451260263722,CLEAN_REPLAY_RUN_A
KY2017_MATCH_0579,H40_G250_RP0000175_CM0000053,H40_G250_RP0000247_CM0000055,H40_G250_RP0000250_CM0000057,H40_G250_RP0000250_CM0000057,H40_G250_RP0000247_CM0000055,0.30407477848275222,0.33683261074788257,CLEAN_REPLAY_RUN_A
KY2017_MATCH_0580,H40_G250_RP0000175_CM0000054,H40_G250_RP0000246_CM0000055,H40_G250_RP0000250_CM0000059,H40_G250_RP0000246_CM0000055,H40_G250_RP0000250_CM0000059,0.417620763139956,0.55752887571663023,CLEAN_REPLAY_RUN_A
KY2017_MATCH_0581,H40_G250_RP0000175_CM0000055,H40_G250_RP0000185_CM0000087,H40_G250_RP0000189_CM0000084,H40_G250_RP0000185_CM0000087,H40_G250_RP0000189_CM0000084,0.15716303964293982,0.18615993272400747,CLEAN_REPLAY_RUN_A
KY2017_MATCH_0582,H40_G250_RP0000175_CM0000056,H40_G250_RP0000192_CM0000080,H40_G250_RP0000192_CM0000082,H40_G250_RP0000192_CM0000080,H40_G250_RP0000192_CM0000082,0.12956373837075846,0.14797107459138856,CLEAN_REPLAY_RUN_A
KY2017_MATCH_0583,H40_G250_RP0000175_CM0000057,H40_G250_RP0000191_CM0000095,H40_G250_RP0000210_CM0000111,H40_G250_RP0000210_CM0000111,H40_G250_RP0000191_CM0000095,0.22985701941270853,0.30042397861561115,CLEAN_REPLAY_RUN_A
KY2017_MATCH_0584,H40_G250_RP0000175_CM0000058,H40_G250_RP0000150_CM0000046,H40_G250_RP0000159_CM0000048,H40_G250_RP0000159_CM0000048,H40_G250_RP0000150_CM0000046,0.14877488149656562,0.17070255924756811,CLEAN_REPLAY_RUN_A
KY2017_MATCH_0585,H40_G250_RP0000175_CM0000059,H40_G250_RP0000151_CM0000055,H40_G250_RP0000174_CM0000053,H40_G250_RP0000174_CM0000053,H40_G250_RP0000151_CM0000055,0.097209029392039334,0.15454675333730483,CLEAN_REPLAY_RUN_A
KY2017_MATCH_0586,H40_G250_RP0000175_CM0000060,H40_G250_RP0000136_CM0000051,H40_G250_RP0000136_CM0000061,H40_G250_RP0000136_CM0000051,H40_G250_RP0000136_CM0000061,0.17282720606810958,0.17370923510187128,CLEAN_REPLAY_RUN_A
KY2017_MATCH_0587,H40_G250_RP0000175_CM0000061,H40_G250_RP0000153_CM0000055,H40_G250_RP0000163_CM0000055,H40_G250_RP0000163_CM0000055,H40_G250_RP0000153_CM0000055,0.16636995353297257,0.18845414899147783,CLEAN_REPLAY_RUN_A
KY2017_MATCH_0588,H40_G250_RP0000175_CM0000062,H40_G250_RP0000171_CM0000040,H40_G250_RP0000182_CM0000051,H40_G250_RP0000182_CM0000051,H40_G250_RP0000171_CM0000040,0.12186953314152041,0.12543288868259991,CLEAN_REPLAY_RUN_A
KY2017_MATCH_0589,H40_G250_RP0000175_CM0000063,H40_G250_RP0000170_CM0000049,H40_G250_RP0000192_CM0000045,H40_G250_RP0000170_CM0000049,H40_G250_RP0000192_CM0000045,0.17748740435037752,0.21943956088195046,CLEAN_REPLAY_RUN_A
KY2017_MATCH_0590,H40_G250_RP0000175_CM0000064,H40_G250_RP0000135_CM0000063,H40_G250_RP0000228_CM0000045,H40_G250_RP0000135_CM0000063,H40_G250_RP0000228_CM0000045,0.3031072157624296,0.33207923072175111,CLEAN_REPLAY_RUN_A
KY2017_MATCH_0591,H40_G250_RP0000175_CM0000065,H40_G250_RP0000135_CM0000067,H40_G250_RP0000177_CM0000040,H40_G250_RP0000177_CM0000040,H40_G250_RP0000135_CM0000067,0.13132072736475892,0.15380654109564112,CLEAN_REPLAY_RUN_A
KY2017_MATCH_0592,H40_G250_RP0000175_CM0000066,H40_G250_RP0000157_CM0000041,H40_G250_RP0000163_CM0000054,H40_G250_RP0000163_CM0000054,H40_G250_RP0000157_CM0000041,0.15371084359306567,0.15722637045177415,CLEAN_REPLAY_RUN_A
KY2017_MATCH_0593,H40_G250_RP0000175_CM0000067,H40_G250_RP0000176_CM0000043,H40_G250_RP0000187_CM0000078,H40_G250_RP0000187_CM0000078,H40_G250_RP0000176_CM0000043,0.14043078112698398,0.14942490533596003,CLEAN_REPLAY_RUN_A
KY2017_MATCH_0594,H40_G250_RP0000175_CM0000068,H40_G250_RP0000191_CM0000072,H40_G250_RP0000216_CM0000071,H40_G250_RP0000191_CM0000072,H40_G250_RP0000216_CM0000071,0.15856766112751677,0.17793098688918924,CLEAN_REPLAY_RUN_A
KY2017_MATCH_0595,H40_G250_RP0000175_CM0000069,H40_G250_RP0000155_CM0000054,H40_G250_RP0000157_CM0000051,H40_G250_RP0000157_CM0000051,H40_G250_RP0000155_CM0000054,0.17388633802057332,0.19431177312984113,CLEAN_REPLAY_RUN_A
KY2017_MATCH_0596,H40_G250_RP0000175_CM0000070,H40_G250_RP0000133_CM0000055,H40_G250_RP0000160_CM0000052,H40_G250_RP0000160_CM0000052,H40_G250_RP0000133_CM0000055,0.13561347692631465,0.18254537396772796,CLEAN_REPLAY_RUN_A
KY2017_MATCH_0597,H40_G250_RP0000175_CM0000071,H40_G250_RP0000158_CM0000052,H40_G250_RP0000227_CM0000048,H40_G250_RP0000158_CM0000052,H40_G250_RP0000227_CM0000048,0.15703343826738889,0.19968383241005749,CLEAN_REPLAY_RUN_A
KY2017_MATCH_0598,H40_G250_RP0000175_CM0000072,H40_G250_RP0000186_CM0000078,H40_G250_RP0000218_CM0000068,H40_G250_RP0000186_CM0000078,H40_G250_RP0000218_CM0000068,0.15727230506109441,0.19702952249949979,CLEAN_REPLAY_RUN_A
KY2017_MATCH_0599,H40_G250_RP0000175_CM0000073,H40_G250_RP0000206_CM0000086,H40_G250_RP0000206_CM0000104,H40_G250_RP0000206_CM0000104,H40_G250_RP0000206_CM0000086,0.15915957094650524,0.18961517904428965,CLEAN_REPLAY_RUN_A
KY2017_MATCH_0600,H40_G250_RP0000175_CM0000074,H40_G250_RP0000211_CM0000053,H40_G250_RP0000224_CM0000044,H40_G250_RP0000211_CM0000053,H40_G250_RP0000224_CM0000044,0.19051527019310788,0.22296442988080434,CLEAN_REPLAY_RUN_A
KY2017_MATCH_0601,H40_G250_RP0000175_CM0000075,H40_G250_RP0000133_CM0000062,H40_G250_RP0000141_CM0000107,H40_G250_RP0000133_CM0000062,H40_G250_RP0000141_CM0000107,0.34466099329054051,0.43157350982611997,CLEAN_REPLAY_RUN_A
KY2017_MATCH_0602,H40_G250_RP0000175_CM0000076,H40_G250_RP0000141_CM0000097,H40_G250_RP0000143_CM0000096,H40_G250_RP0000143_CM0000096,H40_G250_RP0000141_CM0000097,0.37475373997664851,0.37610082241289222,CLEAN_REPLAY_RUN_A
KY2017_MATCH_0603,H40_G250_RP0000175_CM0000077,H40_G250_RP0000143_CM0000083,H40_G250_RP0000143_CM0000084,H40_G250_RP0000143_CM0000084,H40_G250_RP0000143_CM0000083,0.40113915326098415,0.43644127928685073,CLEAN_REPLAY_RUN_A
KY2017_MATCH_0604,H40_G250_RP0000175_CM0000078,H40_G250_RP0000138_CM0000083,H40_G250_RP0000225_CM0000080,H40_G250_RP0000225_CM0000080,H40_G250_RP0000138_CM0000083,0.46362021357660771,0.74491346147238147,CLEAN_REPLAY_RUN_A
KY2017_MATCH_0605,H40_G250_RP0000175_CM0000079,H40_G250_RP0000204_CM0000121,H40_G250_RP0000209_CM0000116,H40_G250_RP0000209_CM0000116,H40_G250_RP0000204_CM0000121,0.46296837414044456,0.5188446275004942,CLEAN_REPLAY_RUN_A
KY2017_MATCH_0606,H40_G250_RP0000175_CM0000080,H40_G250_RP0000142_CM0000093,H40_G250_RP0000202_CM0000117,H40_G250_RP0000142_CM0000093,H40_G250_RP0000202_CM0000117,0.2735250375673447,0.33411493858400865,CLEAN_REPLAY_RUN_A
KY2017_MATCH_0607,H40_G250_RP0000175_CM0000081,H40_G250_RP0000201_CM0000120,H40_G250_RP0000201_CM0000134,H40_G250_RP0000201_CM0000120,H40_G250_RP0000201_CM0000134,0.2242021991923486,0.24774790293171961,CLEAN_REPLAY_RUN_A
KY2017_MATCH_0608,H40_G250_RP0000175_CM0000082,H40_G250_RP0000197_CM0000113,H40_G250_RP0000203_CM0000133,H40_G250_RP0000197_CM0000113,H40_G250_RP0000203_CM0000133,0.19297858657935668,0.22263030294740155,CLEAN_REPLAY_RUN_A
KY2017_MATCH_0609,H40_G250_RP0000175_CM0000083,H40_G250_RP0000196_CM0000113,H40_G250_RP0000200_CM0000131,H40_G250_RP0000196_CM0000113,H40_G250_RP0000200_CM0000131,0.23865746770210364,0.27076393706311497,CLEAN_REPLAY_RUN_A
KY2017_MATCH_0610,H40_G250_RP0000175_CM0000084,H40_G250_RP0000197_CM0000135,H40_G250_RP0000198_CM0000133,H40_G250_RP0000198_CM0000133,H40_G250_RP0000197_CM0000135,0.2759214617798092,0.28271137514860833,CLEAN_REPLAY_RUN_A
KY2017_MATCH_0611,H40_G250_RP0000175_CM0000085,H40_G250_RP0000195_CM0000115,H40_G250_RP0000201_CM0000118,H40_G250_RP0000195_CM0000115,H40_G250_RP0000201_CM0000118,0.26052961348669246,0.29493670229251245,CLEAN_REPLAY_RUN_A
KY2017_MATCH_0612,H40_G250_RP0000175_CM0000086,H40_G250_RP0000190_CM0000121,H40_G250_RP0000204_CM0000126,H40_G250_RP0000204_CM0000126,H40_G250_RP0000190_CM0000121,0.20851173022038202,0.20896339250837287,CLEAN_REPLAY_RUN_A
KY2017_MATCH_0613,H40_G250_RP0000175_CM0000087,H40_G250_RP0000140_CM0000093,H40_G250_RP0000198_CM0000134,H40_G250_RP0000140_CM0000093,H40_G250_RP0000198_CM0000134,0.17972778738093489,0.28278224144547914,CLEAN_REPLAY_RUN_A
KY2017_MATCH_0614,H40_G250_RP0000175_CM0000088,H40_G250_RP0000194_CM0000116,H40_G250_RP0000196_CM0000117,H40_G250_RP0000196_CM0000117,H40_G250_RP0000194_CM0000116,0.31815858885925297,0.38770225102279615,CLEAN_REPLAY_RUN_A
KY2017_MATCH_0615,H40_G250_RP0000175_CM0000089,H40_G250_RP0000143_CM0000094,H40_G250_RP0000201_CM0000128,H40_G250_RP0000143_CM0000094,H40_G250_RP0000201_CM0000128,0.14093431901502504,0.27423241512110336,CLEAN_REPLAY_RUN_A
KY2017_MATCH_0616,H40_G250_RP0000175_CM0000090,H40_G250_RP0000143_CM0000091,H40_G250_RP0000197_CM0000133,H40_G250_RP0000143_CM0000091,H40_G250_RP0000197_CM0000133,0.170009541429964,0.24095464577568357,CLEAN_REPLAY_RUN_A
KY2017_MATCH_0617,H40_G250_RP0000175_CM0000091,H40_G250_RP0000159_CM0000081,H40_G250_RP0000189_CM0000118,H40_G250_RP0000159_CM0000081,H40_G250_RP0000189_CM0000118,0.18655173498640007,0.1885266062836545,CLEAN_REPLAY_RUN_A
KY2017_MATCH_0618,H40_G250_RP0000175_CM0000092,H40_G250_RP0000142_CM0000092,H40_G250_RP0000143_CM0000092,H40_G250_RP0000143_CM0000092,H40_G250_RP0000142_CM0000092,0.22529395309999239,0.24304137631153422,CLEAN_REPLAY_RUN_A
KY2017_MATCH_0619,H40_G250_RP0000175_CM0000093,H40_G250_RP0000202_CM0000137,H40_G250_RP0000203_CM0000124,H40_G250_RP0000203_CM0000124,H40_G250_RP0000202_CM0000137,0.27806762105949995,0.33521010551777253,CLEAN_REPLAY_RUN_A
KY2017_MATCH_0620,H40_G250_RP0000175_CM0000094,H40_G250_RP0000173_CM0000094,H40_G250_RP0000173_CM0000095,H40_G250_RP0000173_CM0000095,H40_G250_RP0000173_CM0000094,0.17681465793046869,0.23680919783201901,CLEAN_REPLAY_RUN_A
KY2017_MATCH_0621,H40_G250_RP0000175_CM0000096,H40_G250_RP0000189_CM0000120,H40_G250_RP0000201_CM0000116,H40_G250_RP0000201_CM0000116,H40_G250_RP0000189_CM0000120,0.3547832252672406,0.36305305764524393,CLEAN_REPLAY_RUN_A
KY2017_MATCH_0622,H40_G250_RP0000175_CM0000097,H40_G250_RP0000200_CM0000121,H40_G250_RP0000201_CM0000126,H40_G250_RP0000200_CM0000121,H40_G250_RP0000201_CM0000126,0.27727363467564137,0.29406436930358731,CLEAN_REPLAY_RUN_A
KY2017_MATCH_0623,H40_G250_RP0000175_CM0000098,H40_G250_RP0000171_CM0000095,H40_G250_RP0000191_CM0000145,H40_G250_RP0000171_CM0000095,H40_G250_RP0000191_CM0000145,0.2260339134541979,0.3405185264273668,CLEAN_REPLAY_RUN_A
KY2017_MATCH_0624,H40_G250_RP0000176_CM0000015,H40_G250_RP0000172_CM0000013,H40_G250_RP0000174_CM0000015,H40_G250_RP0000172_CM0000013,H40_G250_RP0000174_CM0000015,0.096635579736993271,0.13530073225485761,CLEAN_REPLAY_RUN_A
KY2017_MATCH_0625,H40_G250_RP0000176_CM0000018,H40_G250_RP0000170_CM0000020,H40_G250_RP0000177_CM0000018,H40_G250_RP0000170_CM0000020,H40_G250_RP0000177_CM0000018,0.1308867118644555,0.21415200862906852,CLEAN_REPLAY_RUN_A
KY2017_MATCH_0626,H40_G250_RP0000176_CM0000019,H40_G250_RP0000168_CM0000026,H40_G250_RP0000175_CM0000019,H40_G250_RP0000175_CM0000019,H40_G250_RP0000168_CM0000026,0.10846927855645515,0.11047222184768349,CLEAN_REPLAY_RUN_A
KY2017_MATCH_0627,H40_G250_RP0000176_CM0000029,H40_G250_RP0000172_CM0000015,H40_G250_RP0000174_CM0000027,H40_G250_RP0000174_CM0000027,H40_G250_RP0000172_CM0000015,0.12171178864762951,0.16234496460293513,CLEAN_REPLAY_RUN_A
KY2017_MATCH_0628,H40_G250_RP0000176_CM0000030,H40_G250_RP0000169_CM0000015,H40_G250_RP0000175_CM0000016,H40_G250_RP0000175_CM0000016,H40_G250_RP0000169_CM0000015,0.12469429966496068,0.13097186366263824,CLEAN_REPLAY_RUN_A
KY2017_MATCH_0629,H40_G250_RP0000176_CM0000031,H40_G250_RP0000174_CM0000026,H40_G250_RP0000175_CM0000025,H40_G250_RP0000175_CM0000025,H40_G250_RP0000174_CM0000026,0.11481508001566162,0.14474486797697184,CLEAN_REPLAY_RUN_A
KY2017_MATCH_0630,H40_G250_RP0000176_CM0000032,H40_G250_RP0000165_CM0000018,H40_G250_RP0000170_CM0000026,H40_G250_RP0000170_CM0000026,H40_G250_RP0000165_CM0000018,0.12698752979762568,0.16014649489042149,CLEAN_REPLAY_RUN_A
KY2017_MATCH_0631,H40_G250_RP0000176_CM0000033,H40_G250_RP0000188_CM0000038,H40_G250_RP0000241_CM0000035,H40_G250_RP0000188_CM0000038,H40_G250_RP0000241_CM0000035,0.15865656983401749,0.17204573603039919,CLEAN_REPLAY_RUN_A
KY2017_MATCH_0632,H40_G250_RP0000176_CM0000034,H40_G250_RP0000162_CM0000036,H40_G250_RP0000192_CM0000043,H40_G250_RP0000192_CM0000043,H40_G250_RP0000162_CM0000036,0.20624576958783813,0.2339850412893219,CLEAN_REPLAY_RUN_A
KY2017_MATCH_0633,H40_G250_RP0000176_CM0000035,H40_G250_RP0000161_CM0000026,H40_G250_RP0000242_CM0000035,H40_G250_RP0000242_CM0000035,H40_G250_RP0000161_CM0000026,0.23726061336397822,0.27852916152154977,CLEAN_REPLAY_RUN_A
KY2017_MATCH_0634,H40_G250_RP0000176_CM0000036,H40_G250_RP0000165_CM0000010,H40_G250_RP0000211_CM0000048,H40_G250_RP0000165_CM0000010,H40_G250_RP0000211_CM0000048,0.26387422658154275,0.30433764861191659,CLEAN_REPLAY_RUN_A
KY2017_MATCH_0635,H40_G250_RP0000176_CM0000037,H40_G250_RP0000213_CM0000048,H40_G250_RP0000216_CM0000048,H40_G250_RP0000216_CM0000048,H40_G250_RP0000213_CM0000048,0.35157780150002771,0.35256501786773736,CLEAN_REPLAY_RUN_A
KY2017_MATCH_0636,H40_G250_RP0000176_CM0000038,H40_G250_RP0000218_CM0000046,H40_G250_RP0000219_CM0000047,H40_G250_RP0000219_CM0000047,H40_G250_RP0000218_CM0000046,0.27916582228151121,0.28979322569564347,CLEAN_REPLAY_RUN_A
KY2017_MATCH_0637,H40_G250_RP0000176_CM0000039,H40_G250_RP0000135_CM0000056,H40_G250_RP0000184_CM0000038,H40_G250_RP0000135_CM0000056,H40_G250_RP0000184_CM0000038,0.14470426131651945,0.15473757940445004,CLEAN_REPLAY_RUN_A
KY2017_MATCH_0638,H40_G250_RP0000176_CM0000042,H40_G250_RP0000137_CM0000055,H40_G250_RP0000155_CM0000039,H40_G250_RP0000137_CM0000055,H40_G250_RP0000155_CM0000039,0.11957748667701182,0.12619382733994078,CLEAN_REPLAY_RUN_A
KY2017_MATCH_0639,H40_G250_RP0000176_CM0000049,H40_G250_RP0000142_CM0000071,H40_G250_RP0000225_CM0000050,H40_G250_RP0000225_CM0000050,H40_G250_RP0000142_CM0000071,0.31189652851038363,0.3608157793937059,CLEAN_REPLAY_RUN_A
KY2017_MATCH_0640,H40_G250_RP0000176_CM0000051,H40_G250_RP0000163_CM0000041,H40_G250_RP0000178_CM0000047,H40_G250_RP0000178_CM0000047,H40_G250_RP0000163_CM0000041,0.21909653953977623,0.29645276734454068,CLEAN_REPLAY_RUN_A
KY2017_MATCH_0641,H40_G250_RP0000176_CM0000052,H40_G250_RP0000136_CM0000059,H40_G250_RP0000158_CM0000039,H40_G250_RP0000158_CM0000039,H40_G250_RP0000136_CM0000059,0.13720627700676194,0.1562524938474337,CLEAN_REPLAY_RUN_A
KY2017_MATCH_0642,H40_G250_RP0000176_CM0000053,H40_G250_RP0000247_CM0000054,H40_G250_RP0000254_CM0000060,H40_G250_RP0000247_CM0000054,H40_G250_RP0000254_CM0000060,0.35431243979099752,0.36898860976403786,CLEAN_REPLAY_RUN_A
KY2017_MATCH_0643,H40_G250_RP0000176_CM0000054,H40_G250_RP0000251_CM0000057,H40_G250_RP0000252_CM0000058,H40_G250_RP0000252_CM0000058,H40_G250_RP0000251_CM0000057,0.35246207887783326,0.37188510486123216,CLEAN_REPLAY_RUN_A
KY2017_MATCH_0644,H40_G250_RP0000176_CM0000055,H40_G250_RP0000191_CM0000088,H40_G250_RP0000202_CM0000102,H40_G250_RP0000191_CM0000088,H40_G250_RP0000202_CM0000102,0.16632148614079567,0.1742942756209605,CLEAN_REPLAY_RUN_A
KY2017_MATCH_0645,H40_G250_RP0000176_CM0000056,H40_G250_RP0000204_CM0000101,H40_G250_RP0000205_CM0000109,H40_G250_RP0000204_CM0000101,H40_G250_RP0000205_CM0000109,0.15333441679406506,0.17081103865480066,CLEAN_REPLAY_RUN_A
KY2017_MATCH_0646,H40_G250_RP0000176_CM0000057,H40_G250_RP0000186_CM0000084,H40_G250_RP0000187_CM0000100,H40_G250_RP0000186_CM0000084,H40_G250_RP0000187_CM0000100,0.28927707027008254,0.36618683257163198,CLEAN_REPLAY_RUN_A
KY2017_MATCH_0647,H40_G250_RP0000176_CM0000058,H40_G250_RP0000151_CM0000046,H40_G250_RP0000173_CM0000045,H40_G250_RP0000173_CM0000045,H40_G250_RP0000151_CM0000046,0.10806776429669768,0.15806646064519608,CLEAN_REPLAY_RUN_A
KY2017_MATCH_0648,H40_G250_RP0000176_CM0000059,H40_G250_RP0000136_CM0000052,H40_G250_RP0000154_CM0000051,H40_G250_RP0000154_CM0000051,H40_G250_RP0000136_CM0000052,0.13805892944422132,0.16949026705252457,CLEAN_REPLAY_RUN_A
KY2017_MATCH_0649,H40_G250_RP0000176_CM0000060,H40_G250_RP0000141_CM0000055,H40_G250_RP0000160_CM0000040,H40_G250_RP0000160_CM0000040,H40_G250_RP0000141_CM0000055,0.15076246822070238,0.15666071102370765,CLEAN_REPLAY_RUN_A
KY2017_MATCH_0650,H40_G250_RP0000176_CM0000061,H40_G250_RP0000153_CM0000054,H40_G250_RP0000156_CM0000052,H40_G250_RP0000153_CM0000054,H40_G250_RP0000156_CM0000052,0.1444673214707875,0.15271886040585975,CLEAN_REPLAY_RUN_A
KY2017_MATCH_0651,H40_G250_RP0000176_CM0000062,H40_G250_RP0000156_CM0000050,H40_G250_RP0000159_CM0000059,H40_G250_RP0000156_CM0000050,H40_G250_RP0000159_CM0000059,0.13139447292430853,0.1805059773723845,CLEAN_REPLAY_RUN_A
KY2017_MATCH_0652,H40_G250_RP0000176_CM0000063,H40_G250_RP0000154_CM0000039,H40_G250_RP0000175_CM0000040,H40_G250_RP0000175_CM0000040,H40_G250_RP0000154_CM0000039,0.15739212601165223,0.18658575858883686,CLEAN_REPLAY_RUN_A
KY2017_MATCH_0653,H40_G250_RP0000176_CM0000064,H40_G250_RP0000193_CM0000048,H40_G250_RP0000218_CM0000048,H40_G250_RP0000218_CM0000048,H40_G250_RP0000193_CM0000048,0.2387602814908325,0.2410172270979957,CLEAN_REPLAY_RUN_A
KY2017_MATCH_0654,H40_G250_RP0000176_CM0000065,H40_G250_RP0000170_CM0000041,H40_G250_RP0000219_CM0000043,H40_G250_RP0000170_CM0000041,H40_G250_RP0000219_CM0000043,0.24122409687890189,0.26681425219079308,CLEAN_REPLAY_RUN_A
KY2017_MATCH_0655,H40_G250_RP0000176_CM0000066,H40_G250_RP0000165_CM0000032,H40_G250_RP0000174_CM0000041,H40_G250_RP0000174_CM0000041,H40_G250_RP0000165_CM0000032,0.16769568055738859,0.23560691087426552,CLEAN_REPLAY_RUN_A
KY2017_MATCH_0656,H40_G250_RP0000176_CM0000067,H40_G250_RP0000189_CM0000070,H40_G250_RP0000204_CM0000085,H40_G250_RP0000189_CM0000070,H40_G250_RP0000204_CM0000085,0.13922712546969354,0.19233213531289151,CLEAN_REPLAY_RUN_A
KY2017_MATCH_0657,H40_G250_RP0000176_CM0000068,H40_G250_RP0000202_CM0000100,H40_G250_RP0000223_CM0000069,H40_G250_RP0000202_CM0000100,H40_G250_RP0000223_CM0000069,0.16086568411828833,0.18924243075059627,CLEAN_REPLAY_RUN_A
KY2017_MATCH_0658,H40_G250_RP0000176_CM0000069,H40_G250_RP0000203_CM0000091,H40_G250_RP0000226_CM0000068,H40_G250_RP0000203_CM0000091,H40_G250_RP0000226_CM0000068,0.15195804326898665,0.19589937761308646,CLEAN_REPLAY_RUN_A
KY2017_MATCH_0659,H40_G250_RP0000176_CM0000070,H40_G250_RP0000160_CM0000055,H40_G250_RP0000239_CM0000046,H40_G250_RP0000160_CM0000055,H40_G250_RP0000239_CM0000046,0.18184754009385626,0.20742971635088348,CLEAN_REPLAY_RUN_A
KY2017_MATCH_0660,H40_G250_RP0000176_CM0000071,H40_G250_RP0000189_CM0000076,H40_G250_RP0000217_CM0000067,H40_G250_RP0000189_CM0000076,H40_G250_RP0000217_CM0000067,0.20352764225140857,0.21504146059167484,CLEAN_REPLAY_RUN_A
KY2017_MATCH_0661,H40_G250_RP0000176_CM0000072,H40_G250_RP0000189_CM0000077,H40_G250_RP0000203_CM0000094,H40_G250_RP0000203_CM0000094,H40_G250_RP0000189_CM0000077,0.14014856701027101,0.16177189826947014,CLEAN_REPLAY_RUN_A
KY2017_MATCH_0662,H40_G250_RP0000176_CM0000073,H40_G250_RP0000225_CM0000057,H40_G250_RP0000227_CM0000056,H40_G250_RP0000225_CM0000057,H40_G250_RP0000227_CM0000056,0.24026534902644225,0.25043107236830259,CLEAN_REPLAY_RUN_A
KY2017_MATCH_0663,H40_G250_RP0000176_CM0000074,H40_G250_RP0000167_CM0000072,H40_G250_RP0000188_CM0000048,H40_G250_RP0000167_CM0000072,H40_G250_RP0000188_CM0000048,0.17217072185024995,0.22549315305746007,CLEAN_REPLAY_RUN_A
KY2017_MATCH_0664,H40_G250_RP0000176_CM0000075,H40_G250_RP0000133_CM0000053,H40_G250_RP0000138_CM0000081,H40_G250_RP0000133_CM0000053,H40_G250_RP0000138_CM0000081,0.22537723406246257,0.26798354855294676,CLEAN_REPLAY_RUN_A
KY2017_MATCH_0665,H40_G250_RP0000176_CM0000076,H40_G250_RP0000140_CM0000102,H40_G250_RP0000210_CM0000119,H40_G250_RP0000210_CM0000119,H40_G250_RP0000140_CM0000102,0.19180976671758265,0.19221298973642204,CLEAN_REPLAY_RUN_A
KY2017_MATCH_0666,H40_G250_RP0000176_CM0000077,H40_G250_RP0000193_CM0000113,H40_G250_RP0000206_CM0000129,H40_G250_RP0000193_CM0000113,H40_G250_RP0000206_CM0000129,0.20550198468767564,0.26929067705792986,CLEAN_REPLAY_RUN_A
KY2017_MATCH_0667,H40_G250_RP0000176_CM0000078,H40_G250_RP0000194_CM0000113,H40_G250_RP0000196_CM0000114,H40_G250_RP0000194_CM0000113,H40_G250_RP0000196_CM0000114,0.19381214571417119,0.22979385112265854,CLEAN_REPLAY_RUN_A
KY2017_MATCH_0668,H40_G250_RP0000176_CM0000079,H40_G250_RP0000133_CM0000110,H40_G250_RP0000202_CM0000120,H40_G250_RP0000202_CM0000120,H40_G250_RP0000133_CM0000110,0.19631661869927708,0.28475744624527022,CLEAN_REPLAY_RUN_A
KY2017_MATCH_0669,H40_G250_RP0000176_CM0000080,H40_G250_RP0000158_CM0000081,H40_G250_RP0000158_CM0000082,H40_G250_RP0000158_CM0000082,H40_G250_RP0000158_CM0000081,0.44001567497142902,0.45740486138228154,CLEAN_REPLAY_RUN_A
KY2017_MATCH_0670,H40_G250_RP0000176_CM0000081,H40_G250_RP0000194_CM0000125,H40_G250_RP0000208_CM0000114,H40_G250_RP0000208_CM0000114,H40_G250_RP0000194_CM0000125,0.50688614018083156,0.60579025184789503,CLEAN_REPLAY_RUN_A
KY2017_MATCH_0671,H40_G250_RP0000176_CM0000082,H40_G250_RP0000138_CM0000092,H40_G250_RP0000195_CM0000114,H40_G250_RP0000138_CM0000092,H40_G250_RP0000195_CM0000114,0.13894550567501379,0.22778677346877288,CLEAN_REPLAY_RUN_A
KY2017_MATCH_0672,H40_G250_RP0000176_CM0000083,H40_G250_RP0000194_CM0000117,H40_G250_RP0000200_CM0000133,H40_G250_RP0000194_CM0000117,H40_G250_RP0000200_CM0000133,0.1875778116883155,0.25028015291475753,CLEAN_REPLAY_RUN_A
KY2017_MATCH_0673,H40_G250_RP0000176_CM0000084,H40_G250_RP0000133_CM0000111,H40_G250_RP0000201_CM0000129,H40_G250_RP0000201_CM0000129,H40_G250_RP0000133_CM0000111,0.30032692758682528,0.38380803056807494,CLEAN_REPLAY_RUN_A
KY2017_MATCH_0674,H40_G250_RP0000176_CM0000085,H40_G250_RP0000142_CM0000094,H40_G250_RP0000202_CM0000132,H40_G250_RP0000142_CM0000094,H40_G250_RP0000202_CM0000132,0.1625260075847349,0.23465620321796365,CLEAN_REPLAY_RUN_A
KY2017_MATCH_0675,H40_G250_RP0000176_CM0000086,H40_G250_RP0000133_CM0000093,H40_G250_RP0000204_CM0000133,H40_G250_RP0000204_CM0000133,H40_G250_RP0000133_CM0000093,0.2053633214811722,0.25000920266474852,CLEAN_REPLAY_RUN_A
KY2017_MATCH_0676,H40_G250_RP0000176_CM0000087,H40_G250_RP0000189_CM0000119,H40_G250_RP0000192_CM0000118,H40_G250_RP0000192_CM0000118,H40_G250_RP0000189_CM0000119,0.23631764606147446,0.32513752789530548,CLEAN_REPLAY_RUN_A
KY2017_MATCH_0677,H40_G250_RP0000176_CM0000088,H40_G250_RP0000195_CM0000117,H40_G250_RP0000200_CM0000116,H40_G250_RP0000195_CM0000117,H40_G250_RP0000200_CM0000116,0.21357138782787322,0.26888551035718722,CLEAN_REPLAY_RUN_A
KY2017_MATCH_0678,H40_G250_RP0000176_CM0000089,H40_G250_RP0000198_CM0000116,H40_G250_RP0000204_CM0000124,H40_G250_RP0000204_CM0000124,H40_G250_RP0000198_CM0000116,0.21298014565703938,0.24233383786857765,CLEAN_REPLAY_RUN_A
KY2017_MATCH_0679,H40_G250_RP0000176_CM0000090,H40_G250_RP0000201_CM0000132,H40_G250_RP0000203_CM0000128,H40_G250_RP0000201_CM0000132,H40_G250_RP0000203_CM0000128,0.21394644535534141,0.24002573293626819,CLEAN_REPLAY_RUN_A
KY2017_MATCH_0680,H40_G250_RP0000176_CM0000091,H40_G250_RP0000199_CM0000115,H40_G250_RP0000202_CM0000126,H40_G250_RP0000199_CM0000115,H40_G250_RP0000202_CM0000126,0.26353119578904827,0.3053872876721857,CLEAN_REPLAY_RUN_A
KY2017_MATCH_0681,H40_G250_RP0000176_CM0000092,H40_G250_RP0000191_CM0000122,H40_G250_RP0000200_CM0000129,H40_G250_RP0000200_CM0000129,H40_G250_RP0000191_CM0000122,0.27931346924654915,0.29893493940741866,CLEAN_REPLAY_RUN_A
KY2017_MATCH_0682,H40_G250_RP0000176_CM0000093,H40_G250_RP0000159_CM0000080,H40_G250_RP0000202_CM0000135,H40_G250_RP0000159_CM0000080,H40_G250_RP0000202_CM0000135,0.29265444473299768,0.30405748242972652,CLEAN_REPLAY_RUN_A
KY2017_MATCH_0683,H40_G250_RP0000176_CM0000094,H40_G250_RP0000197_CM0000122,H40_G250_RP0000199_CM0000128,H40_G250_RP0000197_CM0000122,H40_G250_RP0000199_CM0000128,0.44944380725397581,0.56895346226840338,CLEAN_REPLAY_RUN_A
KY2017_MATCH_0684,H40_G250_RP0000176_CM0000095,H40_G250_RP0000200_CM0000127,H40_G250_RP0000202_CM0000116,H40_G250_RP0000200_CM0000127,H40_G250_RP0000202_CM0000116,0.3566749598382013,0.36538614117489981,CLEAN_REPLAY_RUN_A
KY2017_MATCH_0685,H40_G250_RP0000176_CM0000096,H40_G250_RP0000175_CM0000095,H40_G250_RP0000201_CM0000114,H40_G250_RP0000175_CM0000095,H40_G250_RP0000201_CM0000114,0.31214734229075008,0.39976506151848573,CLEAN_REPLAY_RUN_A
KY2017_MATCH_0686,H40_G250_RP0000176_CM0000097,H40_G250_RP0000187_CM0000118,H40_G250_RP0000208_CM0000113,H40_G250_RP0000187_CM0000118,H40_G250_RP0000208_CM0000113,0.32314257332856994,0.35198065355177799,CLEAN_REPLAY_RUN_A
KY2017_MATCH_0687,H40_G250_RP0000176_CM0000098,H40_G250_RP0000193_CM0000145,H40_G250_RP0000199_CM0000136,H40_G250_RP0000199_CM0000136,H40_G250_RP0000193_CM0000145,0.44059595441346872,0.56459783859979229,CLEAN_REPLAY_RUN_A
KY2017_MATCH_0688,H40_G250_RP0000176_CM0000101,H40_G250_RP0000189_CM0000125,H40_G250_RP0000193_CM0000124,H40_G250_RP0000189_CM0000125,H40_G250_RP0000193_CM0000124,0.29457525678847651,0.34191130724673746,CLEAN_REPLAY_RUN_A
KY2017_MATCH_0689,H40_G250_RP0000177_CM0000013,H40_G250_RP0000176_CM0000013,H40_G250_RP0000184_CM0000031,H40_G250_RP0000176_CM0000013,H40_G250_RP0000184_CM0000031,0.16089689453947795,0.16925369803385015,CLEAN_REPLAY_RUN_A
KY2017_MATCH_0690,H40_G250_RP0000177_CM0000020,H40_G250_RP0000182_CM0000020,H40_G250_RP0000183_CM0000023,H40_G250_RP0000182_CM0000020,H40_G250_RP0000183_CM0000023,0.11073983274491846,0.13210081474504631,CLEAN_REPLAY_RUN_A
KY2017_MATCH_0691,H40_G250_RP0000177_CM0000027,H40_G250_RP0000177_CM0000019,H40_G250_RP0000231_CM0000035,H40_G250_RP0000177_CM0000019,H40_G250_RP0000231_CM0000035,0.13003602983287607,0.16673789545976442,CLEAN_REPLAY_RUN_A
KY2017_MATCH_0692,H40_G250_RP0000177_CM0000028,H40_G250_RP0000177_CM0000029,H40_G250_RP0000185_CM0000031,H40_G250_RP0000177_CM0000029,H40_G250_RP0000185_CM0000031,0.14962397094717692,0.16782986252863619,CLEAN_REPLAY_RUN_A
KY2017_MATCH_0693,H40_G250_RP0000177_CM0000030,H40_G250_RP0000178_CM0000017,H40_G250_RP0000197_CM0000010,H40_G250_RP0000178_CM0000017,H40_G250_RP0000197_CM0000010,0.14345435858445837,0.15601035978689987,CLEAN_REPLAY_RUN_A
KY2017_MATCH_0694,H40_G250_RP0000177_CM0000031,H40_G250_RP0000177_CM0000032,H40_G250_RP0000180_CM0000032,H40_G250_RP0000180_CM0000032,H40_G250_RP0000177_CM0000032,0.15287996905974668,0.15801547564255614,CLEAN_REPLAY_RUN_A
KY2017_MATCH_0695,H40_G250_RP0000177_CM0000033,H40_G250_RP0000177_CM0000021,H40_G250_RP0000184_CM0000025,H40_G250_RP0000177_CM0000021,H40_G250_RP0000184_CM0000025,0.15718216723271361,0.17160265803464528,CLEAN_REPLAY_RUN_A
KY2017_MATCH_0696,H40_G250_RP0000177_CM0000034,H40_G250_RP0000178_CM0000032,H40_G250_RP0000233_CM0000035,H40_G250_RP0000178_CM0000032,H40_G250_RP0000233_CM0000035,0.24497421055491642,0.26177030445367733,CLEAN_REPLAY_RUN_A
KY2017_MATCH_0697,H40_G250_RP0000177_CM0000035,H40_G250_RP0000231_CM0000036,H40_G250_RP0000232_CM0000036,H40_G250_RP0000232_CM0000036,H40_G250_RP0000231_CM0000036,0.16517433976335064,0.16673715561077254,CLEAN_REPLAY_RUN_A
KY2017_MATCH_0698,H40_G250_RP0000177_CM0000036,H40_G250_RP0000230_CM0000033,H40_G250_RP0000244_CM0000036,H40_G250_RP0000244_CM0000036,H40_G250_RP0000230_CM0000033,0.20264140855411389,0.20602500514298666,CLEAN_REPLAY_RUN_A
KY2017_MATCH_0699,H40_G250_RP0000177_CM0000037,H40_G250_RP0000168_CM0000035,H40_G250_RP0000237_CM0000034,H40_G250_RP0000168_CM0000035,H40_G250_RP0000237_CM0000034,0.18779827500573798,0.21310919327409433,CLEAN_REPLAY_RUN_A
KY2017_MATCH_0700,H40_G250_RP0000177_CM0000038,H40_G250_RP0000207_CM0000050,H40_G250_RP0000217_CM0000045,H40_G250_RP0000217_CM0000045,H40_G250_RP0000207_CM0000050,0.21874957167303133,0.28030328969117019,CLEAN_REPLAY_RUN_A
KY2017_MATCH_0701,H40_G250_RP0000177_CM0000039,H40_G250_RP0000178_CM0000039,H40_G250_RP0000178_CM0000040,H40_G250_RP0000178_CM0000039,H40_G250_RP0000178_CM0000040,0.075964351587511802,0.10636303406747229,CLEAN_REPLAY_RUN_A
KY2017_MATCH_0702,H40_G250_RP0000177_CM0000046,H40_G250_RP0000174_CM0000045,H40_G250_RP0000175_CM0000046,H40_G250_RP0000174_CM0000045,H40_G250_RP0000175_CM0000046,0.11572755158930678,0.15218885255105982,CLEAN_REPLAY_RUN_A
KY2017_MATCH_0703,H40_G250_RP0000177_CM0000047,H40_G250_RP0000179_CM0000048,H40_G250_RP0000225_CM0000052,H40_G250_RP0000179_CM0000048,H40_G250_RP0000225_CM0000052,0.16529090855865453,0.16835070395736407,CLEAN_REPLAY_RUN_A
KY2017_MATCH_0704,H40_G250_RP0000177_CM0000049,H40_G250_RP0000140_CM0000061,H40_G250_RP0000178_CM0000049,H40_G250_RP0000178_CM0000049,H40_G250_RP0000140_CM0000061,0.1266123716804359,0.14914596577919587,CLEAN_REPLAY_RUN_A
KY2017_MATCH_0705,H40_G250_RP0000177_CM0000050,H40_G250_RP0000139_CM0000062,H40_G250_RP0000183_CM0000046,H40_G250_RP0000183_CM0000046,H40_G250_RP0000139_CM0000062,0.14946869131126783,0.22657613487822845,CLEAN_REPLAY_RUN_A
KY2017_MATCH_0706,H40_G250_RP0000177_CM0000051,H40_G250_RP0000162_CM0000016,H40_G250_RP0000182_CM0000046,H40_G250_RP0000162_CM0000016,H40_G250_RP0000182_CM0000046,0.2778956064001491,0.31312540704624253,CLEAN_REPLAY_RUN_A
KY2017_MATCH_0707,H40_G250_RP0000177_CM0000052,H40_G250_RP0000170_CM0000023,H40_G250_RP0000174_CM0000022,H40_G250_RP0000174_CM0000022,H40_G250_RP0000170_CM0000023,0.35853849705985907,0.37419928710740247,CLEAN_REPLAY_RUN_A
KY2017_MATCH_0708,H40_G250_RP0000177_CM0000053,H40_G250_RP0000237_CM0000053,H40_G250_RP0000254_CM0000054,H40_G250_RP0000237_CM0000053,H40_G250_RP0000254_CM0000054,0.30941301352986439,0.3130861903903846,CLEAN_REPLAY_RUN_A
KY2017_MATCH_0709,H40_G250_RP0000177_CM0000054,H40_G250_RP0000250_CM0000056,H40_G250_RP0000251_CM0000060,H40_G250_RP0000250_CM0000056,H40_G250_RP0000251_CM0000060,0.31685164754829392,0.3413955063225394,CLEAN_REPLAY_RUN_A
KY2017_MATCH_0710,H40_G250_RP0000177_CM0000055,H40_G250_RP0000194_CM0000100,H40_G250_RP0000204_CM0000105,H40_G250_RP0000204_CM0000105,H40_G250_RP0000194_CM0000100,0.20629374915206128,0.24625501955856316,CLEAN_REPLAY_RUN_A
KY2017_MATCH_0711,H40_G250_RP0000177_CM0000056,H40_G250_RP0000205_CM0000106,H40_G250_RP0000247_CM0000048,H40_G250_RP0000247_CM0000048,H40_G250_RP0000205_CM0000106,0.18000066742304471,0.21187440670069954,CLEAN_REPLAY_RUN_A
KY2017_MATCH_0712,H40_G250_RP0000177_CM0000057,H40_G250_RP0000194_CM0000103,H40_G250_RP0000198_CM0000107,H40_G250_RP0000194_CM0000103,H40_G250_RP0000198_CM0000107,0.32680953910276667,0.33202838417926567,CLEAN_REPLAY_RUN_A
KY2017_MATCH_0713,H40_G250_RP0000177_CM0000058,H40_G250_RP0000190_CM0000088,H40_G250_RP0000194_CM0000079,H40_G250_RP0000194_CM0000079,H40_G250_RP0000190_CM0000088,0.16604565136703103,0.17057375456508883,CLEAN_REPLAY_RUN_A
KY2017_MATCH_0714,H40_G250_RP0000177_CM0000059,H40_G250_RP0000181_CM0000041,H40_G250_RP0000209_CM0000051,H40_G250_RP0000181_CM0000041,H40_G250_RP0000209_CM0000051,0.12622657117884831,0.15973455236729878,CLEAN_REPLAY_RUN_A
KY2017_MATCH_0715,H40_G250_RP0000177_CM0000060,H40_G250_RP0000151_CM0000052,H40_G250_RP0000158_CM0000050,H40_G250_RP0000151_CM0000052,H40_G250_RP0000158_CM0000050,0.16345077056335972,0.17436335869392228,CLEAN_REPLAY_RUN_A
KY2017_MATCH_0716,H40_G250_RP0000177_CM0000061,H40_G250_RP0000151_CM0000053,H40_G250_RP0000235_CM0000064,H40_G250_RP0000151_CM0000053,H40_G250_RP0000235_CM0000064,0.164587375550759,0.1761645752547463,CLEAN_REPLAY_RUN_A
KY2017_MATCH_0717,H40_G250_RP0000177_CM0000062,H40_G250_RP0000180_CM0000042,H40_G250_RP0000218_CM0000078,H40_G250_RP0000180_CM0000042,H40_G250_RP0000218_CM0000078,0.17039170398915554,0.19644453777591736,CLEAN_REPLAY_RUN_A
KY2017_MATCH_0718,H40_G250_RP0000177_CM0000063,H40_G250_RP0000190_CM0000042,H40_G250_RP0000233_CM0000040,H40_G250_RP0000190_CM0000042,H40_G250_RP0000233_CM0000040,0.12604201259125905,0.18662833949590107,CLEAN_REPLAY_RUN_A
KY2017_MATCH_0719,H40_G250_RP0000177_CM0000064,H40_G250_RP0000206_CM0000054,H40_G250_RP0000217_CM0000043,H40_G250_RP0000206_CM0000054,H40_G250_RP0000217_CM0000043,0.13374203666389373,0.18987784620709558,CLEAN_REPLAY_RUN_A
KY2017_MATCH_0720,H40_G250_RP0000177_CM0000065,H40_G250_RP0000207_CM0000046,H40_G250_RP0000220_CM0000081,H40_G250_RP0000220_CM0000081,H40_G250_RP0000207_CM0000046,0.20236946476915246,0.20627586835334891,CLEAN_REPLAY_RUN_A
KY2017_MATCH_0721,H40_G250_RP0000177_CM0000066,H40_G250_RP0000183_CM0000078,H40_G250_RP0000190_CM0000077,H40_G250_RP0000183_CM0000078,H40_G250_RP0000190_CM0000077,0.1688337396143878,0.21898585195726117,CLEAN_REPLAY_RUN_A
KY2017_MATCH_0722,H40_G250_RP0000177_CM0000067,H40_G250_RP0000203_CM0000093,H40_G250_RP0000222_CM0000068,H40_G250_RP0000203_CM0000093,H40_G250_RP0000222_CM0000068,0.23072833200271678,0.26380229473322647,CLEAN_REPLAY_RUN_A
KY2017_MATCH_0723,H40_G250_RP0000177_CM0000068,H40_G250_RP0000200_CM0000091,H40_G250_RP0000201_CM0000092,H40_G250_RP0000200_CM0000091,H40_G250_RP0000201_CM0000092,0.11578858795396707,0.1410125845986398,CLEAN_REPLAY_RUN_A
KY2017_MATCH_0724,H40_G250_RP0000177_CM0000069,H40_G250_RP0000202_CM0000092,H40_G250_RP0000215_CM0000072,H40_G250_RP0000202_CM0000092,H40_G250_RP0000215_CM0000072,0.13123406552816791,0.14367102839684553,CLEAN_REPLAY_RUN_A
KY2017_MATCH_0725,H40_G250_RP0000177_CM0000070,H40_G250_RP0000196_CM0000047,H40_G250_RP0000214_CM0000058,H40_G250_RP0000196_CM0000047,H40_G250_RP0000214_CM0000058,0.17599796286090419,0.19774342417718241,CLEAN_REPLAY_RUN_A
KY2017_MATCH_0726,H40_G250_RP0000177_CM0000071,H40_G250_RP0000197_CM0000068,H40_G250_RP0000208_CM0000071,H40_G250_RP0000208_CM0000071,H40_G250_RP0000197_CM0000068,0.17388611080073638,0.18017575748573139,CLEAN_REPLAY_RUN_A
KY2017_MATCH_0727,H40_G250_RP0000177_CM0000072,H40_G250_RP0000189_CM0000071,H40_G250_RP0000204_CM0000094,H40_G250_RP0000204_CM0000094,H40_G250_RP0000189_CM0000071,0.19130284503475087,0.1996369076871192,CLEAN_REPLAY_RUN_A
KY2017_MATCH_0728,H40_G250_RP0000177_CM0000073,H40_G250_RP0000183_CM0000074,H40_G250_RP0000186_CM0000066,H40_G250_RP0000183_CM0000074,H40_G250_RP0000186_CM0000066,0.1315381548387462,0.1983260046119881,CLEAN_REPLAY_RUN_A
KY2017_MATCH_0729,H40_G250_RP0000177_CM0000074,H40_G250_RP0000197_CM0000080,H40_G250_RP0000216_CM0000060,H40_G250_RP0000197_CM0000080,H40_G250_RP0000216_CM0000060,0.17211968631825064,0.19225393817316755,CLEAN_REPLAY_RUN_A
KY2017_MATCH_0730,H40_G250_RP0000177_CM0000075,H40_G250_RP0000205_CM0000088,H40_G250_RP0000227_CM0000061,H40_G250_RP0000205_CM0000088,H40_G250_RP0000227_CM0000061,0.15126708410979472,0.17955457985869094,CLEAN_REPLAY_RUN_A
KY2017_MATCH_0731,H40_G250_RP0000177_CM0000076,H40_G250_RP0000222_CM0000059,H40_G250_RP0000229_CM0000058,H40_G250_RP0000222_CM0000059,H40_G250_RP0000229_CM0000058,0.18865610650455683,0.19265290585408654,CLEAN_REPLAY_RUN_A
KY2017_MATCH_0732,H40_G250_RP0000177_CM0000077,H40_G250_RP0000186_CM0000077,H40_G250_RP0000223_CM0000062,H40_G250_RP0000186_CM0000077,H40_G250_RP0000223_CM0000062,0.20748212072664898,0.23518941422766965,CLEAN_REPLAY_RUN_A
KY2017_MATCH_0733,H40_G250_RP0000177_CM0000078,H40_G250_RP0000225_CM0000063,H40_G250_RP0000246_CM0000042,H40_G250_RP0000246_CM0000042,H40_G250_RP0000225_CM0000063,0.22012429320039389,0.22973342015769793,CLEAN_REPLAY_RUN_A
KY2017_MATCH_0734,H40_G250_RP0000177_CM0000079,H40_G250_RP0000185_CM0000078,H40_G250_RP0000223_CM0000057,H40_G250_RP0000223_CM0000057,H40_G250_RP0000185_CM0000078,0.22891162691969882,0.24066635908964906,CLEAN_REPLAY_RUN_A
KY2017_MATCH_0735,H40_G250_RP0000177_CM0000080,H40_G250_RP0000185_CM0000104,H40_G250_RP0000187_CM0000088,H40_G250_RP0000187_CM0000088,H40_G250_RP0000185_CM0000104,0.23550891327456691,0.24959329669652613,CLEAN_REPLAY_RUN_A
KY2017_MATCH_0736,H40_G250_RP0000177_CM0000081,H40_G250_RP0000183_CM0000103,H40_G250_RP0000197_CM0000108,H40_G250_RP0000183_CM0000103,H40_G250_RP0000197_CM0000108,0.35984960551839362,0.38618628148618805,CLEAN_REPLAY_RUN_A
KY2017_MATCH_0737,H40_G250_RP0000177_CM0000082,H40_G250_RP0000183_CM0000083,H40_G250_RP0000228_CM0000052,H40_G250_RP0000183_CM0000083,H40_G250_RP0000228_CM0000052,0.48327559964057226,0.49080156373584327,CLEAN_REPLAY_RUN_A
KY2017_MATCH_0738,H40_G250_RP0000177_CM0000083,H40_G250_RP0000194_CM0000086,H40_G250_RP0000244_CM0000047,H40_G250_RP0000194_CM0000086,H40_G250_RP0000244_CM0000047,0.27933004142169249,0.3258696818029333,CLEAN_REPLAY_RUN_A
KY2017_MATCH_0739,H40_G250_RP0000177_CM0000084,H40_G250_RP0000186_CM0000089,H40_G250_RP0000188_CM0000094,H40_G250_RP0000186_CM0000089,H40_G250_RP0000188_CM0000094,0.25723300074036637,0.28368623795352038,CLEAN_REPLAY_RUN_A
KY2017_MATCH_0740,H40_G250_RP0000177_CM0000085,H40_G250_RP0000184_CM0000087,H40_G250_RP0000186_CM0000087,H40_G250_RP0000184_CM0000087,H40_G250_RP0000186_CM0000087,0.19348486335174847,0.23789901256886445,CLEAN_REPLAY_RUN_A
KY2017_MATCH_0741,H40_G250_RP0000177_CM0000086,H40_G250_RP0000228_CM0000054,H40_G250_RP0000241_CM0000049,H40_G250_RP0000241_CM0000049,H40_G250_RP0000228_CM0000054,0.22998308462602179,0.23226516759487004,CLEAN_REPLAY_RUN_A
KY2017_MATCH_0742,H40_G250_RP0000177_CM0000087,H40_G250_RP0000244_CM0000045,H40_G250_RP0000245_CM0000050,H40_G250_RP0000245_CM0000050,H40_G250_RP0000244_CM0000045,0.23831691712888731,0.24195611710451806,CLEAN_REPLAY_RUN_A
KY2017_MATCH_0743,H40_G250_RP0000177_CM0000088,H40_G250_RP0000241_CM0000046,H40_G250_RP0000243_CM0000045,H40_G250_RP0000243_CM0000045,H40_G250_RP0000241_CM0000046,0.28436210078140772,0.30643164888215252,CLEAN_REPLAY_RUN_A
KY2017_MATCH_0744,H40_G250_RP0000177_CM0000089,H40_G250_RP0000245_CM0000049,H40_G250_RP0000246_CM0000050,H40_G250_RP0000246_CM0000050,H40_G250_RP0000245_CM0000049,0.26525329634425382,0.27811261572910739,CLEAN_REPLAY_RUN_A
KY2017_MATCH_0745,H40_G250_RP0000177_CM0000090,H40_G250_RP0000227_CM0000054,H40_G250_RP0000240_CM0000049,H40_G250_RP0000227_CM0000054,H40_G250_RP0000240_CM0000049,0.2491464702354475,0.25118066578108944,CLEAN_REPLAY_RUN_A
KY2017_MATCH_0746,H40_G250_RP0000177_CM0000091,H40_G250_RP0000229_CM0000066,H40_G250_RP0000230_CM0000061,H40_G250_RP0000230_CM0000061,H40_G250_RP0000229_CM0000066,0.28249470470357513,0.28596641677401075,CLEAN_REPLAY_RUN_A
KY2017_MATCH_0747,H40_G250_RP0000177_CM0000092,H40_G250_RP0000226_CM0000057,H40_G250_RP0000232_CM0000059,H40_G250_RP0000232_CM0000059,H40_G250_RP0000226_CM0000057,0.31763838114601045,0.33401443418977261,CLEAN_REPLAY_RUN_A
KY2017_MATCH_0748,H40_G250_RP0000177_CM0000093,H40_G250_RP0000225_CM0000055,H40_G250_RP0000226_CM0000054,H40_G250_RP0000225_CM0000055,H40_G250_RP0000226_CM0000054,0.28545733142159097,0.29236076818303369,CLEAN_REPLAY_RUN_A
KY2017_MATCH_0749,H40_G250_RP0000177_CM0000094,H40_G250_RP0000224_CM0000056,H40_G250_RP0000243_CM0000050,H40_G250_RP0000243_CM0000050,H40_G250_RP0000224_CM0000056,0.26748380324488036,0.29435021309323883,CLEAN_REPLAY_RUN_A
KY2017_MATCH_0750,H40_G250_RP0000177_CM0000095,H40_G250_RP0000227_CM0000055,H40_G250_RP0000230_CM0000064,H40_G250_RP0000230_CM0000064,H40_G250_RP0000227_CM0000055,0.3742444873121416,0.38936023184850199,CLEAN_REPLAY_RUN_A
KY2017_MATCH_0751,H40_G250_RP0000177_CM0000096,H40_G250_RP0000144_CM0000107,H40_G250_RP0000170_CM0000094,H40_G250_RP0000144_CM0000107,H40_G250_RP0000170_CM0000094,0.30826428473468837,0.32096161539449286,CLEAN_REPLAY_RUN_A
KY2017_MATCH_0752,H40_G250_RP0000177_CM0000099,H40_G250_RP0000161_CM0000078,H40_G250_RP0000165_CM0000093,H40_G250_RP0000165_CM0000093,H40_G250_RP0000161_CM0000078,0.25940895547983345,0.27743061508473693,CLEAN_REPLAY_RUN_A
KY2017_MATCH_0753,H40_G250_RP0000177_CM0000100,H40_G250_RP0000163_CM0000090,H40_G250_RP0000186_CM0000112,H40_G250_RP0000163_CM0000090,H40_G250_RP0000186_CM0000112,0.28713750921048015,0.30469399566193256,CLEAN_REPLAY_RUN_A
KY2017_MATCH_0754,H40_G250_RP0000177_CM0000101,H40_G250_RP0000176_CM0000102,H40_G250_RP0000190_CM0000112,H40_G250_RP0000176_CM0000102,H40_G250_RP0000190_CM0000112,0.25077777048136091,0.35173209804270039,CLEAN_REPLAY_RUN_A
KY2017_MATCH_0755,H40_G250_RP0000177_CM0000102,H40_G250_RP0000172_CM0000097,H40_G250_RP0000187_CM0000112,H40_G250_RP0000187_CM0000112,H40_G250_RP0000172_CM0000097,0.24283973943501311,0.26625235053328172,CLEAN_REPLAY_RUN_A
KY2017_MATCH_0756,H40_G250_RP0000178_CM0000013,H40_G250_RP0000179_CM0000013,H40_G250_RP0000179_CM0000015,H40_G250_RP0000179_CM0000013,H40_G250_RP0000179_CM0000015,0.14738939778519922,0.16779667496077763,CLEAN_REPLAY_RUN_A
KY2017_MATCH_0757,H40_G250_RP0000178_CM0000027,H40_G250_RP0000181_CM0000030,H40_G250_RP0000188_CM0000036,H40_G250_RP0000188_CM0000036,H40_G250_RP0000181_CM0000030,0.11147611209329912,0.17657900403245605,CLEAN_REPLAY_RUN_A
KY2017_MATCH_0758,H40_G250_RP0000178_CM0000028,H40_G250_RP0000182_CM0000030,H40_G250_RP0000182_CM0000031,H40_G250_RP0000182_CM0000031,H40_G250_RP0000182_CM0000030,0.090874885815189904,0.13896495068016657,CLEAN_REPLAY_RUN_A
KY2017_MATCH_0759,H40_G250_RP0000178_CM0000029,H40_G250_RP0000178_CM0000018,H40_G250_RP0000178_CM0000019,H40_G250_RP0000178_CM0000019,H40_G250_RP0000178_CM0000018,0.1233448363027409,0.1374922014340268,CLEAN_REPLAY_RUN_A
KY2017_MATCH_0760,H40_G250_RP0000178_CM0000030,H40_G250_RP0000180_CM0000030,H40_G250_RP0000189_CM0000024,H40_G250_RP0000180_CM0000030,H40_G250_RP0000189_CM0000024,0.14359896931444824,0.17315515588183938,CLEAN_REPLAY_RUN_A
KY2017_MATCH_0761,H40_G250_RP0000178_CM0000033,H40_G250_RP0000178_CM0000020,H40_G250_RP0000179_CM0000020,H40_G250_RP0000179_CM0000020,H40_G250_RP0000178_CM0000020,0.14352096998943459,0.18396172097574301,CLEAN_REPLAY_RUN_A
KY2017_MATCH_0762,H40_G250_RP0000178_CM0000034,H40_G250_RP0000178_CM0000025,H40_G250_RP0000180_CM0000020,H40_G250_RP0000178_CM0000025,H40_G250_RP0000180_CM0000020,0.13032415497255087,0.13747559726149178,CLEAN_REPLAY_RUN_A
KY2017_MATCH_0763,H40_G250_RP0000178_CM0000035,H40_G250_RP0000180_CM0000034,H40_G250_RP0000183_CM0000022,H40_G250_RP0000180_CM0000034,H40_G250_RP0000183_CM0000022,0.13979577936920615,0.19006706855817948,CLEAN_REPLAY_RUN_A
KY2017_MATCH_0764,H40_G250_RP0000178_CM0000036,H40_G250_RP0000179_CM0000034,H40_G250_RP0000190_CM0000031,H40_G250_RP0000190_CM0000031,H40_G250_RP0000179_CM0000034,0.12377040731322944,0.12860387597245265,CLEAN_REPLAY_RUN_A
KY2017_MATCH_0765,H40_G250_RP0000178_CM0000038,H40_G250_RP0000210_CM0000048,H40_G250_RP0000217_CM0000046,H40_G250_RP0000217_CM0000046,H40_G250_RP0000210_CM0000048,0.22436615381637517,0.23419380141317306,CLEAN_REPLAY_RUN_A
KY2017_MATCH_0766,H40_G250_RP0000178_CM0000041,H40_G250_RP0000183_CM0000051,H40_G250_RP0000194_CM0000046,H40_G250_RP0000183_CM0000051,H40_G250_RP0000194_CM0000046,0.12600956619367784,0.15578879635801321,CLEAN_REPLAY_RUN_A
KY2017_MATCH_0767,H40_G250_RP0000178_CM0000042,H40_G250_RP0000177_CM0000042,H40_G250_RP0000192_CM0000048,H40_G250_RP0000192_CM0000048,H40_G250_RP0000177_CM0000042,0.12316567466505582,0.14344205707798971,CLEAN_REPLAY_RUN_A
KY2017_MATCH_0768,H40_G250_RP0000178_CM0000043,H40_G250_RP0000180_CM0000043,H40_G250_RP0000253_CM0000048,H40_G250_RP0000180_CM0000043,H40_G250_RP0000253_CM0000048,0.094165592137289214,0.1802996847581769,CLEAN_REPLAY_RUN_A
KY2017_MATCH_0769,H40_G250_RP0000178_CM0000046,H40_G250_RP0000158_CM0000014,H40_G250_RP0000180_CM0000045,H40_G250_RP0000180_CM0000045,H40_G250_RP0000158_CM0000014,0.080661148036600641,0.11708241899755897,CLEAN_REPLAY_RUN_A
KY2017_MATCH_0770,H40_G250_RP0000178_CM0000053,H40_G250_RP0000148_CM0000034,H40_G250_RP0000246_CM0000060,H40_G250_RP0000148_CM0000034,H40_G250_RP0000246_CM0000060,0.23285825751888051,0.3475762741577702,CLEAN_REPLAY_RUN_A
KY2017_MATCH_0771,H40_G250_RP0000178_CM0000054,H40_G250_RP0000254_CM0000059,H40_G250_RP0000255_CM0000059,H40_G250_RP0000255_CM0000059,H40_G250_RP0000254_CM0000059,0.2960091957852492,0.32266186975321953,CLEAN_REPLAY_RUN_A
KY2017_MATCH_0772,H40_G250_RP0000178_CM0000055,H40_G250_RP0000182_CM0000054,H40_G250_RP0000238_CM0000055,H40_G250_RP0000182_CM0000054,H40_G250_RP0000238_CM0000055,0.2092964788247757,0.27975265225107027,CLEAN_REPLAY_RUN_A
KY2017_MATCH_0773,H40_G250_RP0000178_CM0000056,H40_G250_RP0000193_CM0000091,H40_G250_RP0000193_CM0000097,H40_G250_RP0000193_CM0000091,H40_G250_RP0000193_CM0000097,0.19844073604380319,0.22433568714117189,CLEAN_REPLAY_RUN_A
KY2017_MATCH_0774,H40_G250_RP0000178_CM0000057,H40_G250_RP0000192_CM0000104,H40_G250_RP0000199_CM0000108,H40_G250_RP0000192_CM0000104,H40_G250_RP0000199_CM0000108,0.30081332311057174,0.41141943883702031,CLEAN_REPLAY_RUN_A
KY2017_MATCH_0775,H40_G250_RP0000178_CM0000058,H40_G250_RP0000187_CM0000056,H40_G250_RP0000195_CM0000070,H40_G250_RP0000195_CM0000070,H40_G250_RP0000187_CM0000056,0.16330732718865326,0.19321053118090034,CLEAN_REPLAY_RUN_A
KY2017_MATCH_0776,H40_G250_RP0000178_CM0000059,H40_G250_RP0000214_CM0000046,H40_G250_RP0000216_CM0000043,H40_G250_RP0000214_CM0000046,H40_G250_RP0000216_CM0000043,0.13883914571340847,0.14925723894842496,CLEAN_REPLAY_RUN_A
KY2017_MATCH_0777,H40_G250_RP0000178_CM0000060,H40_G250_RP0000166_CM0000013,H40_G250_RP0000219_CM0000053,H40_G250_RP0000219_CM0000053,H40_G250_RP0000166_CM0000013,0.12492083195626622,0.18091225876244102,CLEAN_REPLAY_RUN_A
KY2017_MATCH_0778,H40_G250_RP0000178_CM0000062,H40_G250_RP0000192_CM0000076,H40_G250_RP0000236_CM0000046,H40_G250_RP0000192_CM0000076,H40_G250_RP0000236_CM0000046,0.16088192062997711,0.24730394948457834,CLEAN_REPLAY_RUN_A
KY2017_MATCH_0779,H40_G250_RP0000178_CM0000063,H40_G250_RP0000168_CM0000016,H40_G250_RP0000218_CM0000054,H40_G250_RP0000218_CM0000054,H40_G250_RP0000168_CM0000016,0.14692897776851177,0.1598678973697257,CLEAN_REPLAY_RUN_A
KY2017_MATCH_0780,H40_G250_RP0000178_CM0000064,H40_G250_RP0000191_CM0000071,H40_G250_RP0000214_CM0000059,H40_G250_RP0000191_CM0000071,H40_G250_RP0000214_CM0000059,0.1332254216597073,0.14585171285821263,CLEAN_REPLAY_RUN_A
KY2017_MATCH_0781,H40_G250_RP0000178_CM0000065,H40_G250_RP0000217_CM0000072,H40_G250_RP0000220_CM0000064,H40_G250_RP0000217_CM0000072,H40_G250_RP0000220_CM0000064,0.12839828368017484,0.14551154912711015,CLEAN_REPLAY_RUN_A
KY2017_MATCH_0782,H40_G250_RP0000178_CM0000066,H40_G250_RP0000219_CM0000061,H40_G250_RP0000219_CM0000064,H40_G250_RP0000219_CM0000061,H40_G250_RP0000219_CM0000064,0.16240983837304843,0.16813631431831369,CLEAN_REPLAY_RUN_A
KY2017_MATCH_0783,H40_G250_RP0000178_CM0000067,H40_G250_RP0000217_CM0000073,H40_G250_RP0000218_CM0000066,H40_G250_RP0000217_CM0000073,H40_G250_RP0000218_CM0000066,0.17142331630857433,0.18298225044249436,CLEAN_REPLAY_RUN_A
KY2017_MATCH_0784,H40_G250_RP0000178_CM0000068,H40_G250_RP0000186_CM0000068,H40_G250_RP0000198_CM0000068,H40_G250_RP0000198_CM0000068,H40_G250_RP0000186_CM0000068,0.1756116951515303,0.22146810431975758,CLEAN_REPLAY_RUN_A
KY2017_MATCH_0785,H40_G250_RP0000178_CM0000069,H40_G250_RP0000183_CM0000073,H40_G250_RP0000216_CM0000072,H40_G250_RP0000183_CM0000073,H40_G250_RP0000216_CM0000072,0.14820562062867079,0.15950329358047624,CLEAN_REPLAY_RUN_A
KY2017_MATCH_0786,H40_G250_RP0000178_CM0000070,H40_G250_RP0000208_CM0000061,H40_G250_RP0000221_CM0000039,H40_G250_RP0000208_CM0000061,H40_G250_RP0000221_CM0000039,0.20756818044436456,0.20776737386345731,CLEAN_REPLAY_RUN_A
KY2017_MATCH_0787,H40_G250_RP0000178_CM0000071,H40_G250_RP0000180_CM0000068,H40_G250_RP0000184_CM0000070,H40_G250_RP0000180_CM0000068,H40_G250_RP0000184_CM0000070,0.083683541040328019,0.15520638357126965,CLEAN_REPLAY_RUN_A
KY2017_MATCH_0788,H40_G250_RP0000178_CM0000072,H40_G250_RP0000185_CM0000065,H40_G250_RP0000185_CM0000069,H40_G250_RP0000185_CM0000069,H40_G250_RP0000185_CM0000065,0.17813875308092966,0.21699008238830858,CLEAN_REPLAY_RUN_A
KY2017_MATCH_0789,H40_G250_RP0000178_CM0000073,H40_G250_RP0000182_CM0000074,H40_G250_RP0000193_CM0000069,H40_G250_RP0000182_CM0000074,H40_G250_RP0000193_CM0000069,0.12465925435025893,0.1751135872282944,CLEAN_REPLAY_RUN_A
KY2017_MATCH_0790,H40_G250_RP0000178_CM0000074,H40_G250_RP0000193_CM0000068,H40_G250_RP0000198_CM0000088,H40_G250_RP0000193_CM0000068,H40_G250_RP0000198_CM0000088,0.13658506963423495,0.15385632399853072,CLEAN_REPLAY_RUN_A
KY2017_MATCH_0791,H40_G250_RP0000178_CM0000075,H40_G250_RP0000201_CM0000088,H40_G250_RP0000204_CM0000087,H40_G250_RP0000204_CM0000087,H40_G250_RP0000201_CM0000088,0.14449569240434451,0.15282544073216633,CLEAN_REPLAY_RUN_A
KY2017_MATCH_0792,H40_G250_RP0000178_CM0000076,H40_G250_RP0000201_CM0000086,H40_G250_RP0000204_CM0000088,H40_G250_RP0000201_CM0000086,H40_G250_RP0000204_CM0000088,0.12714093147723038,0.14870565250843387,CLEAN_REPLAY_RUN_A
KY2017_MATCH_0793,H40_G250_RP0000178_CM0000077,H40_G250_RP0000186_CM0000076,H40_G250_RP0000224_CM0000069,H40_G250_RP0000186_CM0000076,H40_G250_RP0000224_CM0000069,0.19117325337905039,0.21906331757781111,CLEAN_REPLAY_RUN_A
KY2017_MATCH_0794,H40_G250_RP0000178_CM0000078,H40_G250_RP0000240_CM0000047,H40_G250_RP0000248_CM0000046,H40_G250_RP0000240_CM0000047,H40_G250_RP0000248_CM0000046,0.18957542543468495,0.19375603631057628,CLEAN_REPLAY_RUN_A
KY2017_MATCH_0795,H40_G250_RP0000178_CM0000079,H40_G250_RP0000160_CM0000059,H40_G250_RP0000201_CM0000099,H40_G250_RP0000201_CM0000099,H40_G250_RP0000160_CM0000059,0.14078174042534286,0.18156464616246767,CLEAN_REPLAY_RUN_A
KY2017_MATCH_0796,H40_G250_RP0000178_CM0000080,H40_G250_RP0000192_CM0000094,H40_G250_RP0000195_CM0000110,H40_G250_RP0000192_CM0000094,H40_G250_RP0000195_CM0000110,0.1667289366843796,0.20222530318647719,CLEAN_REPLAY_RUN_A
KY2017_MATCH_0797,H40_G250_RP0000178_CM0000081,H40_G250_RP0000201_CM0000104,H40_G250_RP0000234_CM0000061,H40_G250_RP0000234_CM0000061,H40_G250_RP0000201_CM0000104,0.16030363737363884,0.18074473826388959,CLEAN_REPLAY_RUN_A
KY2017_MATCH_0798,H40_G250_RP0000178_CM0000082,H40_G250_RP0000147_CM0000064,H40_G250_RP0000250_CM0000052,H40_G250_RP0000147_CM0000064,H40_G250_RP0000250_CM0000052,0.41317783774434014,0.44264889733271767,CLEAN_REPLAY_RUN_A
KY2017_MATCH_0799,H40_G250_RP0000178_CM0000083,H40_G250_RP0000152_CM0000034,H40_G250_RP0000243_CM0000053,H40_G250_RP0000152_CM0000034,H40_G250_RP0000243_CM0000053,0.34047932010288207,0.34316624398596707,CLEAN_REPLAY_RUN_A
KY2017_MATCH_0800,H40_G250_RP0000178_CM0000084,H40_G250_RP0000199_CM0000104,H40_G250_RP0000203_CM0000100,H40_G250_RP0000199_CM0000104,H40_G250_RP0000203_CM0000100,0.17031760725032524,0.24318353371205062,CLEAN_REPLAY_RUN_A
KY2017_MATCH_0801,H40_G250_RP0000178_CM0000085,H40_G250_RP0000199_CM0000094,H40_G250_RP0000202_CM0000096,H40_G250_RP0000199_CM0000094,H40_G250_RP0000202_CM0000096,0.12289001255395418,0.18040705053505113,CLEAN_REPLAY_RUN_A
KY2017_MATCH_0802,H40_G250_RP0000178_CM0000086,H40_G250_RP0000200_CM0000094,H40_G250_RP0000201_CM0000100,H40_G250_RP0000201_CM0000100,H40_G250_RP0000200_CM0000094,0.1561721214514411,0.19050524133500635,CLEAN_REPLAY_RUN_A
KY2017_MATCH_0803,H40_G250_RP0000178_CM0000087,H40_G250_RP0000191_CM0000093,H40_G250_RP0000194_CM0000111,H40_G250_RP0000191_CM0000093,H40_G250_RP0000194_CM0000111,0.12746376217693839,0.17731608012917063,CLEAN_REPLAY_RUN_A
KY2017_MATCH_0804,H40_G250_RP0000178_CM0000088,H40_G250_RP0000185_CM0000088,H40_G250_RP0000198_CM0000093,H40_G250_RP0000185_CM0000088,H40_G250_RP0000198_CM0000093,0.15578515175371782,0.16705188769857071,CLEAN_REPLAY_RUN_A
KY2017_MATCH_0805,H40_G250_RP0000178_CM0000089,H40_G250_RP0000198_CM0000104,H40_G250_RP0000199_CM0000093,H40_G250_RP0000198_CM0000104,H40_G250_RP0000199_CM0000093,0.15478389958907773,0.16022834120105803,CLEAN_REPLAY_RUN_A
KY2017_MATCH_0806,H40_G250_RP0000178_CM0000090,H40_G250_RP0000190_CM0000092,H40_G250_RP0000195_CM0000101,H40_G250_RP0000190_CM0000092,H40_G250_RP0000195_CM0000101,0.18593401504432333,0.19498357519028159,CLEAN_REPLAY_RUN_A
KY2017_MATCH_0807,H40_G250_RP0000178_CM0000091,H40_G250_RP0000185_CM0000094,H40_G250_RP0000200_CM0000097,H40_G250_RP0000200_CM0000097,H40_G250_RP0000185_CM0000094,0.14594127674362256,0.16020788220405907,CLEAN_REPLAY_RUN_A
KY2017_MATCH_0808,H40_G250_RP0000178_CM0000092,H40_G250_RP0000197_CM0000093,H40_G250_RP0000201_CM0000103,H40_G250_RP0000197_CM0000093,H40_G250_RP0000201_CM0000103,0.13174938607657294,0.17167851201064538,CLEAN_REPLAY_RUN_A
KY2017_MATCH_0809,H40_G250_RP0000178_CM0000093,H40_G250_RP0000189_CM0000098,H40_G250_RP0000207_CM0000103,H40_G250_RP0000207_CM0000103,H40_G250_RP0000189_CM0000098,0.17493653868381381,0.18493125986964329,CLEAN_REPLAY_RUN_A
KY2017_MATCH_0810,H40_G250_RP0000178_CM0000094,H40_G250_RP0000195_CM0000106,H40_G250_RP0000198_CM0000106,H40_G250_RP0000198_CM0000106,H40_G250_RP0000195_CM0000106,0.1469955710525033,0.15995728120154007,CLEAN_REPLAY_RUN_A
KY2017_MATCH_0811,H40_G250_RP0000178_CM0000095,H40_G250_RP0000195_CM0000105,H40_G250_RP0000204_CM0000106,H40_G250_RP0000204_CM0000106,H40_G250_RP0000195_CM0000105,0.26141067759652559,0.28327238908651353,CLEAN_REPLAY_RUN_A
KY2017_MATCH_0812,H40_G250_RP0000178_CM0000096,H40_G250_RP0000197_CM0000107,H40_G250_RP0000204_CM0000107,H40_G250_RP0000204_CM0000107,H40_G250_RP0000197_CM0000107,0.27310798880117793,0.30243271386653714,CLEAN_REPLAY_RUN_A
KY2017_MATCH_0813,H40_G250_RP0000178_CM0000097,H40_G250_RP0000179_CM0000104,H40_G250_RP0000179_CM0000105,H40_G250_RP0000179_CM0000105,H40_G250_RP0000179_CM0000104,0.24973805151374417,0.30592124905852525,CLEAN_REPLAY_RUN_A
KY2017_MATCH_0814,H40_G250_RP0000178_CM0000098,H40_G250_RP0000187_CM0000102,H40_G250_RP0000198_CM0000108,H40_G250_RP0000198_CM0000108,H40_G250_RP0000187_CM0000102,0.33614299602095665,0.3643987302703896,CLEAN_REPLAY_RUN_A
KY2017_MATCH_0815,H40_G250_RP0000178_CM0000099,H40_G250_RP0000200_CM0000107,H40_G250_RP0000201_CM0000110,H40_G250_RP0000200_CM0000107,H40_G250_RP0000201_CM0000110,0.25417511944375853,0.27293612885921287,CLEAN_REPLAY_RUN_A
KY2017_MATCH_0816,H40_G250_RP0000178_CM0000100,H40_G250_RP0000187_CM0000103,H40_G250_RP0000188_CM0000107,H40_G250_RP0000188_CM0000107,H40_G250_RP0000187_CM0000103,0.26014874075041722,0.29494099078374214,CLEAN_REPLAY_RUN_A
KY2017_MATCH_0817,H40_G250_RP0000178_CM0000101,H40_G250_RP0000190_CM0000098,H40_G250_RP0000191_CM0000107,H40_G250_RP0000191_CM0000107,H40_G250_RP0000190_CM0000098,0.32154842880307011,0.32895829585288405,CLEAN_REPLAY_RUN_A
KY2017_MATCH_0818,H40_G250_RP0000179_CM0000031,H40_G250_RP0000179_CM0000030,H40_G250_RP0000180_CM0000031,H40_G250_RP0000180_CM0000031,H40_G250_RP0000179_CM0000030,0.062240339648912076,0.12318667933523716,CLEAN_REPLAY_RUN_A
KY2017_MATCH_0819,H40_G250_RP0000179_CM0000032,H40_G250_RP0000181_CM0000018,H40_G250_RP0000181_CM0000019,H40_G250_RP0000181_CM0000018,H40_G250_RP0000181_CM0000019,0.096689893847617309,0.10946779716020474,CLEAN_REPLAY_RUN_A
KY2017_MATCH_0820,H40_G250_RP0000179_CM0000033,H40_G250_RP0000178_CM0000031,H40_G250_RP0000185_CM0000033,H40_G250_RP0000185_CM0000033,H40_G250_RP0000178_CM0000031,0.11169019753904581,0.15137564385576741,CLEAN_REPLAY_RUN_A
KY2017_MATCH_0821,H40_G250_RP0000179_CM0000035,H40_G250_RP0000181_CM0000020,H40_G250_RP0000186_CM0000031,H40_G250_RP0000181_CM0000020,H40_G250_RP0000186_CM0000031,0.13822703430521849,0.13928911834951063,CLEAN_REPLAY_RUN_A
KY2017_MATCH_0822,H40_G250_RP0000179_CM0000036,H40_G250_RP0000180_CM0000021,H40_G250_RP0000186_CM0000030,H40_G250_RP0000180_CM0000021,H40_G250_RP0000186_CM0000030,0.12831297846172349,0.15034706190797337,CLEAN_REPLAY_RUN_A
KY2017_MATCH_0823,H40_G250_RP0000179_CM0000038,H40_G250_RP0000164_CM0000010,H40_G250_RP0000180_CM0000038,H40_G250_RP0000164_CM0000010,H40_G250_RP0000180_CM0000038,0.26468126475280279,0.26477679284713618,CLEAN_REPLAY_RUN_A
KY2017_MATCH_0824,H40_G250_RP0000179_CM0000042,H40_G250_RP0000160_CM0000058,H40_G250_RP0000180_CM0000040,H40_G250_RP0000180_CM0000040,H40_G250_RP0000160_CM0000058,0.15963631987480184,0.16361744989142696,CLEAN_REPLAY_RUN_A
KY2017_MATCH_0825,H40_G250_RP0000179_CM0000043,H40_G250_RP0000177_CM0000044,H40_G250_RP0000180_CM0000044,H40_G250_RP0000177_CM0000044,H40_G250_RP0000180_CM0000044,0.13385839044482342,0.13951291534564883,CLEAN_REPLAY_RUN_A
KY2017_MATCH_0826,H40_G250_RP0000179_CM0000044,H40_G250_RP0000175_CM0000044,H40_G250_RP0000176_CM0000045,H40_G250_RP0000176_CM0000045,H40_G250_RP0000175_CM0000044,0.076924555903571806,0.087003597215605286,CLEAN_REPLAY_RUN_A
KY2017_MATCH_0827,H40_G250_RP0000179_CM0000051,H40_G250_RP0000180_CM0000049,H40_G250_RP0000181_CM0000049,H40_G250_RP0000180_CM0000049,H40_G250_RP0000181_CM0000049,0.056516661225514533,0.094433999048468123,CLEAN_REPLAY_RUN_A
KY2017_MATCH_0828,H40_G250_RP0000179_CM0000054,H40_G250_RP0000180_CM0000047,H40_G250_RP0000186_CM0000045,H40_G250_RP0000180_CM0000047,H40_G250_RP0000186_CM0000045,0.32248139185890529,0.32928850020496597,CLEAN_REPLAY_RUN_A
KY2017_MATCH_0829,H40_G250_RP0000179_CM0000055,H40_G250_RP0000164_CM0000058,H40_G250_RP0000209_CM0000047,H40_G250_RP0000209_CM0000047,H40_G250_RP0000164_CM0000058,0.17337399107819315,0.1879726804190654,CLEAN_REPLAY_RUN_A
KY2017_MATCH_0830,H40_G250_RP0000179_CM0000056,H40_G250_RP0000188_CM0000081,H40_G250_RP0000196_CM0000080,H40_G250_RP0000188_CM0000081,H40_G250_RP0000196_CM0000080,0.15113774838425276,0.19805861588547,CLEAN_REPLAY_RUN_A
KY2017_MATCH_0831,H40_G250_RP0000179_CM0000057,H40_G250_RP0000183_CM0000055,H40_G250_RP0000191_CM0000104,H40_G250_RP0000183_CM0000055,H40_G250_RP0000191_CM0000104,0.25453090901624842,0.29553829682703947,CLEAN_REPLAY_RUN_A
KY2017_MATCH_0832,H40_G250_RP0000179_CM0000058,H40_G250_RP0000189_CM0000067,H40_G250_RP0000197_CM0000078,H40_G250_RP0000197_CM0000078,H40_G250_RP0000189_CM0000067,0.25901544014266825,0.28295076581456202,CLEAN_REPLAY_RUN_A
KY2017_MATCH_0833,H40_G250_RP0000179_CM0000059,H40_G250_RP0000187_CM0000058,H40_G250_RP0000192_CM0000047,H40_G250_RP0000187_CM0000058,H40_G250_RP0000192_CM0000047,0.10789840684938795,0.14023438667708912,CLEAN_REPLAY_RUN_A
KY2017_MATCH_0834,H40_G250_RP0000179_CM0000060,H40_G250_RP0000171_CM0000026,H40_G250_RP0000183_CM0000047,H40_G250_RP0000183_CM0000047,H40_G250_RP0000171_CM0000026,0.13872598069159753,0.17833284061186069,CLEAN_REPLAY_RUN_A
KY2017_MATCH_0835,H40_G250_RP0000179_CM0000061,H40_G250_RP0000188_CM0000042,H40_G250_RP0000211_CM0000043,H40_G250_RP0000188_CM0000042,H40_G250_RP0000211_CM0000043,0.1534769119293945,0.15507635562337457,CLEAN_REPLAY_RUN_A
KY2017_MATCH_0836,H40_G250_RP0000179_CM0000062,H40_G250_RP0000166_CM0000015,H40_G250_RP0000171_CM0000020,H40_G250_RP0000166_CM0000015,H40_G250_RP0000171_CM0000020,0.1850350281664716,0.20279624918546477,CLEAN_REPLAY_RUN_A
KY2017_MATCH_0837,H40_G250_RP0000179_CM0000063,H40_G250_RP0000186_CM0000075,H40_G250_RP0000204_CM0000091,H40_G250_RP0000204_CM0000091,H40_G250_RP0000186_CM0000075,0.12497009238466886,0.14369176623474619,CLEAN_REPLAY_RUN_A
KY2017_MATCH_0838,H40_G250_RP0000179_CM0000064,H40_G250_RP0000188_CM0000059,H40_G250_RP0000220_CM0000063,H40_G250_RP0000188_CM0000059,H40_G250_RP0000220_CM0000063,0.14344610434301192,0.14624060055085772,CLEAN_REPLAY_RUN_A
KY2017_MATCH_0839,H40_G250_RP0000179_CM0000065,H40_G250_RP0000214_CM0000061,H40_G250_RP0000220_CM0000067,H40_G250_RP0000214_CM0000061,H40_G250_RP0000220_CM0000067,0.15981113655356902,0.16739872617407617,CLEAN_REPLAY_RUN_A
KY2017_MATCH_0840,H40_G250_RP0000179_CM0000066,H40_G250_RP0000180_CM0000067,H40_G250_RP0000220_CM0000070,H40_G250_RP0000180_CM0000067,H40_G250_RP0000220_CM0000070,0.12148774490051722,0.15623013090773294,CLEAN_REPLAY_RUN_A
KY2017_MATCH_0841,H40_G250_RP0000179_CM0000067,H40_G250_RP0000218_CM0000070,H40_G250_RP0000219_CM0000063,H40_G250_RP0000218_CM0000070,H40_G250_RP0000219_CM0000063,0.12385107198408696,0.1246142596002503,CLEAN_REPLAY_RUN_A
KY2017_MATCH_0842,H40_G250_RP0000179_CM0000068,H40_G250_RP0000219_CM0000073,H40_G250_RP0000221_CM0000069,H40_G250_RP0000221_CM0000069,H40_G250_RP0000219_CM0000073,0.14045177209170656,0.16172174723915628,CLEAN_REPLAY_RUN_A
KY2017_MATCH_0843,H40_G250_RP0000179_CM0000069,H40_G250_RP0000212_CM0000065,H40_G250_RP0000218_CM0000067,H40_G250_RP0000218_CM0000067,H40_G250_RP0000212_CM0000065,0.14453691541760866,0.1935756968702772,CLEAN_REPLAY_RUN_A
KY2017_MATCH_0844,H40_G250_RP0000179_CM0000070,H40_G250_RP0000212_CM0000043,H40_G250_RP0000213_CM0000057,H40_G250_RP0000213_CM0000057,H40_G250_RP0000212_CM0000043,0.13483055795344914,0.17742524848717933,CLEAN_REPLAY_RUN_A
KY2017_MATCH_0845,H40_G250_RP0000179_CM0000071,H40_G250_RP0000171_CM0000013,H40_G250_RP0000201_CM0000060,H40_G250_RP0000201_CM0000060,H40_G250_RP0000171_CM0000013,0.14589511403603167,0.18034519882186348,CLEAN_REPLAY_RUN_A
KY2017_MATCH_0846,H40_G250_RP0000179_CM0000072,H40_G250_RP0000212_CM0000063,H40_G250_RP0000215_CM0000070,H40_G250_RP0000212_CM0000063,H40_G250_RP0000215_CM0000070,0.17876870281977428,0.185918172216639,CLEAN_REPLAY_RUN_A
KY2017_MATCH_0847,H40_G250_RP0000179_CM0000073,H40_G250_RP0000191_CM0000068,H40_G250_RP0000192_CM0000065,H40_G250_RP0000191_CM0000068,H40_G250_RP0000192_CM0000065,0.11647245992016844,0.14795068963384281,CLEAN_REPLAY_RUN_A
KY2017_MATCH_0848,H40_G250_RP0000179_CM0000074,H40_G250_RP0000181_CM0000068,H40_G250_RP0000215_CM0000071,H40_G250_RP0000215_CM0000071,H40_G250_RP0000181_CM0000068,0.12375813013487327,0.147929176443303,CLEAN_REPLAY_RUN_A
KY2017_MATCH_0849,H40_G250_RP0000179_CM0000075,H40_G250_RP0000174_CM0000017,H40_G250_RP0000226_CM0000074,H40_G250_RP0000174_CM0000017,H40_G250_RP0000226_CM0000074,0.16089845526917065,0.19754428470321861,CLEAN_REPLAY_RUN_A
KY2017_MATCH_0850,H40_G250_RP0000179_CM0000076,H40_G250_RP0000200_CM0000087,H40_G250_RP0000203_CM0000087,H40_G250_RP0000203_CM0000087,H40_G250_RP0000200_CM0000087,0.13175003034590158,0.14850290275474654,CLEAN_REPLAY_RUN_A
KY2017_MATCH_0851,H40_G250_RP0000179_CM0000077,H40_G250_RP0000216_CM0000069,H40_G250_RP0000220_CM0000071,H40_G250_RP0000220_CM0000071,H40_G250_RP0000216_CM0000069,0.23602337712218879,0.24530492295824216,CLEAN_REPLAY_RUN_A
KY2017_MATCH_0852,H40_G250_RP0000179_CM0000078,H40_G250_RP0000187_CM0000076,H40_G250_RP0000197_CM0000111,H40_G250_RP0000187_CM0000076,H40_G250_RP0000197_CM0000111,0.15301082251920398,0.17152029473211644,CLEAN_REPLAY_RUN_A
KY2017_MATCH_0853,H40_G250_RP0000179_CM0000079,H40_G250_RP0000182_CM0000084,H40_G250_RP0000195_CM0000111,H40_G250_RP0000182_CM0000084,H40_G250_RP0000195_CM0000111,0.15683419124463785,0.18993517238341934,CLEAN_REPLAY_RUN_A
KY2017_MATCH_0854,H40_G250_RP0000179_CM0000080,H40_G250_RP0000188_CM0000078,H40_G250_RP0000195_CM0000078,H40_G250_RP0000188_CM0000078,H40_G250_RP0000195_CM0000078,0.16310891333683275,0.16902804559421386,CLEAN_REPLAY_RUN_A
KY2017_MATCH_0855,H40_G250_RP0000179_CM0000081,H40_G250_RP0000196_CM0000109,H40_G250_RP0000239_CM0000050,H40_G250_RP0000196_CM0000109,H40_G250_RP0000239_CM0000050,0.17553571338468082,0.18960520102492062,CLEAN_REPLAY_RUN_A
KY2017_MATCH_0856,H40_G250_RP0000179_CM0000082,H40_G250_RP0000180_CM0000081,H40_G250_RP0000180_CM0000082,H40_G250_RP0000180_CM0000082,H40_G250_RP0000180_CM0000081,0.26521872433616445,0.30655389465676425,CLEAN_REPLAY_RUN_A
KY2017_MATCH_0857,H40_G250_RP0000179_CM0000083,H40_G250_RP0000137_CM0000058,H40_G250_RP0000147_CM0000027,H40_G250_RP0000147_CM0000027,H40_G250_RP0000137_CM0000058,0.34449533384874109,0.38927533981115048,CLEAN_REPLAY_RUN_A
KY2017_MATCH_0858,H40_G250_RP0000179_CM0000084,H40_G250_RP0000183_CM0000084,H40_G250_RP0000183_CM0000085,H40_G250_RP0000183_CM0000085,H40_G250_RP0000183_CM0000084,0.14001101858129272,0.14399273181140901,CLEAN_REPLAY_RUN_A
KY2017_MATCH_0859,H40_G250_RP0000179_CM0000085,H40_G250_RP0000184_CM0000085,H40_G250_RP0000191_CM0000079,H40_G250_RP0000191_CM0000079,H40_G250_RP0000184_CM0000085,0.12988183304108977,0.13370370702376258,CLEAN_REPLAY_RUN_A
KY2017_MATCH_0860,H40_G250_RP0000179_CM0000086,H40_G250_RP0000184_CM0000090,H40_G250_RP0000196_CM0000111,H40_G250_RP0000184_CM0000090,H40_G250_RP0000196_CM0000111,0.14830711165574978,0.17726298875621666,CLEAN_REPLAY_RUN_A
KY2017_MATCH_0861,H40_G250_RP0000179_CM0000087,H40_G250_RP0000205_CM0000087,H40_G250_RP0000209_CM0000110,H40_G250_RP0000205_CM0000087,H40_G250_RP0000209_CM0000110,0.19522022572546821,0.2087043118956165,CLEAN_REPLAY_RUN_A
KY2017_MATCH_0862,H40_G250_RP0000179_CM0000088,H40_G250_RP0000185_CM0000076,H40_G250_RP0000189_CM0000083,H40_G250_RP0000185_CM0000076,H40_G250_RP0000189_CM0000083,0.13357016752243878,0.13984614039129775,CLEAN_REPLAY_RUN_A
KY2017_MATCH_0863,H40_G250_RP0000179_CM0000089,H40_G250_RP0000190_CM0000083,H40_G250_RP0000191_CM0000084,H40_G250_RP0000191_CM0000084,H40_G250_RP0000190_CM0000083,0.15756268246979427,0.16189934463612107,CLEAN_REPLAY_RUN_A
KY2017_MATCH_0864,H40_G250_RP0000179_CM0000090,H40_G250_RP0000191_CM0000087,H40_G250_RP0000200_CM0000102,H40_G250_RP0000200_CM0000102,H40_G250_RP0000191_CM0000087,0.14233540145701989,0.15958903248791956,CLEAN_REPLAY_RUN_A
KY2017_MATCH_0865,H40_G250_RP0000179_CM0000091,H40_G250_RP0000196_CM0000099,H40_G250_RP0000199_CM0000103,H40_G250_RP0000199_CM0000103,H40_G250_RP0000196_CM0000099,0.15199655621746216,0.16128574360502418,CLEAN_REPLAY_RUN_A
KY2017_MATCH_0866,H40_G250_RP0000179_CM0000092,H40_G250_RP0000194_CM0000110,H40_G250_RP0000200_CM0000103,H40_G250_RP0000194_CM0000110,H40_G250_RP0000200_CM0000103,0.19090406816830138,0.19927469027834877,CLEAN_REPLAY_RUN_A
KY2017_MATCH_0867,H40_G250_RP0000179_CM0000093,H40_G250_RP0000197_CM0000095,H40_G250_RP0000205_CM0000111,H40_G250_RP0000197_CM0000095,H40_G250_RP0000205_CM0000111,0.17608943169323871,0.20290617360229279,CLEAN_REPLAY_RUN_A
KY2017_MATCH_0868,H40_G250_RP0000179_CM0000094,H40_G250_RP0000196_CM0000102,H40_G250_RP0000198_CM0000111,H40_G250_RP0000196_CM0000102,H40_G250_RP0000198_CM0000111,0.19210773062093131,0.21628160672407715,CLEAN_REPLAY_RUN_A
KY2017_MATCH_0869,H40_G250_RP0000179_CM0000095,H40_G250_RP0000182_CM0000100,H40_G250_RP0000190_CM0000105,H40_G250_RP0000182_CM0000100,H40_G250_RP0000190_CM0000105,0.17504693860521495,0.21238788987621346,CLEAN_REPLAY_RUN_A
KY2017_MATCH_0870,H40_G250_RP0000179_CM0000096,H40_G250_RP0000186_CM0000101,H40_G250_RP0000200_CM0000108,H40_G250_RP0000186_CM0000101,H40_G250_RP0000200_CM0000108,0.22250088079787556,0.26080662279210387,CLEAN_REPLAY_RUN_A
KY2017_MATCH_0871,H40_G250_RP0000179_CM0000097,H40_G250_RP0000179_CM0000101,H40_G250_RP0000193_CM0000107,H40_G250_RP0000179_CM0000101,H40_G250_RP0000193_CM0000107,0.20984192349592817,0.32500132112963431,CLEAN_REPLAY_RUN_A
KY2017_MATCH_0872,H40_G250_RP0000179_CM0000098,H40_G250_RP0000149_CM0000061,H40_G250_RP0000158_CM0000065,H40_G250_RP0000158_CM0000065,H40_G250_RP0000149_CM0000061,0.29490202923204806,0.38244910752666633,CLEAN_REPLAY_RUN_A
KY2017_MATCH_0873,H40_G250_RP0000179_CM0000099,H40_G250_RP0000191_CM0000105,H40_G250_RP0000191_CM0000106,H40_G250_RP0000191_CM0000106,H40_G250_RP0000191_CM0000105,0.2372467728001621,0.24356902904075406,CLEAN_REPLAY_RUN_A
KY2017_MATCH_0874,H40_G250_RP0000179_CM0000100,H40_G250_RP0000184_CM0000103,H40_G250_RP0000188_CM0000108,H40_G250_RP0000188_CM0000108,H40_G250_RP0000184_CM0000103,0.20457936644341693,0.23992832914733017,CLEAN_REPLAY_RUN_A
KY2017_MATCH_0875,H40_G250_RP0000179_CM0000102,H40_G250_RP0000182_CM0000104,H40_G250_RP0000187_CM0000108,H40_G250_RP0000187_CM0000108,H40_G250_RP0000182_CM0000104,0.24277161980608325,0.27983935341583843,CLEAN_REPLAY_RUN_A
KY2017_MATCH_0876,H40_G250_RP0000180_CM0000013,H40_G250_RP0000181_CM0000012,H40_G250_RP0000197_CM0000016,H40_G250_RP0000197_CM0000016,H40_G250_RP0000181_CM0000012,0.14517881023825926,0.14809278311656451,CLEAN_REPLAY_RUN_A
KY2017_MATCH_0877,H40_G250_RP0000180_CM0000014,H40_G250_RP0000179_CM0000018,H40_G250_RP0000189_CM0000022,H40_G250_RP0000189_CM0000022,H40_G250_RP0000179_CM0000018,0.11009396616663424,0.16279211273493899,CLEAN_REPLAY_RUN_A
KY2017_MATCH_0878,H40_G250_RP0000180_CM0000026,H40_G250_RP0000182_CM0000026,H40_G250_RP0000183_CM0000025,H40_G250_RP0000182_CM0000026,H40_G250_RP0000183_CM0000025,0.15603152206064005,0.18490309362585544,CLEAN_REPLAY_RUN_A
KY2017_MATCH_0879,H40_G250_RP0000180_CM0000027,H40_G250_RP0000181_CM0000029,H40_G250_RP0000238_CM0000028,H40_G250_RP0000181_CM0000029,H40_G250_RP0000238_CM0000028,0.13297308455851836,0.19621380316673248,CLEAN_REPLAY_RUN_A
KY2017_MATCH_0880,H40_G250_RP0000180_CM0000033,H40_G250_RP0000186_CM0000029,H40_G250_RP0000189_CM0000036,H40_G250_RP0000186_CM0000029,H40_G250_RP0000189_CM0000036,0.17626706939663728,0.17694665811868993,CLEAN_REPLAY_RUN_A
KY2017_MATCH_0881,H40_G250_RP0000180_CM0000035,H40_G250_RP0000179_CM0000026,H40_G250_RP0000180_CM0000022,H40_G250_RP0000180_CM0000022,H40_G250_RP0000179_CM0000026,0.12973299635040464,0.14579116343593262,CLEAN_REPLAY_RUN_A
KY2017_MATCH_0882,H40_G250_RP0000180_CM0000036,H40_G250_RP0000181_CM0000021,H40_G250_RP0000181_CM0000034,H40_G250_RP0000181_CM0000021,H40_G250_RP0000181_CM0000034,0.10813802802064468,0.12070719100272423,CLEAN_REPLAY_RUN_A
KY2017_MATCH_0883,H40_G250_RP0000180_CM0000037,H40_G250_RP0000178_CM0000022,H40_G250_RP0000189_CM0000029,H40_G250_RP0000178_CM0000022,H40_G250_RP0000189_CM0000029,0.16518809601620427,0.17095865586933762,CLEAN_REPLAY_RUN_A
KY2017_MATCH_0884,H40_G250_RP0000180_CM0000051,H40_G250_RP0000180_CM0000050,H40_G250_RP0000181_CM0000043,H40_G250_RP0000180_CM0000050,H40_G250_RP0000181_CM0000043,0.10936283202475068,0.15244123883305166,CLEAN_REPLAY_RUN_A
KY2017_MATCH_0885,H40_G250_RP0000180_CM0000053,H40_G250_RP0000178_CM0000052,H40_G250_RP0000180_CM0000046,H40_G250_RP0000178_CM0000052,H40_G250_RP0000180_CM0000046,0.16691833698709624,0.20878006457947526,CLEAN_REPLAY_RUN_A
KY2017_MATCH_0886,H40_G250_RP0000180_CM0000054,H40_G250_RP0000176_CM0000048,H40_G250_RP0000176_CM0000050,H40_G250_RP0000176_CM0000050,H40_G250_RP0000176_CM0000048,0.2233561295693984,0.3286937123345075,CLEAN_REPLAY_RUN_A
KY2017_MATCH_0887,H40_G250_RP0000180_CM0000055,H40_G250_RP0000182_CM0000055,H40_G250_RP0000184_CM0000057,H40_G250_RP0000182_CM0000055,H40_G250_RP0000184_CM0000057,0.12696412695855469,0.19114536301267498,CLEAN_REPLAY_RUN_A
KY2017_MATCH_0888,H40_G250_RP0000180_CM0000056,H40_G250_RP0000199_CM0000106,H40_G250_RP0000210_CM0000047,H40_G250_RP0000210_CM0000047,H40_G250_RP0000199_CM0000106,0.17319652879240929,0.17694706942392979,CLEAN_REPLAY_RUN_A
KY2017_MATCH_0889,H40_G250_RP0000180_CM0000057,H40_G250_RP0000157_CM0000063,H40_G250_RP0000192_CM0000110,H40_G250_RP0000192_CM0000110,H40_G250_RP0000157_CM0000063,0.20526114652300451,0.25019901034390485,CLEAN_REPLAY_RUN_A
KY2017_MATCH_0890,H40_G250_RP0000180_CM0000059,H40_G250_RP0000187_CM0000039,H40_G250_RP0000218_CM0000056,H40_G250_RP0000218_CM0000056,H40_G250_RP0000187_CM0000039,0.16915329003565077,0.23781965417319659,CLEAN_REPLAY_RUN_A
KY2017_MATCH_0891,H40_G250_RP0000180_CM0000060,H40_G250_RP0000207_CM0000051,H40_G250_RP0000212_CM0000047,H40_G250_RP0000207_CM0000051,H40_G250_RP0000212_CM0000047,0.12184340893637846,0.15747224098163631,CLEAN_REPLAY_RUN_A
KY2017_MATCH_0892,H40_G250_RP0000180_CM0000061,H40_G250_RP0000188_CM0000041,H40_G250_RP0000209_CM0000052,H40_G250_RP0000188_CM0000041,H40_G250_RP0000209_CM0000052,0.11700796669447919,0.13633950812143414,CLEAN_REPLAY_RUN_A
KY2017_MATCH_0893,H40_G250_RP0000180_CM0000062,H40_G250_RP0000169_CM0000012,H40_G250_RP0000208_CM0000052,H40_G250_RP0000208_CM0000052,H40_G250_RP0000169_CM0000012,0.14713364316841515,0.17567556340716114,CLEAN_REPLAY_RUN_A
KY2017_MATCH_0894,H40_G250_RP0000180_CM0000063,H40_G250_RP0000187_CM0000062,H40_G250_RP0000217_CM0000068,H40_G250_RP0000187_CM0000062,H40_G250_RP0000217_CM0000068,0.13987093617869717,0.17043680663216609,CLEAN_REPLAY_RUN_A
KY2017_MATCH_0895,H40_G250_RP0000180_CM0000064,H40_G250_RP0000189_CM0000075,H40_G250_RP0000217_CM0000070,H40_G250_RP0000189_CM0000075,H40_G250_RP0000217_CM0000070,0.1564117942631606,0.18518678510331688,CLEAN_REPLAY_RUN_A
KY2017_MATCH_0896,H40_G250_RP0000180_CM0000065,H40_G250_RP0000188_CM0000074,H40_G250_RP0000189_CM0000063,H40_G250_RP0000188_CM0000074,H40_G250_RP0000189_CM0000063,0.13058394260290451,0.13866477243407671,CLEAN_REPLAY_RUN_A
KY2017_MATCH_0897,H40_G250_RP0000180_CM0000066,H40_G250_RP0000185_CM0000073,H40_G250_RP0000186_CM0000074,H40_G250_RP0000186_CM0000074,H40_G250_RP0000185_CM0000073,0.14105227481459326,0.14666950044729957,CLEAN_REPLAY_RUN_A
KY2017_MATCH_0898,H40_G250_RP0000180_CM0000069,H40_G250_RP0000185_CM0000064,H40_G250_RP0000217_CM0000060,H40_G250_RP0000217_CM0000060,H40_G250_RP0000185_CM0000064,0.12078564076957138,0.14810685508032684,CLEAN_REPLAY_RUN_A
KY2017_MATCH_0899,H40_G250_RP0000180_CM0000070,H40_G250_RP0000213_CM0000056,H40_G250_RP0000215_CM0000056,H40_G250_RP0000213_CM0000056,H40_G250_RP0000215_CM0000056,0.18563759055765872,0.21630606235929564,CLEAN_REPLAY_RUN_A
KY2017_MATCH_0900,H40_G250_RP0000180_CM0000071,H40_G250_RP0000191_CM0000048,H40_G250_RP0000210_CM0000041,H40_G250_RP0000210_CM0000041,H40_G250_RP0000191_CM0000048,0.15855295278447942,0.17247422727181017,CLEAN_REPLAY_RUN_A
KY2017_MATCH_0901,H40_G250_RP0000180_CM0000072,H40_G250_RP0000205_CM0000055,H40_G250_RP0000213_CM0000039,H40_G250_RP0000205_CM0000055,H40_G250_RP0000213_CM0000039,0.14001703646108371,0.18031054631615423,CLEAN_REPLAY_RUN_A
KY2017_MATCH_0902,H40_G250_RP0000180_CM0000073,H40_G250_RP0000197_CM0000065,H40_G250_RP0000215_CM0000068,H40_G250_RP0000197_CM0000065,H40_G250_RP0000215_CM0000068,0.11738070180134942,0.16541436883520072,CLEAN_REPLAY_RUN_A
KY2017_MATCH_0903,H40_G250_RP0000180_CM0000074,H40_G250_RP0000184_CM0000061,H40_G250_RP0000199_CM0000067,H40_G250_RP0000199_CM0000067,H40_G250_RP0000184_CM0000061,0.16723760299157903,0.19048404750566733,CLEAN_REPLAY_RUN_A
KY2017_MATCH_0904,H40_G250_RP0000180_CM0000075,H40_G250_RP0000201_CM0000085,H40_G250_RP0000221_CM0000071,H40_G250_RP0000201_CM0000085,H40_G250_RP0000221_CM0000071,0.11464670200465987,0.16027045637889031,CLEAN_REPLAY_RUN_A
KY2017_MATCH_0905,H40_G250_RP0000180_CM0000076,H40_G250_RP0000208_CM0000110,H40_G250_RP0000209_CM0000108,H40_G250_RP0000209_CM0000108,H40_G250_RP0000208_CM0000110,0.14755142416081546,0.1476646447577552,CLEAN_REPLAY_RUN_A
KY2017_MATCH_0906,H40_G250_RP0000180_CM0000077,H40_G250_RP0000203_CM0000092,H40_G250_RP0000229_CM0000060,H40_G250_RP0000203_CM0000092,H40_G250_RP0000229_CM0000060,0.15941618337435048,0.172693260697802,CLEAN_REPLAY_RUN_A
KY2017_MATCH_0907,H40_G250_RP0000180_CM0000078,H40_G250_RP0000225_CM0000059,H40_G250_RP0000227_CM0000058,H40_G250_RP0000225_CM0000059,H40_G250_RP0000227_CM0000058,0.19826108485710695,0.206983940482317,CLEAN_REPLAY_RUN_A
KY2017_MATCH_0908,H40_G250_RP0000180_CM0000079,H40_G250_RP0000184_CM0000086,H40_G250_RP0000186_CM0000086,H40_G250_RP0000184_CM0000086,H40_G250_RP0000186_CM0000086,0.13642812810550659,0.19662473249375209,CLEAN_REPLAY_RUN_A
KY2017_MATCH_0909,H40_G250_RP0000180_CM0000080,H40_G250_RP0000157_CM0000061,H40_G250_RP0000200_CM0000104,H40_G250_RP0000200_CM0000104,H40_G250_RP0000157_CM0000061,0.2205816504990159,0.26428285123557155,CLEAN_REPLAY_RUN_A
KY2017_MATCH_0910,H40_G250_RP0000180_CM0000083,H40_G250_RP0000135_CM0000044,H40_G250_RP0000150_CM0000036,H40_G250_RP0000150_CM0000036,H40_G250_RP0000135_CM0000044,0.33661196952546307,0.35538189824816058,CLEAN_REPLAY_RUN_A
KY2017_MATCH_0911,H40_G250_RP0000180_CM0000084,H40_G250_RP0000229_CM0000061,H40_G250_RP0000249_CM0000047,H40_G250_RP0000249_CM0000047,H40_G250_RP0000229_CM0000061,0.18046954392767195,0.22737510249187931,CLEAN_REPLAY_RUN_A
KY2017_MATCH_0912,H40_G250_RP0000180_CM0000085,H40_G250_RP0000182_CM0000087,H40_G250_RP0000182_CM0000088,H40_G250_RP0000182_CM0000088,H40_G250_RP0000182_CM0000087,0.13585923495830005,0.17534491180581482,CLEAN_REPLAY_RUN_A
KY2017_MATCH_0913,H40_G250_RP0000180_CM0000086,H40_G250_RP0000187_CM0000077,H40_G250_RP0000191_CM0000092,H40_G250_RP0000187_CM0000077,H40_G250_RP0000191_CM0000092,0.1350773669690632,0.18018136255943307,CLEAN_REPLAY_RUN_A
KY2017_MATCH_0914,H40_G250_RP0000180_CM0000087,H40_G250_RP0000181_CM0000091,H40_G250_RP0000197_CM0000092,H40_G250_RP0000181_CM0000091,H40_G250_RP0000197_CM0000092,0.11818471160615847,0.14536362325255783,CLEAN_REPLAY_RUN_A
KY2017_MATCH_0915,H40_G250_RP0000180_CM0000088,H40_G250_RP0000181_CM0000093,H40_G250_RP0000190_CM0000084,H40_G250_RP0000181_CM0000093,H40_G250_RP0000190_CM0000084,0.13154012970551321,0.14341738557834405,CLEAN_REPLAY_RUN_A
KY2017_MATCH_0916,H40_G250_RP0000180_CM0000089,H40_G250_RP0000200_CM0000100,H40_G250_RP0000200_CM0000101,H40_G250_RP0000200_CM0000100,H40_G250_RP0000200_CM0000101,0.10855125380836519,0.10935790777303195,CLEAN_REPLAY_RUN_A
KY2017_MATCH_0917,H40_G250_RP0000180_CM0000090,H40_G250_RP0000181_CM0000092,H40_G250_RP0000199_CM0000102,H40_G250_RP0000199_CM0000102,H40_G250_RP0000181_CM0000092,0.16432443847150818,0.17564700055764215,CLEAN_REPLAY_RUN_A
KY2017_MATCH_0918,H40_G250_RP0000180_CM0000091,H40_G250_RP0000197_CM0000091,H40_G250_RP0000198_CM0000103,H40_G250_RP0000198_CM0000103,H40_G250_RP0000197_CM0000091,0.16183432735462616,0.18653729443871966,CLEAN_REPLAY_RUN_A
KY2017_MATCH_0919,H40_G250_RP0000180_CM0000092,H40_G250_RP0000196_CM0000092,H40_G250_RP0000201_CM0000101,H40_G250_RP0000196_CM0000092,H40_G250_RP0000201_CM0000101,0.15199760325576592,0.18582579355782403,CLEAN_REPLAY_RUN_A
KY2017_MATCH_0920,H40_G250_RP0000180_CM0000093,H40_G250_RP0000195_CM0000099,H40_G250_RP0000197_CM0000098,H40_G250_RP0000197_CM0000098,H40_G250_RP0000195_CM0000099,0.15966951293777651,0.18576093325946988,CLEAN_REPLAY_RUN_A
KY2017_MATCH_0921,H40_G250_RP0000180_CM0000094,H40_G250_RP0000182_CM0000096,H40_G250_RP0000198_CM0000096,H40_G250_RP0000182_CM0000096,H40_G250_RP0000198_CM0000096,0.15360012067080375,0.20610845477971601,CLEAN_REPLAY_RUN_A
KY2017_MATCH_0922,H40_G250_RP0000180_CM0000095,H40_G250_RP0000201_CM0000109,H40_G250_RP0000204_CM0000104,H40_G250_RP0000201_CM0000109,H40_G250_RP0000204_CM0000104,0.2106212875192599,0.21299185985665464,CLEAN_REPLAY_RUN_A
KY2017_MATCH_0923,H40_G250_RP0000180_CM0000096,H40_G250_RP0000184_CM0000100,H40_G250_RP0000193_CM0000110,H40_G250_RP0000184_CM0000100,H40_G250_RP0000193_CM0000110,0.1870787924644611,0.23760045807459071,CLEAN_REPLAY_RUN_A
KY2017_MATCH_0924,H40_G250_RP0000180_CM0000097,H40_G250_RP0000195_CM0000107,H40_G250_RP0000204_CM0000109,H40_G250_RP0000195_CM0000107,H40_G250_RP0000204_CM0000109,0.26424295580553075,0.32372989995671886,CLEAN_REPLAY_RUN_A
KY2017_MATCH_0925,H40_G250_RP0000180_CM0000098,H40_G250_RP0000182_CM0000103,H40_G250_RP0000188_CM0000103,H40_G250_RP0000182_CM0000103,H40_G250_RP0000188_CM0000103,0.28796036014156373,0.32614615205207531,CLEAN_REPLAY_RUN_A
KY2017_MATCH_0926,H40_G250_RP0000180_CM0000099,H40_G250_RP0000190_CM0000104,H40_G250_RP0000190_CM0000106,H40_G250_RP0000190_CM0000106,H40_G250_RP0000190_CM0000104,0.36008846750728368,0.36375293074304582,CLEAN_REPLAY_RUN_A
KY2017_MATCH_0927,H40_G250_RP0000180_CM0000100,H40_G250_RP0000179_CM0000103,H40_G250_RP0000185_CM0000103,H40_G250_RP0000179_CM0000103,H40_G250_RP0000185_CM0000103,0.176821420312191,0.25978064005693507,CLEAN_REPLAY_RUN_A
KY2017_MATCH_0928,H40_G250_RP0000180_CM0000101,H40_G250_RP0000192_CM0000106,H40_G250_RP0000201_CM0000111,H40_G250_RP0000192_CM0000106,H40_G250_RP0000201_CM0000111,0.28658587951132175,0.30375389289847199,CLEAN_REPLAY_RUN_A
KY2017_MATCH_0929,H40_G250_RP0000180_CM0000102,H40_G250_RP0000180_CM0000105,H40_G250_RP0000191_CM0000108,H40_G250_RP0000180_CM0000105,H40_G250_RP0000191_CM0000108,0.16773088412428355,0.20511395460469478,CLEAN_REPLAY_RUN_A
KY2017_MATCH_0930,H40_G250_RP0000180_CM0000103,H40_G250_RP0000157_CM0000064,H40_G250_RP0000184_CM0000101,H40_G250_RP0000157_CM0000064,H40_G250_RP0000184_CM0000101,0.16987991948046466,0.22135431435066313,CLEAN_REPLAY_RUN_A
KY2017_MATCH_0931,H40_G250_RP0000180_CM0000104,H40_G250_RP0000184_CM0000102,H40_G250_RP0000190_CM0000101,H40_G250_RP0000184_CM0000102,H40_G250_RP0000190_CM0000101,0.17959157445700469,0.2069338476166647,CLEAN_REPLAY_RUN_A
KY2017_MATCH_0932,H40_G250_RP0000180_CM0000106,H40_G250_RP0000184_CM0000105,H40_G250_RP0000200_CM0000111,H40_G250_RP0000200_CM0000111,H40_G250_RP0000184_CM0000105,0.26219228463131122,0.32507503904739482,CLEAN_REPLAY_RUN_A
KY2017_MATCH_0933,H40_G250_RP0000181_CM0000013,H40_G250_RP0000185_CM0000017,H40_G250_RP0000202_CM0000036,H40_G250_RP0000202_CM0000036,H40_G250_RP0000185_CM0000017,0.1689863799865457,0.22010807740325775,CLEAN_REPLAY_RUN_A
KY2017_MATCH_0934,H40_G250_RP0000181_CM0000014,H40_G250_RP0000198_CM0000027,H40_G250_RP0000201_CM0000037,H40_G250_RP0000201_CM0000037,H40_G250_RP0000198_CM0000027,0.14094508605078082,0.16411261626272933,CLEAN_REPLAY_RUN_A
KY2017_MATCH_0935,H40_G250_RP0000181_CM0000015,H40_G250_RP0000183_CM0000010,H40_G250_RP0000184_CM0000011,H40_G250_RP0000184_CM0000011,H40_G250_RP0000183_CM0000010,0.10603003014104859,0.12014293398023623,CLEAN_REPLAY_RUN_A
KY2017_MATCH_0936,H40_G250_RP0000181_CM0000027,H40_G250_RP0000186_CM0000032,H40_G250_RP0000189_CM0000030,H40_G250_RP0000189_CM0000030,H40_G250_RP0000186_CM0000032,0.10401601323960047,0.10596396647381631,CLEAN_REPLAY_RUN_A
KY2017_MATCH_0937,H40_G250_RP0000181_CM0000031,H40_G250_RP0000184_CM0000023,H40_G250_RP0000184_CM0000028,H40_G250_RP0000184_CM0000028,H40_G250_RP0000184_CM0000023,0.15197128127827633,0.15322505580394644,CLEAN_REPLAY_RUN_A
KY2017_MATCH_0938,H40_G250_RP0000181_CM0000032,H40_G250_RP0000180_CM0000029,H40_G250_RP0000183_CM0000030,H40_G250_RP0000183_CM0000030,H40_G250_RP0000180_CM0000029,0.1355525114410934,0.15717309506111377,CLEAN_REPLAY_RUN_A
KY2017_MATCH_0939,H40_G250_RP0000181_CM0000033,H40_G250_RP0000185_CM0000030,H40_G250_RP0000192_CM0000033,H40_G250_RP0000192_CM0000033,H40_G250_RP0000185_CM0000030,0.16184250916894735,0.17116952086485601,CLEAN_REPLAY_RUN_A
KY2017_MATCH_0940,H40_G250_RP0000181_CM0000037,H40_G250_RP0000184_CM0000034,H40_G250_RP0000238_CM0000033,H40_G250_RP0000184_CM0000034,H40_G250_RP0000238_CM0000033,0.24178774723676003,0.2590943762897015,CLEAN_REPLAY_RUN_A
KY2017_MATCH_0941,H40_G250_RP0000181_CM0000039,H40_G250_RP0000184_CM0000039,H40_G250_RP0000209_CM0000049,H40_G250_RP0000209_CM0000049,H40_G250_RP0000184_CM0000039,0.15546474567669274,0.16121656080094138,CLEAN_REPLAY_RUN_A
KY2017_MATCH_0942,H40_G250_RP0000181_CM0000040,H40_G250_RP0000179_CM0000045,H40_G250_RP0000186_CM0000050,H40_G250_RP0000186_CM0000050,H40_G250_RP0000179_CM0000045,0.14062042065841324,0.14199931863243526,CLEAN_REPLAY_RUN_A
KY2017_MATCH_0943,H40_G250_RP0000181_CM0000045,H40_G250_RP0000187_CM0000043,H40_G250_RP0000188_CM0000043,H40_G250_RP0000188_CM0000043,H40_G250_RP0000187_CM0000043,0.12955351167469928,0.1377569977454435,CLEAN_REPLAY_RUN_A
KY2017_MATCH_0944,H40_G250_RP0000181_CM0000051,H40_G250_RP0000179_CM0000040,H40_G250_RP0000184_CM0000050,H40_G250_RP0000184_CM0000050,H40_G250_RP0000179_CM0000040,0.093825792223739879,0.1195075099446357,CLEAN_REPLAY_RUN_A
KY2017_MATCH_0945,H40_G250_RP0000181_CM0000052,H40_G250_RP0000184_CM0000051,H40_G250_RP0000184_CM0000054,H40_G250_RP0000184_CM0000054,H40_G250_RP0000184_CM0000051,0.093063744776868948,0.11276041306569351,CLEAN_REPLAY_RUN_A
KY2017_MATCH_0946,H40_G250_RP0000181_CM0000053,H40_G250_RP0000184_CM0000052,H40_G250_RP0000191_CM0000044,H40_G250_RP0000184_CM0000052,H40_G250_RP0000191_CM0000044,0.21979084243179153,0.23700847812371628,CLEAN_REPLAY_RUN_A
KY2017_MATCH_0947,H40_G250_RP0000181_CM0000054,H40_G250_RP0000239_CM0000055,H40_G250_RP0000253_CM0000060,H40_G250_RP0000253_CM0000060,H40_G250_RP0000239_CM0000055,0.47040728250203029,0.50589815580283926,CLEAN_REPLAY_RUN_A
KY2017_MATCH_0948,H40_G250_RP0000181_CM0000055,H40_G250_RP0000137_CM0000043,H40_G250_RP0000161_CM0000017,H40_G250_RP0000161_CM0000017,H40_G250_RP0000137_CM0000043,0.36545628724230261,0.37338640985205496,CLEAN_REPLAY_RUN_A
KY2017_MATCH_0949,H40_G250_RP0000181_CM0000056,H40_G250_RP0000187_CM0000085,H40_G250_RP0000192_CM0000058,H40_G250_RP0000187_CM0000085,H40_G250_RP0000192_CM0000058,0.2391696704560049,0.25781250675682182,CLEAN_REPLAY_RUN_A
KY2017_MATCH_0950,H40_G250_RP0000181_CM0000058,H40_G250_RP0000186_CM0000043,H40_G250_RP0000188_CM0000056,H40_G250_RP0000188_CM0000056,H40_G250_RP0000186_CM0000043,0.10691250218152891,0.11712348401278977,CLEAN_REPLAY_RUN_A
KY2017_MATCH_0951,H40_G250_RP0000181_CM0000059,H40_G250_RP0000180_CM0000058,H40_G250_RP0000206_CM0000053,H40_G250_RP0000180_CM0000058,H40_G250_RP0000206_CM0000053,0.11009286247595809,0.13460220168328513,CLEAN_REPLAY_RUN_A
KY2017_MATCH_0952,H40_G250_RP0000181_CM0000061,H40_G250_RP0000193_CM0000056,H40_G250_RP0000214_CM0000073,H40_G250_RP0000193_CM0000056,H40_G250_RP0000214_CM0000073,0.10737080012547308,0.14750707238614549,CLEAN_REPLAY_RUN_A
KY2017_MATCH_0953,H40_G250_RP0000181_CM0000062,H40_G250_RP0000200_CM0000061,H40_G250_RP0000220_CM0000058,H40_G250_RP0000200_CM0000061,H40_G250_RP0000220_CM0000058,0.10691891204734143,0.1747783248889101,CLEAN_REPLAY_RUN_A
KY2017_MATCH_0954,H40_G250_RP0000181_CM0000063,H40_G250_RP0000184_CM0000073,H40_G250_RP0000219_CM0000069,H40_G250_RP0000184_CM0000073,H40_G250_RP0000219_CM0000069,0.12275404519002883,0.14766474380629069,CLEAN_REPLAY_RUN_A
KY2017_MATCH_0955,H40_G250_RP0000181_CM0000064,H40_G250_RP0000203_CM0000090,H40_G250_RP0000204_CM0000090,H40_G250_RP0000204_CM0000090,H40_G250_RP0000203_CM0000090,0.13996120216836958,0.14146418202602759,CLEAN_REPLAY_RUN_A
KY2017_MATCH_0956,H40_G250_RP0000181_CM0000065,H40_G250_RP0000200_CM0000066,H40_G250_RP0000218_CM0000069,H40_G250_RP0000218_CM0000069,H40_G250_RP0000200_CM0000066,0.12775382834541549,0.12935464827073748,CLEAN_REPLAY_RUN_A
KY2017_MATCH_0957,H40_G250_RP0000181_CM0000066,H40_G250_RP0000182_CM0000066,H40_G250_RP0000182_CM0000067,H40_G250_RP0000182_CM0000066,H40_G250_RP0000182_CM0000067,0.11821267877196427,0.17236767342002868,CLEAN_REPLAY_RUN_A
KY2017_MATCH_0958,H40_G250_RP0000181_CM0000072,H40_G250_RP0000176_CM0000017,H40_G250_RP0000219_CM0000054,H40_G250_RP0000219_CM0000054,H40_G250_RP0000176_CM0000017,0.19222589539830065,0.22522361010225467,CLEAN_REPLAY_RUN_A
KY2017_MATCH_0959,H40_G250_RP0000181_CM0000073,H40_G250_RP0000199_CM0000042,H40_G250_RP0000203_CM0000045,H40_G250_RP0000203_CM0000045,H40_G250_RP0000199_CM0000042,0.16243384599874761,0.18360969981074909,CLEAN_REPLAY_RUN_A
KY2017_MATCH_0960,H40_G250_RP0000181_CM0000074,H40_G250_RP0000182_CM0000073,H40_G250_RP0000199_CM0000088,H40_G250_RP0000182_CM0000073,H40_G250_RP0000199_CM0000088,0.12325599617973487,0.17282013876213728,CLEAN_REPLAY_RUN_A
KY2017_MATCH_0961,H40_G250_RP0000181_CM0000075,H40_G250_RP0000195_CM0000075,H40_G250_RP0000211_CM0000106,H40_G250_RP0000195_CM0000075,H40_G250_RP0000211_CM0000106,0.12042955142408282,0.17256996428898186,CLEAN_REPLAY_RUN_A
KY2017_MATCH_0962,H40_G250_RP0000181_CM0000076,H40_G250_RP0000202_CM0000095,H40_G250_RP0000208_CM0000104,H40_G250_RP0000202_CM0000095,H40_G250_RP0000208_CM0000104,0.15128096196032156,0.1985239780030531,CLEAN_REPLAY_RUN_A
KY2017_MATCH_0963,H40_G250_RP0000181_CM0000077,H40_G250_RP0000190_CM0000079,H40_G250_RP0000196_CM0000106,H40_G250_RP0000196_CM0000106,H40_G250_RP0000190_CM0000079,0.15799513614125854,0.16293592468182155,CLEAN_REPLAY_RUN_A
KY2017_MATCH_0964,H40_G250_RP0000181_CM0000078,H40_G250_RP0000184_CM0000078,H40_G250_RP0000184_CM0000081,H40_G250_RP0000184_CM0000081,H40_G250_RP0000184_CM0000078,0.10264797364078768,0.10677477047648884,CLEAN_REPLAY_RUN_A
KY2017_MATCH_0965,H40_G250_RP0000181_CM0000079,H40_G250_RP0000185_CM0000100,H40_G250_RP0000196_CM0000110,H40_G250_RP0000196_CM0000110,H40_G250_RP0000185_CM0000100,0.12094873440985215,0.16022814492150417,CLEAN_REPLAY_RUN_A
KY2017_MATCH_0966,H40_G250_RP0000181_CM0000080,H40_G250_RP0000157_CM0000060,H40_G250_RP0000189_CM0000081,H40_G250_RP0000189_CM0000081,H40_G250_RP0000157_CM0000060,0.19439976982615059,0.21060934013290164,CLEAN_REPLAY_RUN_A
KY2017_MATCH_0967,H40_G250_RP0000181_CM0000081,H40_G250_RP0000193_CM0000102,H40_G250_RP0000195_CM0000109,H40_G250_RP0000195_CM0000109,H40_G250_RP0000193_CM0000102,0.19465396928244175,0.23372273873650273,CLEAN_REPLAY_RUN_A
KY2017_MATCH_0968,H40_G250_RP0000181_CM0000082,H40_G250_RP0000186_CM0000103,H40_G250_RP0000190_CM0000102,H40_G250_RP0000186_CM0000103,H40_G250_RP0000190_CM0000102,0.52662776175661108,0.52931012240828657,CLEAN_REPLAY_RUN_A
KY2017_MATCH_0969,H40_G250_RP0000181_CM0000083,H40_G250_RP0000185_CM0000083,H40_G250_RP0000203_CM0000106,H40_G250_RP0000185_CM0000083,H40_G250_RP0000203_CM0000106,0.13937413783180802,0.18450553319832416,CLEAN_REPLAY_RUN_A
KY2017_MATCH_0970,H40_G250_RP0000181_CM0000084,H40_G250_RP0000187_CM0000084,H40_G250_RP0000192_CM0000083,H40_G250_RP0000192_CM0000083,H40_G250_RP0000187_CM0000084,0.12397202298627402,0.13095531609320316,CLEAN_REPLAY_RUN_A
KY2017_MATCH_0971,H40_G250_RP0000181_CM0000085,H40_G250_RP0000185_CM0000089,H40_G250_RP0000192_CM0000084,H40_G250_RP0000185_CM0000089,H40_G250_RP0000192_CM0000084,0.15552541405396544,0.17819455748636601,CLEAN_REPLAY_RUN_A
KY2017_MATCH_0972,H40_G250_RP0000181_CM0000086,H40_G250_RP0000183_CM0000087,H40_G250_RP0000183_CM0000088,H40_G250_RP0000183_CM0000088,H40_G250_RP0000183_CM0000087,0.10100891116050531,0.13503365762133121,CLEAN_REPLAY_RUN_A
KY2017_MATCH_0973,H40_G250_RP0000181_CM0000087,H40_G250_RP0000185_CM0000090,H40_G250_RP0000185_CM0000093,H40_G250_RP0000185_CM0000093,H40_G250_RP0000185_CM0000090,0.15143692397525071,0.1565833390725552,CLEAN_REPLAY_RUN_A
KY2017_MATCH_0974,H40_G250_RP0000181_CM0000088,H40_G250_RP0000184_CM0000091,H40_G250_RP0000185_CM0000092,H40_G250_RP0000184_CM0000091,H40_G250_RP0000185_CM0000092,0.1220776852655787,0.14082188606232313,CLEAN_REPLAY_RUN_A
KY2017_MATCH_0975,H40_G250_RP0000181_CM0000094,H40_G250_RP0000196_CM0000083,H40_G250_RP0000196_CM0000084,H40_G250_RP0000196_CM0000083,H40_G250_RP0000196_CM0000084,0.13295026871500845,0.13504484700476035,CLEAN_REPLAY_RUN_A
KY2017_MATCH_0976,H40_G250_RP0000181_CM0000095,H40_G250_RP0000186_CM0000095,H40_G250_RP0000188_CM0000098,H40_G250_RP0000188_CM0000098,H40_G250_RP0000186_CM0000095,0.11969557334905485,0.17028856706601536,CLEAN_REPLAY_RUN_A
KY2017_MATCH_0977,H40_G250_RP0000181_CM0000096,H40_G250_RP0000188_CM0000101,H40_G250_RP0000193_CM0000099,H40_G250_RP0000188_CM0000101,H40_G250_RP0000193_CM0000099,0.1542286734113899,0.16661782134552708,CLEAN_REPLAY_RUN_A
KY2017_MATCH_0978,H40_G250_RP0000181_CM0000097,H40_G250_RP0000182_CM0000099,H40_G250_RP0000183_CM0000096,H40_G250_RP0000182_CM0000099,H40_G250_RP0000183_CM0000096,0.16517135679055162,0.18388005824140036,CLEAN_REPLAY_RUN_A
KY2017_MATCH_0979,H40_G250_RP0000181_CM0000098,H40_G250_RP0000188_CM0000096,H40_G250_RP0000197_CM0000082,H40_G250_RP0000188_CM0000096,H40_G250_RP0000197_CM0000082,0.25915882746798019,0.30124168470623358,CLEAN_REPLAY_RUN_A
KY2017_MATCH_0980,H40_G250_RP0000181_CM0000099,H40_G250_RP0000185_CM0000096,H40_G250_RP0000196_CM0000096,H40_G250_RP0000196_CM0000096,H40_G250_RP0000185_CM0000096,0.25993186256054696,0.27066321496607515,CLEAN_REPLAY_RUN_A
KY2017_MATCH_0981,H40_G250_RP0000181_CM0000100,H40_G250_RP0000189_CM0000109,H40_G250_RP0000192_CM0000109,H40_G250_RP0000192_CM0000109,H40_G250_RP0000189_CM0000109,0.14809023452932085,0.16855785991384989,CLEAN_REPLAY_RUN_A
KY2017_MATCH_0982,H40_G250_RP0000181_CM0000101,H40_G250_RP0000181_CM0000102,H40_G250_RP0000194_CM0000109,H40_G250_RP0000181_CM0000102,H40_G250_RP0000194_CM0000109,0.1318877929673222,0.16737040343412085,CLEAN_REPLAY_RUN_A
KY2017_MATCH_0983,H40_G250_RP0000181_CM0000104,H40_G250_RP0000181_CM0000105,H40_G250_RP0000184_CM0000104,H40_G250_RP0000184_CM0000104,H40_G250_RP0000181_CM0000105,0.13217008254471282,0.13472783675598055,CLEAN_REPLAY_RUN_A
KY2017_MATCH_0984,H40_G250_RP0000181_CM0000106,H40_G250_RP0000150_CM0000035,H40_G250_RP0000182_CM0000105,H40_G250_RP0000182_CM0000105,H40_G250_RP0000150_CM0000035,0.18949287589259858,0.34071780811582775,CLEAN_REPLAY_RUN_A
KY2017_MATCH_0985,H40_G250_RP0000182_CM0000011,H40_G250_RP0000181_CM0000011,H40_G250_RP0000185_CM0000013,H40_G250_RP0000181_CM0000011,H40_G250_RP0000185_CM0000013,0.12575216171438755,0.19330417715515466,CLEAN_REPLAY_RUN_A
KY2017_MATCH_0986,H40_G250_RP0000182_CM0000012,H40_G250_RP0000203_CM0000034,H40_G250_RP0000203_CM0000035,H40_G250_RP0000203_CM0000035,H40_G250_RP0000203_CM0000034,0.16146256934442535,0.19044918542642361,CLEAN_REPLAY_RUN_A
KY2017_MATCH_0987,H40_G250_RP0000182_CM0000014,H40_G250_RP0000183_CM0000014,H40_G250_RP0000185_CM0000012,H40_G250_RP0000183_CM0000014,H40_G250_RP0000185_CM0000012,0.12183282706534879,0.13729929289798654,CLEAN_REPLAY_RUN_A
KY2017_MATCH_0988,H40_G250_RP0000182_CM0000015,H40_G250_RP0000179_CM0000010,H40_G250_RP0000179_CM0000017,H40_G250_RP0000179_CM0000017,H40_G250_RP0000179_CM0000010,0.17076152995880897,0.20795548975165795,CLEAN_REPLAY_RUN_A
KY2017_MATCH_0989,H40_G250_RP0000182_CM0000032,H40_G250_RP0000182_CM0000028,H40_G250_RP0000182_CM0000029,H40_G250_RP0000182_CM0000029,H40_G250_RP0000182_CM0000028,0.13319722912039764,0.14600663569030947,CLEAN_REPLAY_RUN_A
KY2017_MATCH_0990,H40_G250_RP0000182_CM0000034,H40_G250_RP0000179_CM0000021,H40_G250_RP0000186_CM0000033,H40_G250_RP0000186_CM0000033,H40_G250_RP0000179_CM0000021,0.12869691040760645,0.15725385684105467,CLEAN_REPLAY_RUN_A
KY2017_MATCH_0991,H40_G250_RP0000182_CM0000035,H40_G250_RP0000178_CM0000021,H40_G250_RP0000233_CM0000036,H40_G250_RP0000178_CM0000021,H40_G250_RP0000233_CM0000036,0.24762042353899136,0.260021355831561,CLEAN_REPLAY_RUN_A
KY2017_MATCH_0992,H40_G250_RP0000182_CM0000037,H40_G250_RP0000185_CM0000035,H40_G250_RP0000185_CM0000037,H40_G250_RP0000185_CM0000035,H40_G250_RP0000185_CM0000037,0.1417997645792039,0.16845825613502835,CLEAN_REPLAY_RUN_A
KY2017_MATCH_0993,H40_G250_RP0000182_CM0000039,H40_G250_RP0000184_CM0000040,H40_G250_RP0000188_CM0000039,H40_G250_RP0000188_CM0000039,H40_G250_RP0000184_CM0000040,0.1311312175034263,0.20191772623729393,CLEAN_REPLAY_RUN_A
KY2017_MATCH_0994,H40_G250_RP0000182_CM0000040,H40_G250_RP0000216_CM0000046,H40_G250_RP0000216_CM0000047,H40_G250_RP0000216_CM0000046,H40_G250_RP0000216_CM0000047,0.13110300949674217,0.13737255996559786,CLEAN_REPLAY_RUN_A
KY2017_MATCH_0995,H40_G250_RP0000182_CM0000049,H40_G250_RP0000164_CM0000015,H40_G250_RP0000166_CM0000016,H40_G250_RP0000166_CM0000016,H40_G250_RP0000164_CM0000015,0.18751870851236196,0.1923392535597826,CLEAN_REPLAY_RUN_A
KY2017_MATCH_0996,H40_G250_RP0000182_CM0000050,H40_G250_RP0000181_CM0000050,H40_G250_RP0000193_CM0000045,H40_G250_RP0000181_CM0000050,H40_G250_RP0000193_CM0000045,0.11494822911255373,0.15100197399745383,CLEAN_REPLAY_RUN_A
KY2017_MATCH_0997,H40_G250_RP0000182_CM0000052,H40_G250_RP0000182_CM0000047,H40_G250_RP0000184_CM0000053,H40_G250_RP0000184_CM0000053,H40_G250_RP0000182_CM0000047,0.072195230187774462,0.10796009394718466,CLEAN_REPLAY_RUN_A
KY2017_MATCH_0998,H40_G250_RP0000182_CM0000056,H40_G250_RP0000186_CM0000056,H40_G250_RP0000192_CM0000090,H40_G250_RP0000192_CM0000090,H40_G250_RP0000186_CM0000056,0.17184083997219823,0.27509009579906546,CLEAN_REPLAY_RUN_A
KY2017_MATCH_0999,H40_G250_RP0000182_CM0000057,H40_G250_RP0000196_CM0000070,H40_G250_RP0000209_CM0000111,H40_G250_RP0000196_CM0000070,H40_G250_RP0000209_CM0000111,0.13681922410766806,0.14815341440458352,CLEAN_REPLAY_RUN_A
KY2017_MATCH_1000,H40_G250_RP0000182_CM0000058,H40_G250_RP0000179_CM0000050,H40_G250_RP0000213_CM0000045,H40_G250_RP0000179_CM0000050,H40_G250_RP0000213_CM0000045,0.13186973313773076,0.13655927971349754,CLEAN_REPLAY_RUN_A
KY2017_MATCH_1001,H40_G250_RP0000182_CM0000059,H40_G250_RP0000164_CM0000014,H40_G250_RP0000182_CM0000060,H40_G250_RP0000182_CM0000060,H40_G250_RP0000164_CM0000014,0.12631152438173693,0.16986604438553232,CLEAN_REPLAY_RUN_A
KY2017_MATCH_1002,H40_G250_RP0000182_CM0000061,H40_G250_RP0000195_CM0000050,H40_G250_RP0000219_CM0000050,H40_G250_RP0000195_CM0000050,H40_G250_RP0000219_CM0000050,0.17407132972263256,0.22300130365783499,CLEAN_REPLAY_RUN_A
KY2017_MATCH_1003,H40_G250_RP0000182_CM0000062,H40_G250_RP0000183_CM0000062,H40_G250_RP0000185_CM0000063,H40_G250_RP0000183_CM0000062,H40_G250_RP0000185_CM0000063,0.11198113380127014,0.21883665963107429,CLEAN_REPLAY_RUN_A
KY2017_MATCH_1004,H40_G250_RP0000182_CM0000064,H40_G250_RP0000183_CM0000064,H40_G250_RP0000184_CM0000071,H40_G250_RP0000183_CM0000064,H40_G250_RP0000184_CM0000071,0.10250203554486589,0.11132608841040462,CLEAN_REPLAY_RUN_A
KY2017_MATCH_1005,H40_G250_RP0000182_CM0000071,H40_G250_RP0000204_CM0000068,H40_G250_RP0000205_CM0000059,H40_G250_RP0000205_CM0000059,H40_G250_RP0000204_CM0000068,0.17163579743821888,0.20111127956774844,CLEAN_REPLAY_RUN_A
KY2017_MATCH_1006,H40_G250_RP0000182_CM0000072,H40_G250_RP0000181_CM0000071,H40_G250_RP0000217_CM0000059,H40_G250_RP0000181_CM0000071,H40_G250_RP0000217_CM0000059,0.13709451594556329,0.18749677743071463,CLEAN_REPLAY_RUN_A
KY2017_MATCH_1007,H40_G250_RP0000182_CM0000075,H40_G250_RP0000187_CM0000068,H40_G250_RP0000193_CM0000079,H40_G250_RP0000187_CM0000068,H40_G250_RP0000193_CM0000079,0.17035889261907836,0.18515206706767817,CLEAN_REPLAY_RUN_A
KY2017_MATCH_1008,H40_G250_RP0000182_CM0000076,H40_G250_RP0000182_CM0000078,H40_G250_RP0000196_CM0000076,H40_G250_RP0000182_CM0000078,H40_G250_RP0000196_CM0000076,0.12700166506170435,0.15751170702319373,CLEAN_REPLAY_RUN_A
KY2017_MATCH_1009,H40_G250_RP0000182_CM0000077,H40_G250_RP0000186_CM0000088,H40_G250_RP0000190_CM0000095,H40_G250_RP0000186_CM0000088,H40_G250_RP0000190_CM0000095,0.17749152746757349,0.18536139997562565,CLEAN_REPLAY_RUN_A
KY2017_MATCH_1010,H40_G250_RP0000182_CM0000080,H40_G250_RP0000182_CM0000079,H40_G250_RP0000192_CM0000093,H40_G250_RP0000182_CM0000079,H40_G250_RP0000192_CM0000093,0.1527447949949228,0.15618103341499756,CLEAN_REPLAY_RUN_A
KY2017_MATCH_1011,H40_G250_RP0000182_CM0000081,H40_G250_RP0000190_CM0000093,H40_G250_RP0000192_CM0000092,H40_G250_RP0000190_CM0000093,H40_G250_RP0000192_CM0000092,0.1140758464311467,0.14060325604852764,CLEAN_REPLAY_RUN_A
KY2017_MATCH_1012,H40_G250_RP0000182_CM0000082,H40_G250_RP0000184_CM0000056,H40_G250_RP0000194_CM0000080,H40_G250_RP0000184_CM0000056,H40_G250_RP0000194_CM0000080,0.44071245079873517,0.47989729484924121,CLEAN_REPLAY_RUN_A
KY2017_MATCH_1013,H40_G250_RP0000182_CM0000083,H40_G250_RP0000185_CM0000085,H40_G250_RP0000189_CM0000106,H40_G250_RP0000185_CM0000085,H40_G250_RP0000189_CM0000106,0.13197709633302235,0.18022424847070467,CLEAN_REPLAY_RUN_A
KY2017_MATCH_1014,H40_G250_RP0000182_CM0000085,H40_G250_RP0000183_CM0000091,H40_G250_RP0000187_CM0000092,H40_G250_RP0000187_CM0000092,H40_G250_RP0000183_CM0000091,0.15086601389092108,0.19225587252960852,CLEAN_REPLAY_RUN_A
KY2017_MATCH_1015,H40_G250_RP0000182_CM0000086,H40_G250_RP0000185_CM0000101,H40_G250_RP0000189_CM0000100,H40_G250_RP0000185_CM0000101,H40_G250_RP0000189_CM0000100,0.16826223160749118,0.17370405644522113,CLEAN_REPLAY_RUN_A
KY2017_MATCH_1016,H40_G250_RP0000182_CM0000090,H40_G250_RP0000157_CM0000054,H40_G250_RP0000181_CM0000090,H40_G250_RP0000157_CM0000054,H40_G250_RP0000181_CM0000090,0.11867401997026455,0.12547530426050743,CLEAN_REPLAY_RUN_A
KY2017_MATCH_1017,H40_G250_RP0000182_CM0000091,H40_G250_RP0000182_CM0000092,H40_G250_RP0000198_CM0000100,H40_G250_RP0000182_CM0000092,H40_G250_RP0000198_CM0000100,0.13656633136024504,0.15777741801029332,CLEAN_REPLAY_RUN_A
KY2017_MATCH_1018,H40_G250_RP0000182_CM0000093,H40_G250_RP0000196_CM0000082,H40_G250_RP0000205_CM0000110,H40_G250_RP0000196_CM0000082,H40_G250_RP0000205_CM0000110,0.14641578852806028,0.18501539719865617,CLEAN_REPLAY_RUN_A
KY2017_MATCH_1019,H40_G250_RP0000182_CM0000094,H40_G250_RP0000182_CM0000095,H40_G250_RP0000190_CM0000087,H40_G250_RP0000182_CM0000095,H40_G250_RP0000190_CM0000087,0.10167761570859096,0.12826639339740242,CLEAN_REPLAY_RUN_A
KY2017_MATCH_1020,H40_G250_RP0000182_CM0000098,H40_G250_RP0000189_CM0000099,H40_G250_RP0000195_CM0000104,H40_G250_RP0000189_CM0000099,H40_G250_RP0000195_CM0000104,0.15442234989234527,0.18996193586703713,CLEAN_REPLAY_RUN_A
KY2017_MATCH_1021,H40_G250_RP0000183_CM0000009,H40_G250_RP0000182_CM0000010,H40_G250_RP0000197_CM0000037,H40_G250_RP0000197_CM0000037,H40_G250_RP0000182_CM0000010,0.14713589017825504,0.14987771817273865,CLEAN_REPLAY_RUN_A
KY2017_MATCH_1022,H40_G250_RP0000183_CM0000013,H40_G250_RP0000180_CM0000012,H40_G250_RP0000194_CM0000014,H40_G250_RP0000194_CM0000014,H40_G250_RP0000180_CM0000012,0.19356104929720575,0.21111665770928584,CLEAN_REPLAY_RUN_A
KY2017_MATCH_1023,H40_G250_RP0000183_CM0000018,H40_G250_RP0000179_CM0000016,H40_G250_RP0000219_CM0000034,H40_G250_RP0000179_CM0000016,H40_G250_RP0000219_CM0000034,0.11816999165573178,0.16278302128950364,CLEAN_REPLAY_RUN_A
KY2017_MATCH_1024,H40_G250_RP0000183_CM0000032,H40_G250_RP0000179_CM0000028,H40_G250_RP0000183_CM0000031,H40_G250_RP0000179_CM0000028,H40_G250_RP0000183_CM0000031,0.12072756019916932,0.20756279486178542,CLEAN_REPLAY_RUN_A
KY2017_MATCH_1025,H40_G250_RP0000183_CM0000033,H40_G250_RP0000179_CM0000027,H40_G250_RP0000181_CM0000035,H40_G250_RP0000181_CM0000035,H40_G250_RP0000179_CM0000027,0.12411715762339474,0.12431160684613725,CLEAN_REPLAY_RUN_A
KY2017_MATCH_1026,H40_G250_RP0000183_CM0000035,H40_G250_RP0000182_CM0000033,H40_G250_RP0000184_CM0000035,H40_G250_RP0000184_CM0000035,H40_G250_RP0000182_CM0000033,0.08433074986927408,0.16972813065250336,CLEAN_REPLAY_RUN_A
KY2017_MATCH_1027,H40_G250_RP0000183_CM0000037,H40_G250_RP0000178_CM0000026,H40_G250_RP0000179_CM0000029,H40_G250_RP0000178_CM0000026,H40_G250_RP0000179_CM0000029,0.11558836551078656,0.17699881769187265,CLEAN_REPLAY_RUN_A
KY2017_MATCH_1028,H40_G250_RP0000183_CM0000038,H40_G250_RP0000176_CM0000020,H40_G250_RP0000186_CM0000038,H40_G250_RP0000186_CM0000038,H40_G250_RP0000176_CM0000020,0.20375027301738702,0.22650120025896237,CLEAN_REPLAY_RUN_A
KY2017_MATCH_1029,H40_G250_RP0000183_CM0000040,H40_G250_RP0000186_CM0000051,H40_G250_RP0000220_CM0000038,H40_G250_RP0000186_CM0000051,H40_G250_RP0000220_CM0000038,0.17809086519323389,0.21899876595555676,CLEAN_REPLAY_RUN_A
KY2017_MATCH_1030,H40_G250_RP0000183_CM0000041,H40_G250_RP0000185_CM0000053,H40_G250_RP0000186_CM0000042,H40_G250_RP0000185_CM0000053,H40_G250_RP0000186_CM0000042,0.098318156699814335,0.12770173861572706,CLEAN_REPLAY_RUN_A
KY2017_MATCH_1031,H40_G250_RP0000183_CM0000042,H40_G250_RP0000170_CM0000025,H40_G250_RP0000176_CM0000025,H40_G250_RP0000176_CM0000025,H40_G250_RP0000170_CM0000025,0.16481018311731913,0.17827490237884855,CLEAN_REPLAY_RUN_A
KY2017_MATCH_1032,H40_G250_RP0000183_CM0000043,H40_G250_RP0000182_CM0000042,H40_G250_RP0000218_CM0000051,H40_G250_RP0000182_CM0000042,H40_G250_RP0000218_CM0000051,0.10420376649902804,0.14076388319033234,CLEAN_REPLAY_RUN_A
KY2017_MATCH_1033,H40_G250_RP0000183_CM0000044,H40_G250_RP0000143_CM0000039,H40_G250_RP0000189_CM0000039,H40_G250_RP0000189_CM0000039,H40_G250_RP0000143_CM0000039,0.19251227416309247,0.23241254789103183,CLEAN_REPLAY_RUN_A
KY2017_MATCH_1034,H40_G250_RP0000183_CM0000048,H40_G250_RP0000157_CM0000048,H40_G250_RP0000260_CM0000035,H40_G250_RP0000157_CM0000048,H40_G250_RP0000260_CM0000035,0.14899729737245695,0.24948659263732392,CLEAN_REPLAY_RUN_A
KY2017_MATCH_1035,H40_G250_RP0000183_CM0000049,H40_G250_RP0000173_CM0000032,H40_G250_RP0000257_CM0000041,H40_G250_RP0000173_CM0000032,H40_G250_RP0000257_CM0000041,0.15363185036785884,0.23360958162622486,CLEAN_REPLAY_RUN_A
KY2017_MATCH_1036,H40_G250_RP0000183_CM0000057,H40_G250_RP0000192_CM0000071,H40_G250_RP0000193_CM0000071,H40_G250_RP0000193_CM0000071,H40_G250_RP0000192_CM0000071,0.19588808282052328,0.19600668557362119,CLEAN_REPLAY_RUN_A
KY2017_MATCH_1037,H40_G250_RP0000183_CM0000059,H40_G250_RP0000183_CM0000058,H40_G250_RP0000193_CM0000050,H40_G250_RP0000193_CM0000050,H40_G250_RP0000183_CM0000058,0.10770375956249645,0.15572621984103222,CLEAN_REPLAY_RUN_A
KY2017_MATCH_1038,H40_G250_RP0000183_CM0000063,H40_G250_RP0000182_CM0000063,H40_G250_RP0000186_CM0000062,H40_G250_RP0000182_CM0000063,H40_G250_RP0000186_CM0000062,0.073456867575318413,0.1151528254761179,CLEAN_REPLAY_RUN_A
KY2017_MATCH_1039,H40_G250_RP0000183_CM0000065,H40_G250_RP0000182_CM0000065,H40_G250_RP0000184_CM0000069,H40_G250_RP0000184_CM0000069,H40_G250_RP0000182_CM0000065,0.14873586254456786,0.16988276226023186,CLEAN_REPLAY_RUN_A
KY2017_MATCH_1040,H40_G250_RP0000183_CM0000066,H40_G250_RP0000184_CM0000067,H40_G250_RP0000185_CM0000067,H40_G250_RP0000185_CM0000067,H40_G250_RP0000184_CM0000067,0.12354129641215461,0.15579326585763287,CLEAN_REPLAY_RUN_A
KY2017_MATCH_1041,H40_G250_RP0000183_CM0000075,H40_G250_RP0000204_CM0000093,H40_G250_RP0000209_CM0000082,H40_G250_RP0000204_CM0000093,H40_G250_RP0000209_CM0000082,0.18069424000472922,0.18410694461720489,CLEAN_REPLAY_RUN_A
KY2017_MATCH_1042,H40_G250_RP0000183_CM0000076,H40_G250_RP0000189_CM0000078,H40_G250_RP0000202_CM0000093,H40_G250_RP0000202_CM0000093,H40_G250_RP0000189_CM0000078,0.14525586599374785,0.1453475806017121,CLEAN_REPLAY_RUN_A
KY2017_MATCH_1043,H40_G250_RP0000183_CM0000077,H40_G250_RP0000211_CM0000110,H40_G250_RP0000226_CM0000056,H40_G250_RP0000211_CM0000110,H40_G250_RP0000226_CM0000056,0.22710218652881395,0.23220547912023712,CLEAN_REPLAY_RUN_A
KY2017_MATCH_1044,H40_G250_RP0000183_CM0000080,H40_G250_RP0000184_CM0000082,H40_G250_RP0000191_CM0000094,H40_G250_RP0000184_CM0000082,H40_G250_RP0000191_CM0000094,0.098501901857104363,0.14880978873687256,CLEAN_REPLAY_RUN_A
KY2017_MATCH_1045,H40_G250_RP0000183_CM0000081,H40_G250_RP0000183_CM0000086,H40_G250_RP0000185_CM0000102,H40_G250_RP0000185_CM0000102,H40_G250_RP0000183_CM0000086,0.18804500404773986,0.19507151003046616,CLEAN_REPLAY_RUN_A
KY2017_MATCH_1046,H40_G250_RP0000183_CM0000082,H40_G250_RP0000184_CM0000084,H40_G250_RP0000186_CM0000102,H40_G250_RP0000186_CM0000102,H40_G250_RP0000184_CM0000084,0.1931960268524911,0.20930561301885076,CLEAN_REPLAY_RUN_A
KY2017_MATCH_1047,H40_G250_RP0000183_CM0000093,H40_G250_RP0000183_CM0000092,H40_G250_RP0000198_CM0000094,H40_G250_RP0000183_CM0000092,H40_G250_RP0000198_CM0000094,0.088488152011761662,0.15936303536309215,CLEAN_REPLAY_RUN_A
KY2017_MATCH_1048,H40_G250_RP0000183_CM0000094,H40_G250_RP0000185_CM0000095,H40_G250_RP0000199_CM0000105,H40_G250_RP0000185_CM0000095,H40_G250_RP0000199_CM0000105,0.14651272114310007,0.1490883655526905,CLEAN_REPLAY_RUN_A
KY2017_MATCH_1049,H40_G250_RP0000183_CM0000098,H40_G250_RP0000183_CM0000097,H40_G250_RP0000185_CM0000099,H40_G250_RP0000183_CM0000097,H40_G250_RP0000185_CM0000099,0.055677637849241318,0.092775215163439201,CLEAN_REPLAY_RUN_A
KY2017_MATCH_1050,H40_G250_RP0000183_CM0000099,H40_G250_RP0000181_CM0000103,H40_G250_RP0000182_CM0000101,H40_G250_RP0000181_CM0000103,H40_G250_RP0000182_CM0000101,0.10464861301129513,0.11108679191776491,CLEAN_REPLAY_RUN_A
KY2017_MATCH_1051,H40_G250_RP0000184_CM0000009,H40_G250_RP0000200_CM0000028,H40_G250_RP0000200_CM0000037,H40_G250_RP0000200_CM0000028,H40_G250_RP0000200_CM0000037,0.17829453573423498,0.19937855347808636,CLEAN_REPLAY_RUN_A
KY2017_MATCH_1052,H40_G250_RP0000184_CM0000010,H40_G250_RP0000182_CM0000009,H40_G250_RP0000199_CM0000035,H40_G250_RP0000182_CM0000009,H40_G250_RP0000199_CM0000035,0.12922085467584324,0.18037517289579308,CLEAN_REPLAY_RUN_A
KY2017_MATCH_1053,H40_G250_RP0000184_CM0000013,H40_G250_RP0000178_CM0000009,H40_G250_RP0000195_CM0000036,H40_G250_RP0000195_CM0000036,H40_G250_RP0000178_CM0000009,0.21521279531034657,0.2222670386364943,CLEAN_REPLAY_RUN_A
KY2017_MATCH_1054,H40_G250_RP0000184_CM0000017,H40_G250_RP0000191_CM0000034,H40_G250_RP0000197_CM0000014,H40_G250_RP0000191_CM0000034,H40_G250_RP0000197_CM0000014,0.11359104950835368,0.15028217503812008,CLEAN_REPLAY_RUN_A
KY2017_MATCH_1055,H40_G250_RP0000184_CM0000036,H40_G250_RP0000179_CM0000037,H40_G250_RP0000185_CM0000036,H40_G250_RP0000179_CM0000037,H40_G250_RP0000185_CM0000036,0.11360286564227558,0.11720106311003431,CLEAN_REPLAY_RUN_A
KY2017_MATCH_1056,H40_G250_RP0000184_CM0000037,H40_G250_RP0000177_CM0000026,H40_G250_RP0000190_CM0000037,H40_G250_RP0000190_CM0000037,H40_G250_RP0000177_CM0000026,0.20758438600157764,0.22086058687522073,CLEAN_REPLAY_RUN_A
KY2017_MATCH_1057,H40_G250_RP0000184_CM0000041,H40_G250_RP0000187_CM0000041,H40_G250_RP0000211_CM0000050,H40_G250_RP0000187_CM0000041,H40_G250_RP0000211_CM0000050,0.088812119373282039,0.12372644196721749,CLEAN_REPLAY_RUN_A
KY2017_MATCH_1058,H40_G250_RP0000184_CM0000042,H40_G250_RP0000157_CM0000049,H40_G250_RP0000191_CM0000050,H40_G250_RP0000191_CM0000050,H40_G250_RP0000157_CM0000049,0.1410318256797003,0.16166562753829794,CLEAN_REPLAY_RUN_A
KY2017_MATCH_1059,H40_G250_RP0000184_CM0000043,H40_G250_RP0000189_CM0000042,H40_G250_RP0000215_CM0000047,H40_G250_RP0000189_CM0000042,H40_G250_RP0000215_CM0000047,0.11954825402729038,0.16416271760656892,CLEAN_REPLAY_RUN_A
KY2017_MATCH_1060,H40_G250_RP0000184_CM0000044,H40_G250_RP0000220_CM0000044,H40_G250_RP0000221_CM0000081,H40_G250_RP0000220_CM0000044,H40_G250_RP0000221_CM0000081,0.15200725656039263,0.19704614303309034,CLEAN_REPLAY_RUN_A
KY2017_MATCH_1061,H40_G250_RP0000184_CM0000045,H40_G250_RP0000219_CM0000048,H40_G250_RP0000232_CM0000037,H40_G250_RP0000219_CM0000048,H40_G250_RP0000232_CM0000037,0.26118828447323494,0.27601022833858169,CLEAN_REPLAY_RUN_A
KY2017_MATCH_1062,H40_G250_RP0000184_CM0000046,H40_G250_RP0000179_CM0000039,H40_G250_RP0000179_CM0000046,H40_G250_RP0000179_CM0000039,H40_G250_RP0000179_CM0000046,0.1585113109384032,0.19006239504318329,CLEAN_REPLAY_RUN_A
KY2017_MATCH_1063,H40_G250_RP0000184_CM0000047,H40_G250_RP0000179_CM0000041,H40_G250_RP0000186_CM0000048,H40_G250_RP0000186_CM0000048,H40_G250_RP0000179_CM0000041,0.08121773034443748,0.12538715436129336,CLEAN_REPLAY_RUN_A
KY2017_MATCH_1064,H40_G250_RP0000184_CM0000058,H40_G250_RP0000187_CM0000048,H40_G250_RP0000217_CM0000050,H40_G250_RP0000187_CM0000048,H40_G250_RP0000217_CM0000050,0.13353629543213169,0.15973807955750152,CLEAN_REPLAY_RUN_A
KY2017_MATCH_1065,H40_G250_RP0000184_CM0000059,H40_G250_RP0000182_CM0000043,H40_G250_RP0000195_CM0000053,H40_G250_RP0000195_CM0000053,H40_G250_RP0000182_CM0000043,0.128625843614632,0.13939424361001174,CLEAN_REPLAY_RUN_A
KY2017_MATCH_1066,H40_G250_RP0000184_CM0000060,H40_G250_RP0000168_CM0000017,H40_G250_RP0000220_CM0000051,H40_G250_RP0000220_CM0000051,H40_G250_RP0000168_CM0000017,0.17788856534645481,0.21499063179435063,CLEAN_REPLAY_RUN_A
KY2017_MATCH_1067,H40_G250_RP0000184_CM0000066,H40_G250_RP0000197_CM0000066,H40_G250_RP0000215_CM0000064,H40_G250_RP0000197_CM0000066,H40_G250_RP0000215_CM0000064,0.10638294501757259,0.15648110445056951,CLEAN_REPLAY_RUN_A
KY2017_MATCH_1068,H40_G250_RP0000184_CM0000075,H40_G250_RP0000182_CM0000068,H40_G250_RP0000184_CM0000074,H40_G250_RP0000184_CM0000074,H40_G250_RP0000182_CM0000068,0.14939940019930673,0.15186313580711736,CLEAN_REPLAY_RUN_A
KY2017_MATCH_1069,H40_G250_RP0000184_CM0000076,H40_G250_RP0000188_CM0000066,H40_G250_RP0000201_CM0000094,H40_G250_RP0000201_CM0000094,H40_G250_RP0000188_CM0000066,0.2537650173011301,0.2819529532423013,CLEAN_REPLAY_RUN_A
KY2017_MATCH_1070,H40_G250_RP0000184_CM0000098,H40_G250_RP0000184_CM0000099,H40_G250_RP0000187_CM0000098,H40_G250_RP0000184_CM0000099,H40_G250_RP0000187_CM0000098,0.12798696889193595,0.13455353725758656,CLEAN_REPLAY_RUN_A
KY2017_MATCH_1071,H40_G250_RP0000185_CM0000009,H40_G250_RP0000184_CM0000015,H40_G250_RP0000199_CM0000026,H40_G250_RP0000184_CM0000015,H40_G250_RP0000199_CM0000026,0.17757482980669195,0.19045231440338214,CLEAN_REPLAY_RUN_A
KY2017_MATCH_1072,H40_G250_RP0000185_CM0000010,H40_G250_RP0000199_CM0000025,H40_G250_RP0000199_CM0000027,H40_G250_RP0000199_CM0000027,H40_G250_RP0000199_CM0000025,0.11360806148834367,0.13083673543989205,CLEAN_REPLAY_RUN_A
KY2017_MATCH_1073,H40_G250_RP0000185_CM0000011,H40_G250_RP0000181_CM0000010,H40_G250_RP0000200_CM0000026,H40_G250_RP0000181_CM0000010,H40_G250_RP0000200_CM0000026,0.13635365313109973,0.17045182137257739,CLEAN_REPLAY_RUN_A
KY2017_MATCH_1074,H40_G250_RP0000185_CM0000021,H40_G250_RP0000184_CM0000021,H40_G250_RP0000185_CM0000018,H40_G250_RP0000185_CM0000018,H40_G250_RP0000184_CM0000021,0.086422354316482222,0.10388467530120503,CLEAN_REPLAY_RUN_A
KY2017_MATCH_1075,H40_G250_RP0000185_CM0000026,H40_G250_RP0000182_CM0000021,H40_G250_RP0000185_CM0000027,H40_G250_RP0000185_CM0000027,H40_G250_RP0000182_CM0000021,0.11433829481007503,0.23756172668158987,CLEAN_REPLAY_RUN_A
KY2017_MATCH_1076,H40_G250_RP0000185_CM0000039,H40_G250_RP0000192_CM0000046,H40_G250_RP0000218_CM0000075,H40_G250_RP0000192_CM0000046,H40_G250_RP0000218_CM0000075,0.28104749886674218,0.30957176915681833,CLEAN_REPLAY_RUN_A
KY2017_MATCH_1077,H40_G250_RP0000185_CM0000040,H40_G250_RP0000191_CM0000047,H40_G250_RP0000211_CM0000054,H40_G250_RP0000191_CM0000047,H40_G250_RP0000211_CM0000054,0.11457024512755433,0.14905488540036405,CLEAN_REPLAY_RUN_A
KY2017_MATCH_1078,H40_G250_RP0000185_CM0000041,H40_G250_RP0000186_CM0000041,H40_G250_RP0000208_CM0000053,H40_G250_RP0000186_CM0000041,H40_G250_RP0000208_CM0000053,0.073667952920817362,0.13433874659583278,CLEAN_REPLAY_RUN_A
KY2017_MATCH_1079,H40_G250_RP0000185_CM0000042,H40_G250_RP0000181_CM0000042,H40_G250_RP0000189_CM0000046,H40_G250_RP0000181_CM0000042,H40_G250_RP0000189_CM0000046,0.10557784358102792,0.13669124430312704,CLEAN_REPLAY_RUN_A
KY2017_MATCH_1080,H40_G250_RP0000185_CM0000043,H40_G250_RP0000217_CM0000051,H40_G250_RP0000223_CM0000052,H40_G250_RP0000217_CM0000051,H40_G250_RP0000223_CM0000052,0.2045119511039066,0.23547746397282182,CLEAN_REPLAY_RUN_A
KY2017_MATCH_1081,H40_G250_RP0000185_CM0000046,H40_G250_RP0000213_CM0000047,H40_G250_RP0000217_CM0000049,H40_G250_RP0000217_CM0000049,H40_G250_RP0000213_CM0000047,0.15328167211131322,0.1740978498949507,CLEAN_REPLAY_RUN_A
KY2017_MATCH_1082,H40_G250_RP0000185_CM0000047,H40_G250_RP0000185_CM0000044,H40_G250_RP0000207_CM0000054,H40_G250_RP0000185_CM0000044,H40_G250_RP0000207_CM0000054,0.17915152513557875,0.17937668404881404,CLEAN_REPLAY_RUN_A
KY2017_MATCH_1083,H40_G250_RP0000185_CM0000048,H40_G250_RP0000159_CM0000051,H40_G250_RP0000187_CM0000054,H40_G250_RP0000187_CM0000054,H40_G250_RP0000159_CM0000051,0.11158855117150325,0.20583253433572382,CLEAN_REPLAY_RUN_A
KY2017_MATCH_1084,H40_G250_RP0000185_CM0000049,H40_G250_RP0000168_CM0000027,H40_G250_RP0000221_CM0000052,H40_G250_RP0000221_CM0000052,H40_G250_RP0000168_CM0000027,0.13607968352057767,0.17708199642492883,CLEAN_REPLAY_RUN_A
KY2017_MATCH_1085,H40_G250_RP0000185_CM0000050,H40_G250_RP0000186_CM0000055,H40_G250_RP0000214_CM0000040,H40_G250_RP0000186_CM0000055,H40_G250_RP0000214_CM0000040,0.098427963219820239,0.12721244774453844,CLEAN_REPLAY_RUN_A
KY2017_MATCH_1086,H40_G250_RP0000185_CM0000057,H40_G250_RP0000205_CM0000108,H40_G250_RP0000206_CM0000093,H40_G250_RP0000206_CM0000093,H40_G250_RP0000205_CM0000108,0.20031873332936853,0.20419258682460414,CLEAN_REPLAY_RUN_A
KY2017_MATCH_1087,H40_G250_RP0000185_CM0000059,H40_G250_RP0000165_CM0000014,H40_G250_RP0000219_CM0000052,H40_G250_RP0000219_CM0000052,H40_G250_RP0000165_CM0000014,0.14643510463016329,0.1774612253504976,CLEAN_REPLAY_RUN_A
KY2017_MATCH_1088,H40_G250_RP0000185_CM0000060,H40_G250_RP0000196_CM0000067,H40_G250_RP0000200_CM0000083,H40_G250_RP0000196_CM0000067,H40_G250_RP0000200_CM0000083,0.12663316196883931,0.13212339579586574,CLEAN_REPLAY_RUN_A
KY2017_MATCH_1089,H40_G250_RP0000185_CM0000066,H40_G250_RP0000186_CM0000064,H40_G250_RP0000187_CM0000065,H40_G250_RP0000187_CM0000065,H40_G250_RP0000186_CM0000064,0.092240228095210902,0.13170483716776085,CLEAN_REPLAY_RUN_A
KY2017_MATCH_1090,H40_G250_RP0000185_CM0000074,H40_G250_RP0000182_CM0000069,H40_G250_RP0000184_CM0000072,H40_G250_RP0000184_CM0000072,H40_G250_RP0000182_CM0000069,0.11257911118752595,0.15708715515661062,CLEAN_REPLAY_RUN_A
KY2017_MATCH_1091,H40_G250_RP0000185_CM0000075,H40_G250_RP0000189_CM0000074,H40_G250_RP0000202_CM0000091,H40_G250_RP0000202_CM0000091,H40_G250_RP0000189_CM0000074,0.11198583468996216,0.14848763343856677,CLEAN_REPLAY_RUN_A
KY2017_MATCH_1092,H40_G250_RP0000185_CM0000091,H40_G250_RP0000188_CM0000091,H40_G250_RP0000197_CM0000103,H40_G250_RP0000197_CM0000103,H40_G250_RP0000188_CM0000091,0.13852897225283697,0.18114092091362893,CLEAN_REPLAY_RUN_A
KY2017_MATCH_1093,H40_G250_RP0000185_CM0000098,H40_G250_RP0000184_CM0000097,H40_G250_RP0000192_CM0000095,H40_G250_RP0000184_CM0000097,H40_G250_RP0000192_CM0000095,0.15773819008592257,0.17571760134935477,CLEAN_REPLAY_RUN_A
KY2017_MATCH_1094,H40_G250_RP0000186_CM0000011,H40_G250_RP0000181_CM0000009,H40_G250_RP0000191_CM0000013,H40_G250_RP0000181_CM0000009,H40_G250_RP0000191_CM0000013,0.088006277644355674,0.12438096180609151,CLEAN_REPLAY_RUN_A
KY2017_MATCH_1095,H40_G250_RP0000186_CM0000016,H40_G250_RP0000178_CM0000011,H40_G250_RP0000183_CM0000017,H40_G250_RP0000178_CM0000011,H40_G250_RP0000183_CM0000017,0.15272108585200822,0.16960253136662004,CLEAN_REPLAY_RUN_A
KY2017_MATCH_1096,H40_G250_RP0000186_CM0000017,H40_G250_RP0000177_CM0000011,H40_G250_RP0000179_CM0000012,H40_G250_RP0000179_CM0000012,H40_G250_RP0000177_CM0000011,0.18541753994033983,0.22500849388440047,CLEAN_REPLAY_RUN_A
KY2017_MATCH_1097,H40_G250_RP0000186_CM0000019,H40_G250_RP0000184_CM0000022,H40_G250_RP0000193_CM0000033,H40_G250_RP0000184_CM0000022,H40_G250_RP0000193_CM0000033,0.10744150014235362,0.1225315057920098,CLEAN_REPLAY_RUN_A
KY2017_MATCH_1098,H40_G250_RP0000186_CM0000020,H40_G250_RP0000182_CM0000023,H40_G250_RP0000195_CM0000011,H40_G250_RP0000195_CM0000011,H40_G250_RP0000182_CM0000023,0.14329010595702388,0.1981650135456153,CLEAN_REPLAY_RUN_A
KY2017_MATCH_1099,H40_G250_RP0000186_CM0000027,H40_G250_RP0000183_CM0000026,H40_G250_RP0000184_CM0000026,H40_G250_RP0000183_CM0000026,H40_G250_RP0000184_CM0000026,0.20759433523978343,0.23203798946870194,CLEAN_REPLAY_RUN_A
KY2017_MATCH_1100,H40_G250_RP0000186_CM0000028,H40_G250_RP0000181_CM0000023,H40_G250_RP0000183_CM0000020,H40_G250_RP0000181_CM0000023,H40_G250_RP0000183_CM0000020,0.17848837287934355,0.22289559899934644,CLEAN_REPLAY_RUN_A
KY2017_MATCH_1101,H40_G250_RP0000186_CM0000035,H40_G250_RP0000183_CM0000036,H40_G250_RP0000189_CM0000035,H40_G250_RP0000183_CM0000036,H40_G250_RP0000189_CM0000035,0.091448943791142948,0.103941269757128,CLEAN_REPLAY_RUN_A
KY2017_MATCH_1102,H40_G250_RP0000186_CM0000036,H40_G250_RP0000181_CM0000028,H40_G250_RP0000184_CM0000032,H40_G250_RP0000181_CM0000028,H40_G250_RP0000184_CM0000032,0.11319311395960506,0.12013156987081439,CLEAN_REPLAY_RUN_A
KY2017_MATCH_1103,H40_G250_RP0000186_CM0000037,H40_G250_RP0000179_CM0000022,H40_G250_RP0000239_CM0000029,H40_G250_RP0000239_CM0000029,H40_G250_RP0000179_CM0000022,0.22702883494254456,0.22706942896940879,CLEAN_REPLAY_RUN_A
KY2017_MATCH_1104,H40_G250_RP0000186_CM0000039,H40_G250_RP0000183_CM0000039,H40_G250_RP0000206_CM0000052,H40_G250_RP0000206_CM0000052,H40_G250_RP0000183_CM0000039,0.20573880685235393,0.22335543489799017,CLEAN_REPLAY_RUN_A
KY2017_MATCH_1105,H40_G250_RP0000186_CM0000040,H40_G250_RP0000188_CM0000045,H40_G250_RP0000217_CM0000044,H40_G250_RP0000217_CM0000044,H40_G250_RP0000188_CM0000045,0.13733826076669828,0.15967035280528591,CLEAN_REPLAY_RUN_A
KY2017_MATCH_1106,H40_G250_RP0000186_CM0000046,H40_G250_RP0000183_CM0000052,H40_G250_RP0000188_CM0000047,H40_G250_RP0000183_CM0000052,H40_G250_RP0000188_CM0000047,0.27828263150792931,0.29974433826833591,CLEAN_REPLAY_RUN_A
KY2017_MATCH_1107,H40_G250_RP0000186_CM0000047,H40_G250_RP0000190_CM0000046,H40_G250_RP0000234_CM0000036,H40_G250_RP0000190_CM0000046,H40_G250_RP0000234_CM0000036,0.10032273250194282,0.19144809915723515,CLEAN_REPLAY_RUN_A
KY2017_MATCH_1108,H40_G250_RP0000186_CM0000052,H40_G250_RP0000205_CM0000051,H40_G250_RP0000210_CM0000052,H40_G250_RP0000210_CM0000052,H40_G250_RP0000205_CM0000051,0.12183769398743688,0.12746614999351094,CLEAN_REPLAY_RUN_A
KY2017_MATCH_1109,H40_G250_RP0000186_CM0000053,H40_G250_RP0000186_CM0000049,H40_G250_RP0000210_CM0000045,H40_G250_RP0000186_CM0000049,H40_G250_RP0000210_CM0000045,0.099403185601052088,0.1365134807424179,CLEAN_REPLAY_RUN_A
KY2017_MATCH_1110,H40_G250_RP0000186_CM0000058,H40_G250_RP0000185_CM0000058,H40_G250_RP0000219_CM0000051,H40_G250_RP0000185_CM0000058,H40_G250_RP0000219_CM0000051,0.093155989246907919,0.13776904994946243,CLEAN_REPLAY_RUN_A
KY2017_MATCH_1111,H40_G250_RP0000186_CM0000059,H40_G250_RP0000212_CM0000046,H40_G250_RP0000213_CM0000054,H40_G250_RP0000213_CM0000054,H40_G250_RP0000212_CM0000046,0.13888613100979064,0.1704016696523114,CLEAN_REPLAY_RUN_A
KY2017_MATCH_1112,H40_G250_RP0000186_CM0000065,H40_G250_RP0000194_CM0000070,H40_G250_RP0000218_CM0000065,H40_G250_RP0000194_CM0000070,H40_G250_RP0000218_CM0000065,0.14071641504023824,0.17534819000930427,CLEAN_REPLAY_RUN_A
KY2017_MATCH_1113,H40_G250_RP0000186_CM0000080,H40_G250_RP0000195_CM0000091,H40_G250_RP0000208_CM0000091,H40_G250_RP0000208_CM0000091,H40_G250_RP0000195_CM0000091,0.30690090015401439,0.30932637098408505,CLEAN_REPLAY_RUN_A
KY2017_MATCH_1114,H40_G250_RP0000186_CM0000081,H40_G250_RP0000186_CM0000082,H40_G250_RP0000224_CM0000047,H40_G250_RP0000186_CM0000082,H40_G250_RP0000224_CM0000047,0.22471870856255038,0.27412107808822767,CLEAN_REPLAY_RUN_A
KY2017_MATCH_1115,H40_G250_RP0000186_CM0000083,H40_G250_RP0000188_CM0000085,H40_G250_RP0000192_CM0000091,H40_G250_RP0000192_CM0000091,H40_G250_RP0000188_CM0000085,0.10115092113893545,0.13302108702252721,CLEAN_REPLAY_RUN_A
KY2017_MATCH_1116,H40_G250_RP0000186_CM0000090,H40_G250_RP0000187_CM0000090,H40_G250_RP0000189_CM0000091,H40_G250_RP0000187_CM0000090,H40_G250_RP0000189_CM0000091,0.097492480124903386,0.10949988301632474,CLEAN_REPLAY_RUN_A
KY2017_MATCH_1117,H40_G250_RP0000186_CM0000091,H40_G250_RP0000184_CM0000092,H40_G250_RP0000187_CM0000094,H40_G250_RP0000184_CM0000092,H40_G250_RP0000187_CM0000094,0.093056114251260161,0.094917802508718618,CLEAN_REPLAY_RUN_A
KY2017_MATCH_1118,H40_G250_RP0000186_CM0000092,H40_G250_RP0000186_CM0000093,H40_G250_RP0000186_CM0000094,H40_G250_RP0000186_CM0000093,H40_G250_RP0000186_CM0000094,0.12852786355920717,0.13200575779113916,CLEAN_REPLAY_RUN_A
KY2017_MATCH_1119,H40_G250_RP0000186_CM0000096,H40_G250_RP0000188_CM0000100,H40_G250_RP0000196_CM0000097,H40_G250_RP0000188_CM0000100,H40_G250_RP0000196_CM0000097,0.12863595080704382,0.16311855462927038,CLEAN_REPLAY_RUN_A
KY2017_MATCH_1120,H40_G250_RP0000186_CM0000097,H40_G250_RP0000187_CM0000097,H40_G250_RP0000195_CM0000098,H40_G250_RP0000187_CM0000097,H40_G250_RP0000195_CM0000098,0.12945040962751386,0.13016531789387539,CLEAN_REPLAY_RUN_A
KY2017_MATCH_1121,H40_G250_RP0000186_CM0000098,H40_G250_RP0000185_CM0000097,H40_G250_RP0000189_CM0000079,H40_G250_RP0000185_CM0000097,H40_G250_RP0000189_CM0000079,0.19960095455373031,0.28519931797462211,CLEAN_REPLAY_RUN_A
KY2017_MATCH_1122,H40_G250_RP0000187_CM0000015,H40_G250_RP0000185_CM0000015,H40_G250_RP0000191_CM0000021,H40_G250_RP0000191_CM0000021,H40_G250_RP0000185_CM0000015,0.12312292668260955,0.14403589909733547,CLEAN_REPLAY_RUN_A
KY2017_MATCH_1123,H40_G250_RP0000187_CM0000017,H40_G250_RP0000180_CM0000019,H40_G250_RP0000211_CM0000037,H40_G250_RP0000211_CM0000037,H40_G250_RP0000180_CM0000019,0.24930185938736762,0.32318049002423094,CLEAN_REPLAY_RUN_A
KY2017_MATCH_1124,H40_G250_RP0000187_CM0000018,H40_G250_RP0000195_CM0000013,H40_G250_RP0000219_CM0000035,H40_G250_RP0000195_CM0000013,H40_G250_RP0000219_CM0000035,0.13193738434861552,0.13910845482179482,CLEAN_REPLAY_RUN_A
KY2017_MATCH_1125,H40_G250_RP0000187_CM0000019,H40_G250_RP0000187_CM0000025,H40_G250_RP0000190_CM0000030,H40_G250_RP0000187_CM0000025,H40_G250_RP0000190_CM0000030,0.094611042079159713,0.12121579477040814,CLEAN_REPLAY_RUN_A
KY2017_MATCH_1126,H40_G250_RP0000187_CM0000020,H40_G250_RP0000198_CM0000029,H40_G250_RP0000212_CM0000035,H40_G250_RP0000212_CM0000035,H40_G250_RP0000198_CM0000029,0.13817966561661488,0.18613381083966846,CLEAN_REPLAY_RUN_A
KY2017_MATCH_1127,H40_G250_RP0000187_CM0000021,H40_G250_RP0000186_CM0000021,H40_G250_RP0000187_CM0000027,H40_G250_RP0000186_CM0000021,H40_G250_RP0000187_CM0000027,0.11321298203349237,0.17245254789541425,CLEAN_REPLAY_RUN_A
KY2017_MATCH_1128,H40_G250_RP0000187_CM0000023,H40_G250_RP0000186_CM0000023,H40_G250_RP0000188_CM0000023,H40_G250_RP0000186_CM0000023,H40_G250_RP0000188_CM0000023,0.1249709719109824,0.20686631964462157,CLEAN_REPLAY_RUN_A
KY2017_MATCH_1129,H40_G250_RP0000187_CM0000028,H40_G250_RP0000181_CM0000025,H40_G250_RP0000182_CM0000025,H40_G250_RP0000182_CM0000025,H40_G250_RP0000181_CM0000025,0.29819576800976599,0.39984746971121055,CLEAN_REPLAY_RUN_A
KY2017_MATCH_1130,H40_G250_RP0000187_CM0000033,H40_G250_RP0000180_CM0000018,H40_G250_RP0000187_CM0000031,H40_G250_RP0000187_CM0000031,H40_G250_RP0000180_CM0000018,0.13907515429753209,0.17242281108838717,CLEAN_REPLAY_RUN_A
KY2017_MATCH_1131,H40_G250_RP0000187_CM0000035,H40_G250_RP0000187_CM0000034,H40_G250_RP0000188_CM0000037,H40_G250_RP0000187_CM0000034,H40_G250_RP0000188_CM0000037,0.1187788453634623,0.11948028761413895,CLEAN_REPLAY_RUN_A
KY2017_MATCH_1132,H40_G250_RP0000187_CM0000036,H40_G250_RP0000189_CM0000037,H40_G250_RP0000252_CM0000026,H40_G250_RP0000252_CM0000026,H40_G250_RP0000189_CM0000037,0.2326844408558606,0.23464563528418098,CLEAN_REPLAY_RUN_A
KY2017_MATCH_1133,H40_G250_RP0000187_CM0000037,H40_G250_RP0000177_CM0000025,H40_G250_RP0000183_CM0000034,H40_G250_RP0000177_CM0000025,H40_G250_RP0000183_CM0000034,0.20775735257661271,0.20891073644014418,CLEAN_REPLAY_RUN_A
KY2017_MATCH_1134,H40_G250_RP0000187_CM0000046,H40_G250_RP0000182_CM0000053,H40_G250_RP0000219_CM0000058,H40_G250_RP0000219_CM0000058,H40_G250_RP0000182_CM0000053,0.25669072015453742,0.26451829549409517,CLEAN_REPLAY_RUN_A
KY2017_MATCH_1135,H40_G250_RP0000187_CM0000047,H40_G250_RP0000189_CM0000047,H40_G250_RP0000206_CM0000045,H40_G250_RP0000206_CM0000045,H40_G250_RP0000189_CM0000047,0.12233552196617323,0.13094103721664174,CLEAN_REPLAY_RUN_A
KY2017_MATCH_1136,H40_G250_RP0000187_CM0000049,H40_G250_RP0000182_CM0000041,H40_G250_RP0000213_CM0000046,H40_G250_RP0000182_CM0000041,H40_G250_RP0000213_CM0000046,0.13066925331386051,0.15077357314668213,CLEAN_REPLAY_RUN_A
KY2017_MATCH_1137,H40_G250_RP0000187_CM0000053,H40_G250_RP0000169_CM0000020,H40_G250_RP0000173_CM0000020,H40_G250_RP0000173_CM0000020,H40_G250_RP0000169_CM0000020,0.24755819030322262,0.25334742880705158,CLEAN_REPLAY_RUN_A
KY2017_MATCH_1138,H40_G250_RP0000187_CM0000059,H40_G250_RP0000195_CM0000057,H40_G250_RP0000216_CM0000050,H40_G250_RP0000195_CM0000057,H40_G250_RP0000216_CM0000050,0.1088598347753201,0.16467890383434561,CLEAN_REPLAY_RUN_A
KY2017_MATCH_1139,H40_G250_RP0000187_CM0000060,H40_G250_RP0000195_CM0000068,H40_G250_RP0000210_CM0000096,H40_G250_RP0000195_CM0000068,H40_G250_RP0000210_CM0000096,0.14735508088603208,0.19837066171211679,CLEAN_REPLAY_RUN_A
KY2017_MATCH_1140,H40_G250_RP0000187_CM0000061,H40_G250_RP0000201_CM0000074,H40_G250_RP0000207_CM0000080,H40_G250_RP0000201_CM0000074,H40_G250_RP0000207_CM0000080,0.15805856641326052,0.18867947175402305,CLEAN_REPLAY_RUN_A
KY2017_MATCH_1141,H40_G250_RP0000187_CM0000066,H40_G250_RP0000188_CM0000067,H40_G250_RP0000220_CM0000065,H40_G250_RP0000188_CM0000067,H40_G250_RP0000220_CM0000065,0.14001810019157121,0.17756037904611913,CLEAN_REPLAY_RUN_A
KY2017_MATCH_1142,H40_G250_RP0000187_CM0000067,H40_G250_RP0000189_CM0000068,H40_G250_RP0000196_CM0000071,H40_G250_RP0000189_CM0000068,H40_G250_RP0000196_CM0000071,0.29231391668231022,0.292795217479974,CLEAN_REPLAY_RUN_A
KY2017_MATCH_1143,H40_G250_RP0000187_CM0000080,H40_G250_RP0000247_CM0000049,H40_G250_RP0000248_CM0000049,H40_G250_RP0000248_CM0000049,H40_G250_RP0000247_CM0000049,0.25742386385229443,0.25815418375924171,CLEAN_REPLAY_RUN_A
KY2017_MATCH_1144,H40_G250_RP0000187_CM0000081,H40_G250_RP0000222_CM0000048,H40_G250_RP0000257_CM0000043,H40_G250_RP0000222_CM0000048,H40_G250_RP0000257_CM0000043,0.19029044536732959,0.19568421640512598,CLEAN_REPLAY_RUN_A
KY2017_MATCH_1145,H40_G250_RP0000187_CM0000082,H40_G250_RP0000185_CM0000081,H40_G250_RP0000230_CM0000039,H40_G250_RP0000185_CM0000081,H40_G250_RP0000230_CM0000039,0.096312311884036605,0.1646477986522861,CLEAN_REPLAY_RUN_A
KY2017_MATCH_1146,H40_G250_RP0000187_CM0000083,H40_G250_RP0000195_CM0000086,H40_G250_RP0000196_CM0000089,H40_G250_RP0000195_CM0000086,H40_G250_RP0000196_CM0000089,0.15683389326222485,0.16873486809886509,CLEAN_REPLAY_RUN_A
KY2017_MATCH_1147,H40_G250_RP0000187_CM0000091,H40_G250_RP0000184_CM0000088,H40_G250_RP0000184_CM0000089,H40_G250_RP0000184_CM0000088,H40_G250_RP0000184_CM0000089,0.11402150164604105,0.13028551129050539,CLEAN_REPLAY_RUN_A
KY2017_MATCH_1148,H40_G250_RP0000187_CM0000093,H40_G250_RP0000188_CM0000090,H40_G250_RP0000189_CM0000090,H40_G250_RP0000189_CM0000090,H40_G250_RP0000188_CM0000090,0.10223705360330816,0.14575705880890555,CLEAN_REPLAY_RUN_A
KY2017_MATCH_1149,H40_G250_RP0000188_CM0000010,H40_G250_RP0000196_CM0000024,H40_G250_RP0000205_CM0000034,H40_G250_RP0000196_CM0000024,H40_G250_RP0000205_CM0000034,0.14941766974134185,0.16566517090537275,CLEAN_REPLAY_RUN_A
KY2017_MATCH_1150,H40_G250_RP0000188_CM0000011,H40_G250_RP0000187_CM0000010,H40_G250_RP0000191_CM0000022,H40_G250_RP0000191_CM0000022,H40_G250_RP0000187_CM0000010,0.1416782108679886,0.15545473895641201,CLEAN_REPLAY_RUN_A
KY2017_MATCH_1151,H40_G250_RP0000188_CM0000012,H40_G250_RP0000198_CM0000026,H40_G250_RP0000201_CM0000033,H40_G250_RP0000198_CM0000026,H40_G250_RP0000201_CM0000033,0.15172694291041813,0.19854544949242026,CLEAN_REPLAY_RUN_A
KY2017_MATCH_1152,H40_G250_RP0000188_CM0000015,H40_G250_RP0000177_CM0000016,H40_G250_RP0000179_CM0000014,H40_G250_RP0000179_CM0000014,H40_G250_RP0000177_CM0000016,0.16081114896681872,0.16774470298604516,CLEAN_REPLAY_RUN_A
KY2017_MATCH_1153,H40_G250_RP0000188_CM0000016,H40_G250_RP0000177_CM0000014,H40_G250_RP0000212_CM0000036,H40_G250_RP0000177_CM0000014,H40_G250_RP0000212_CM0000036,0.15176923297228551,0.16383964082300373,CLEAN_REPLAY_RUN_A
KY2017_MATCH_1154,H40_G250_RP0000188_CM0000017,H40_G250_RP0000177_CM0000010,H40_G250_RP0000192_CM0000035,H40_G250_RP0000192_CM0000035,H40_G250_RP0000177_CM0000010,0.18800155486064402,0.21805065309082361,CLEAN_REPLAY_RUN_A
KY2017_MATCH_1155,H40_G250_RP0000188_CM0000018,H40_G250_RP0000178_CM0000014,H40_G250_RP0000178_CM0000016,H40_G250_RP0000178_CM0000016,H40_G250_RP0000178_CM0000014,0.14531654260310087,0.17209707982407307,CLEAN_REPLAY_RUN_A
KY2017_MATCH_1156,H40_G250_RP0000188_CM0000019,H40_G250_RP0000188_CM0000024,H40_G250_RP0000192_CM0000034,H40_G250_RP0000192_CM0000034,H40_G250_RP0000188_CM0000024,0.13980141885197711,0.15262700120973391,CLEAN_REPLAY_RUN_A
KY2017_MATCH_1157,H40_G250_RP0000188_CM0000020,H40_G250_RP0000183_CM0000019,H40_G250_RP0000186_CM0000025,H40_G250_RP0000183_CM0000019,H40_G250_RP0000186_CM0000025,0.11326004516494656,0.1538165000829215,CLEAN_REPLAY_RUN_A
KY2017_MATCH_1158,H40_G250_RP0000188_CM0000021,H40_G250_RP0000188_CM0000027,H40_G250_RP0000218_CM0000034,H40_G250_RP0000218_CM0000034,H40_G250_RP0000188_CM0000027,0.11526859489319886,0.13830539900840713,CLEAN_REPLAY_RUN_A
KY2017_MATCH_1159,H40_G250_RP0000188_CM0000033,H40_G250_RP0000183_CM0000021,H40_G250_RP0000188_CM0000030,H40_G250_RP0000183_CM0000021,H40_G250_RP0000188_CM0000030,0.17715718884197965,0.20128427578252375,CLEAN_REPLAY_RUN_A
KY2017_MATCH_1160,H40_G250_RP0000188_CM0000035,H40_G250_RP0000182_CM0000018,H40_G250_RP0000185_CM0000032,H40_G250_RP0000185_CM0000032,H40_G250_RP0000182_CM0000018,0.10075298655319892,0.1153439801981324,CLEAN_REPLAY_RUN_A
KY2017_MATCH_1161,H40_G250_RP0000188_CM0000049,H40_G250_RP0000187_CM0000042,H40_G250_RP0000189_CM0000048,H40_G250_RP0000187_CM0000042,H40_G250_RP0000189_CM0000048,0.1171624437063621,0.15717558870715456,CLEAN_REPLAY_RUN_A
KY2017_MATCH_1162,H40_G250_RP0000188_CM0000050,H40_G250_RP0000187_CM0000050,H40_G250_RP0000189_CM0000050,H40_G250_RP0000189_CM0000050,H40_G250_RP0000187_CM0000050,0.10153971378857168,0.1045770429054087,CLEAN_REPLAY_RUN_A
KY2017_MATCH_1163,H40_G250_RP0000188_CM0000051,H40_G250_RP0000187_CM0000051,H40_G250_RP0000189_CM0000049,H40_G250_RP0000187_CM0000051,H40_G250_RP0000189_CM0000049,0.12061070937689944,0.12534408450490883,CLEAN_REPLAY_RUN_A
KY2017_MATCH_1164,H40_G250_RP0000188_CM0000052,H40_G250_RP0000193_CM0000054,H40_G250_RP0000213_CM0000053,H40_G250_RP0000193_CM0000054,H40_G250_RP0000213_CM0000053,0.12780831746902546,0.20390671821898795,CLEAN_REPLAY_RUN_A
KY2017_MATCH_1165,H40_G250_RP0000188_CM0000053,H40_G250_RP0000184_CM0000048,H40_G250_RP0000208_CM0000043,H40_G250_RP0000208_CM0000043,H40_G250_RP0000184_CM0000048,0.16623416168690713,0.17012773415402688,CLEAN_REPLAY_RUN_A
KY2017_MATCH_1166,H40_G250_RP0000188_CM0000054,H40_G250_RP0000184_CM0000049,H40_G250_RP0000190_CM0000053,H40_G250_RP0000184_CM0000049,H40_G250_RP0000190_CM0000053,0.17393274565988906,0.21302284066861207,CLEAN_REPLAY_RUN_A
KY2017_MATCH_1167,H40_G250_RP0000188_CM0000055,H40_G250_RP0000187_CM0000055,H40_G250_RP0000210_CM0000042,H40_G250_RP0000210_CM0000042,H40_G250_RP0000187_CM0000055,0.13080301913354961,0.15044673301768879,CLEAN_REPLAY_RUN_A
KY2017_MATCH_1168,H40_G250_RP0000188_CM0000061,H40_G250_RP0000186_CM0000071,H40_G250_RP0000201_CM0000075,H40_G250_RP0000186_CM0000071,H40_G250_RP0000201_CM0000075,0.13467300189304529,0.19289573770420437,CLEAN_REPLAY_RUN_A
KY2017_MATCH_1169,H40_G250_RP0000188_CM0000063,H40_G250_RP0000190_CM0000063,H40_G250_RP0000200_CM0000067,H40_G250_RP0000190_CM0000063,H40_G250_RP0000200_CM0000067,0.10098511986129061,0.11151844148839,CLEAN_REPLAY_RUN_A
KY2017_MATCH_1170,H40_G250_RP0000188_CM0000077,H40_G250_RP0000188_CM0000076,H40_G250_RP0000207_CM0000104,H40_G250_RP0000207_CM0000104,H40_G250_RP0000188_CM0000076,0.11240018879787621,0.17027633431134295,CLEAN_REPLAY_RUN_A
KY2017_MATCH_1171,H40_G250_RP0000188_CM0000088,H40_G250_RP0000187_CM0000087,H40_G250_RP0000194_CM0000098,H40_G250_RP0000187_CM0000087,H40_G250_RP0000194_CM0000098,0.11693457418560542,0.15175663261012096,CLEAN_REPLAY_RUN_A
KY2017_MATCH_1172,H40_G250_RP0000188_CM0000092,H40_G250_RP0000184_CM0000093,H40_G250_RP0000196_CM0000098,H40_G250_RP0000184_CM0000093,H40_G250_RP0000196_CM0000098,0.113616251003511,0.11905685610980535,CLEAN_REPLAY_RUN_A
KY2017_MATCH_1173,H40_G250_RP0000188_CM0000093,H40_G250_RP0000184_CM0000079,H40_G250_RP0000195_CM0000102,H40_G250_RP0000195_CM0000102,H40_G250_RP0000184_CM0000079,0.10944211664817599,0.12595375740384193,CLEAN_REPLAY_RUN_A
KY2017_MATCH_1174,H40_G250_RP0000188_CM0000097,H40_G250_RP0000188_CM0000095,H40_G250_RP0000196_CM0000104,H40_G250_RP0000188_CM0000095,H40_G250_RP0000196_CM0000104,0.08216189245652411,0.084643033385932737,CLEAN_REPLAY_RUN_A
KY2017_MATCH_1175,H40_G250_RP0000188_CM0000122,H40_G250_RP0000186_CM0000118,H40_G250_RP0000187_CM0000116,H40_G250_RP0000186_CM0000118,H40_G250_RP0000187_CM0000116,0.25873415230162694,0.30422939829107176,CLEAN_REPLAY_RUN_A
KY2017_MATCH_1176,H40_G250_RP0000189_CM0000010,H40_G250_RP0000190_CM0000010,H40_G250_RP0000198_CM0000028,H40_G250_RP0000190_CM0000010,H40_G250_RP0000198_CM0000028,0.13600300215399808,0.19154393882530135,CLEAN_REPLAY_RUN_A
KY2017_MATCH_1177,H40_G250_RP0000189_CM0000011,H40_G250_RP0000190_CM0000011,H40_G250_RP0000210_CM0000035,H40_G250_RP0000190_CM0000011,H40_G250_RP0000210_CM0000035,0.10348210430062948,0.15315785928704984,CLEAN_REPLAY_RUN_A
KY2017_MATCH_1178,H40_G250_RP0000189_CM0000012,H40_G250_RP0000193_CM0000020,H40_G250_RP0000194_CM0000023,H40_G250_RP0000193_CM0000020,H40_G250_RP0000194_CM0000023,0.11391563109539976,0.13640900561501054,CLEAN_REPLAY_RUN_A
KY2017_MATCH_1179,H40_G250_RP0000189_CM0000013,H40_G250_RP0000194_CM0000022,H40_G250_RP0000195_CM0000022,H40_G250_RP0000195_CM0000022,H40_G250_RP0000194_CM0000022,0.10759037341031792,0.10987345110899432,CLEAN_REPLAY_RUN_A
KY2017_MATCH_1180,H40_G250_RP0000189_CM0000014,H40_G250_RP0000180_CM0000009,H40_G250_RP0000186_CM0000010,H40_G250_RP0000180_CM0000009,H40_G250_RP0000186_CM0000010,0.13184371317489715,0.15212282983136444,CLEAN_REPLAY_RUN_A
KY2017_MATCH_1181,H40_G250_RP0000189_CM0000015,H40_G250_RP0000183_CM0000012,H40_G250_RP0000187_CM0000016,H40_G250_RP0000187_CM0000016,H40_G250_RP0000183_CM0000012,0.15434414730288457,0.17761957261320399,CLEAN_REPLAY_RUN_A
KY2017_MATCH_1182,H40_G250_RP0000189_CM0000016,H40_G250_RP0000179_CM0000009,H40_G250_RP0000197_CM0000026,H40_G250_RP0000179_CM0000009,H40_G250_RP0000197_CM0000026,0.14414440967895481,0.16530561401976374,CLEAN_REPLAY_RUN_A
KY2017_MATCH_1183,H40_G250_RP0000189_CM0000017,H40_G250_RP0000179_CM0000011,H40_G250_RP0000197_CM0000013,H40_G250_RP0000179_CM0000011,H40_G250_RP0000197_CM0000013,0.13638737997185094,0.17771873947511468,CLEAN_REPLAY_RUN_A
KY2017_MATCH_1184,H40_G250_RP0000189_CM0000018,H40_G250_RP0000195_CM0000023,H40_G250_RP0000211_CM0000035,H40_G250_RP0000195_CM0000023,H40_G250_RP0000211_CM0000035,0.22440824417526276,0.22906958993988336,CLEAN_REPLAY_RUN_A
KY2017_MATCH_1185,H40_G250_RP0000189_CM0000019,H40_G250_RP0000190_CM0000021,H40_G250_RP0000194_CM0000024,H40_G250_RP0000190_CM0000021,H40_G250_RP0000194_CM0000024,0.10162104653869083,0.10352308655652005,CLEAN_REPLAY_RUN_A
KY2017_MATCH_1186,H40_G250_RP0000189_CM0000020,H40_G250_RP0000187_CM0000024,H40_G250_RP0000197_CM0000018,H40_G250_RP0000187_CM0000024,H40_G250_RP0000197_CM0000018,0.12675228857367993,0.15006908946426686,CLEAN_REPLAY_RUN_A
KY2017_MATCH_1187,H40_G250_RP0000189_CM0000023,H40_G250_RP0000182_CM0000017,H40_G250_RP0000188_CM0000022,H40_G250_RP0000188_CM0000022,H40_G250_RP0000182_CM0000017,0.098728960265768786,0.16695057329955787,CLEAN_REPLAY_RUN_A
KY2017_MATCH_1188,H40_G250_RP0000189_CM0000027,H40_G250_RP0000188_CM0000029,H40_G250_RP0000190_CM0000026,H40_G250_RP0000190_CM0000026,H40_G250_RP0000188_CM0000029,0.075421062705760988,0.18650491771647104,CLEAN_REPLAY_RUN_A
KY2017_MATCH_1189,H40_G250_RP0000189_CM0000028,H40_G250_RP0000180_CM0000023,H40_G250_RP0000190_CM0000028,H40_G250_RP0000180_CM0000023,H40_G250_RP0000190_CM0000028,0.27484341050214511,0.47631115939195978,CLEAN_REPLAY_RUN_A
KY2017_MATCH_1190,H40_G250_RP0000189_CM0000040,H40_G250_RP0000190_CM0000040,H40_G250_RP0000194_CM0000056,H40_G250_RP0000190_CM0000040,H40_G250_RP0000194_CM0000056,0.10569305848495475,0.12166196288725194,CLEAN_REPLAY_RUN_A
KY2017_MATCH_1191,H40_G250_RP0000189_CM0000041,H40_G250_RP0000171_CM0000012,H40_G250_RP0000220_CM0000042,H40_G250_RP0000171_CM0000012,H40_G250_RP0000220_CM0000042,0.16550533544711443,0.17847223262631748,CLEAN_REPLAY_RUN_A
KY2017_MATCH_1192,H40_G250_RP0000189_CM0000051,H40_G250_RP0000187_CM0000052,H40_G250_RP0000206_CM0000049,H40_G250_RP0000187_CM0000052,H40_G250_RP0000206_CM0000049,0.13390956027470136,0.21564434559350687,CLEAN_REPLAY_RUN_A
KY2017_MATCH_1193,H40_G250_RP0000189_CM0000052,H40_G250_RP0000165_CM0000015,H40_G250_RP0000173_CM0000031,H40_G250_RP0000165_CM0000015,H40_G250_RP0000173_CM0000031,0.17834174317387311,0.18435576773286325,CLEAN_REPLAY_RUN_A
KY2017_MATCH_1194,H40_G250_RP0000189_CM0000058,H40_G250_RP0000198_CM0000070,H40_G250_RP0000208_CM0000094,H40_G250_RP0000208_CM0000094,H40_G250_RP0000198_CM0000070,0.20189471378743584,0.20933221030778174,CLEAN_REPLAY_RUN_A
KY2017_MATCH_1195,H40_G250_RP0000189_CM0000059,H40_G250_RP0000198_CM0000087,H40_G250_RP0000217_CM0000071,H40_G250_RP0000217_CM0000071,H40_G250_RP0000198_CM0000087,0.16172350332356364,0.17672425192284197,CLEAN_REPLAY_RUN_A
KY2017_MATCH_1196,H40_G250_RP0000189_CM0000060,H40_G250_RP0000194_CM0000072,H40_G250_RP0000207_CM0000109,H40_G250_RP0000207_CM0000109,H40_G250_RP0000194_CM0000072,0.198932419493206,0.21073475332500238,CLEAN_REPLAY_RUN_A
KY2017_MATCH_1197,H40_G250_RP0000189_CM0000061,H40_G250_RP0000188_CM0000060,H40_G250_RP0000207_CM0000081,H40_G250_RP0000188_CM0000060,H40_G250_RP0000207_CM0000081,0.10735328583263958,0.17557596121818161,CLEAN_REPLAY_RUN_A
KY2017_MATCH_1198,H40_G250_RP0000189_CM0000065,H40_G250_RP0000181_CM0000069,H40_G250_RP0000189_CM0000072,H40_G250_RP0000189_CM0000072,H40_G250_RP0000181_CM0000069,0.12845539370579204,0.1390781532584052,CLEAN_REPLAY_RUN_A
KY2017_MATCH_1199,H40_G250_RP0000189_CM0000088,H40_G250_RP0000194_CM0000088,H40_G250_RP0000202_CM0000103,H40_G250_RP0000194_CM0000088,H40_G250_RP0000202_CM0000103,0.12357675341996405,0.2553127811198983,CLEAN_REPLAY_RUN_A
KY2017_MATCH_1200,H40_G250_RP0000189_CM0000093,H40_G250_RP0000195_CM0000103,H40_G250_RP0000205_CM0000105,H40_G250_RP0000195_CM0000103,H40_G250_RP0000205_CM0000105,0.14148635463940473,0.1517103636794358,CLEAN_REPLAY_RUN_A
KY2017_MATCH_1201,H40_G250_RP0000189_CM0000094,H40_G250_RP0000188_CM0000089,H40_G250_RP0000195_CM0000097,H40_G250_RP0000188_CM0000089,H40_G250_RP0000195_CM0000097,0.10089708016422226,0.11649248620160253,CLEAN_REPLAY_RUN_A
KY2017_MATCH_1202,H40_G250_RP0000189_CM0000097,H40_G250_RP0000182_CM0000097,H40_G250_RP0000187_CM0000095,H40_G250_RP0000182_CM0000097,H40_G250_RP0000187_CM0000095,0.10569298430047819,0.12609669206823318,CLEAN_REPLAY_RUN_A
KY2017_MATCH_1203,H40_G250_RP0000189_CM0000122,H40_G250_RP0000189_CM0000121,H40_G250_RP0000189_CM0000123,H40_G250_RP0000189_CM0000121,H40_G250_RP0000189_CM0000123,0.23523014125712952,0.29667214405653364,CLEAN_REPLAY_RUN_A
KY2017_MATCH_1204,H40_G250_RP0000190_CM0000012,H40_G250_RP0000190_CM0000020,H40_G250_RP0000213_CM0000034,H40_G250_RP0000190_CM0000020,H40_G250_RP0000213_CM0000034,0.14228618594840559,0.17150211655571129,CLEAN_REPLAY_RUN_A
KY2017_MATCH_1205,H40_G250_RP0000190_CM0000013,H40_G250_RP0000194_CM0000021,H40_G250_RP0000200_CM0000027,H40_G250_RP0000194_CM0000021,H40_G250_RP0000200_CM0000027,0.14825539206709443,0.17170117823605327,CLEAN_REPLAY_RUN_A
KY2017_MATCH_1206,H40_G250_RP0000190_CM0000014,H40_G250_RP0000192_CM0000014,H40_G250_RP0000197_CM0000034,H40_G250_RP0000192_CM0000014,H40_G250_RP0000197_CM0000034,0.16705667581966233,0.18687130039607125,CLEAN_REPLAY_RUN_A
KY2017_MATCH_1207,H40_G250_RP0000190_CM0000015,H40_G250_RP0000197_CM0000023,H40_G250_RP0000197_CM0000024,H40_G250_RP0000197_CM0000023,H40_G250_RP0000197_CM0000024,0.10580279478470828,0.12666542839230016,CLEAN_REPLAY_RUN_A
KY2017_MATCH_1208,H40_G250_RP0000190_CM0000016,H40_G250_RP0000194_CM0000034,H40_G250_RP0000197_CM0000030,H40_G250_RP0000197_CM0000030,H40_G250_RP0000194_CM0000034,0.14996594762879845,0.1526987573333321,CLEAN_REPLAY_RUN_A
KY2017_MATCH_1209,H40_G250_RP0000190_CM0000018,H40_G250_RP0000190_CM0000017,H40_G250_RP0000195_CM0000024,H40_G250_RP0000190_CM0000017,H40_G250_RP0000195_CM0000024,0.18355394996338509,0.21067039782334299,CLEAN_REPLAY_RUN_A
KY2017_MATCH_1210,H40_G250_RP0000190_CM0000019,H40_G250_RP0000186_CM0000015,H40_G250_RP0000187_CM0000014,H40_G250_RP0000186_CM0000015,H40_G250_RP0000187_CM0000014,0.20257575635584676,0.23890613923712503,CLEAN_REPLAY_RUN_A
KY2017_MATCH_1211,H40_G250_RP0000190_CM0000023,H40_G250_RP0000185_CM0000016,H40_G250_RP0000212_CM0000034,H40_G250_RP0000185_CM0000016,H40_G250_RP0000212_CM0000034,0.15738783683358437,0.21618822040735022,CLEAN_REPLAY_RUN_A
KY2017_MATCH_1212,H40_G250_RP0000190_CM0000024,H40_G250_RP0000190_CM0000025,H40_G250_RP0000193_CM0000037,H40_G250_RP0000190_CM0000025,H40_G250_RP0000193_CM0000037,0.10003274282461493,0.12656047612195992,CLEAN_REPLAY_RUN_A
KY2017_MATCH_1213,H40_G250_RP0000190_CM0000029,H40_G250_RP0000178_CM0000015,H40_G250_RP0000182_CM0000036,H40_G250_RP0000178_CM0000015,H40_G250_RP0000182_CM0000036,0.23200302003636261,0.23579227725050503,CLEAN_REPLAY_RUN_A
KY2017_MATCH_1214,H40_G250_RP0000190_CM0000032,H40_G250_RP0000186_CM0000026,H40_G250_RP0000192_CM0000037,H40_G250_RP0000186_CM0000026,H40_G250_RP0000192_CM0000037,0.11559962036235426,0.12249971068870304,CLEAN_REPLAY_RUN_A
KY2017_MATCH_1215,H40_G250_RP0000190_CM0000033,H40_G250_RP0000189_CM0000034,H40_G250_RP0000191_CM0000027,H40_G250_RP0000191_CM0000027,H40_G250_RP0000189_CM0000034,0.21040039490551329,0.23037559966328736,CLEAN_REPLAY_RUN_A
KY2017_MATCH_1216,H40_G250_RP0000190_CM0000049,H40_G250_RP0000186_CM0000054,H40_G250_RP0000190_CM0000048,H40_G250_RP0000186_CM0000054,H40_G250_RP0000190_CM0000048,0.087325051806533563,0.091248528835911599,CLEAN_REPLAY_RUN_A
KY2017_MATCH_1217,H40_G250_RP0000190_CM0000051,H40_G250_RP0000192_CM0000052,H40_G250_RP0000209_CM0000043,H40_G250_RP0000192_CM0000052,H40_G250_RP0000209_CM0000043,0.12830482483011177,0.17481717641610933,CLEAN_REPLAY_RUN_A
KY2017_MATCH_1218,H40_G250_RP0000190_CM0000052,H40_G250_RP0000190_CM0000055,H40_G250_RP0000192_CM0000055,H40_G250_RP0000190_CM0000055,H40_G250_RP0000192_CM0000055,0.18270000070350279,0.19654157187166807,CLEAN_REPLAY_RUN_A
KY2017_MATCH_1219,H40_G250_RP0000190_CM0000060,H40_G250_RP0000209_CM0000109,H40_G250_RP0000220_CM0000073,H40_G250_RP0000209_CM0000109,H40_G250_RP0000220_CM0000073,0.14150331983782319,0.15881530383794926,CLEAN_REPLAY_RUN_A
KY2017_MATCH_1220,H40_G250_RP0000190_CM0000061,H40_G250_RP0000191_CM0000061,H40_G250_RP0000220_CM0000062,H40_G250_RP0000191_CM0000061,H40_G250_RP0000220_CM0000062,0.087308432664767024,0.13599879187178376,CLEAN_REPLAY_RUN_A
KY2017_MATCH_1221,H40_G250_RP0000190_CM0000064,H40_G250_RP0000192_CM0000063,H40_G250_RP0000197_CM0000067,H40_G250_RP0000197_CM0000067,H40_G250_RP0000192_CM0000063,0.088077572517506253,0.10657669679140183,CLEAN_REPLAY_RUN_A
KY2017_MATCH_1222,H40_G250_RP0000190_CM0000065,H40_G250_RP0000216_CM0000055,H40_G250_RP0000221_CM0000075,H40_G250_RP0000216_CM0000055,H40_G250_RP0000221_CM0000075,0.15219340612277046,0.20908528148097155,CLEAN_REPLAY_RUN_A
KY2017_MATCH_1223,H40_G250_RP0000190_CM0000076,H40_G250_RP0000191_CM0000075,H40_G250_RP0000222_CM0000058,H40_G250_RP0000191_CM0000075,H40_G250_RP0000222_CM0000058,0.11919322824916112,0.19097140735922524,CLEAN_REPLAY_RUN_A
KY2017_MATCH_1224,H40_G250_RP0000190_CM0000080,H40_G250_RP0000190_CM0000069,H40_G250_RP0000253_CM0000040,H40_G250_RP0000190_CM0000069,H40_G250_RP0000253_CM0000040,0.19499369822144919,0.23447192387557986,CLEAN_REPLAY_RUN_A
KY2017_MATCH_1225,H40_G250_RP0000190_CM0000081,H40_G250_RP0000184_CM0000083,H40_G250_RP0000188_CM0000080,H40_G250_RP0000188_CM0000080,H40_G250_RP0000184_CM0000083,0.24711770251736245,0.28162512595816008,CLEAN_REPLAY_RUN_A
KY2017_MATCH_1226,H40_G250_RP0000190_CM0000089,H40_G250_RP0000188_CM0000087,H40_G250_RP0000233_CM0000060,H40_G250_RP0000188_CM0000087,H40_G250_RP0000233_CM0000060,0.25440309458013322,0.29093005622428747,CLEAN_REPLAY_RUN_A
KY2017_MATCH_1227,H40_G250_RP0000190_CM0000090,H40_G250_RP0000186_CM0000079,H40_G250_RP0000191_CM0000090,H40_G250_RP0000191_CM0000090,H40_G250_RP0000186_CM0000079,0.17000790973795554,0.27245833954188398,CLEAN_REPLAY_RUN_A
KY2017_MATCH_1228,H40_G250_RP0000190_CM0000091,H40_G250_RP0000189_CM0000092,H40_G250_RP0000196_CM0000101,H40_G250_RP0000189_CM0000092,H40_G250_RP0000196_CM0000101,0.12985674249144544,0.16155418253472392,CLEAN_REPLAY_RUN_A
KY2017_MATCH_1229,H40_G250_RP0000190_CM0000094,H40_G250_RP0000184_CM0000094,H40_G250_RP0000187_CM0000089,H40_G250_RP0000187_CM0000089,H40_G250_RP0000184_CM0000094,0.11484125771388609,0.16018436843642564,CLEAN_REPLAY_RUN_A
KY2017_MATCH_1230,H40_G250_RP0000190_CM0000110,H40_G250_RP0000189_CM0000111,H40_G250_RP0000190_CM0000111,H40_G250_RP0000190_CM0000111,H40_G250_RP0000189_CM0000111,0.24419943133226163,0.27669988381518618,CLEAN_REPLAY_RUN_A
KY2017_MATCH_1231,H40_G250_RP0000191_CM0000009,H40_G250_RP0000187_CM0000009,H40_G250_RP0000192_CM0000010,H40_G250_RP0000192_CM0000010,H40_G250_RP0000187_CM0000009,0.10313235427914284,0.11173243583138866,CLEAN_REPLAY_RUN_A
KY2017_MATCH_1232,H40_G250_RP0000191_CM0000010,H40_G250_RP0000191_CM0000011,H40_G250_RP0000192_CM0000023,H40_G250_RP0000191_CM0000011,H40_G250_RP0000192_CM0000023,0.081222135347474023,0.10384704330783273,CLEAN_REPLAY_RUN_A
KY2017_MATCH_1233,H40_G250_RP0000191_CM0000014,H40_G250_RP0000192_CM0000017,H40_G250_RP0000196_CM0000020,H40_G250_RP0000192_CM0000017,H40_G250_RP0000196_CM0000020,0.11022909358582375,0.15696464868569129,CLEAN_REPLAY_RUN_A
KY2017_MATCH_1234,H40_G250_RP0000191_CM0000015,H40_G250_RP0000193_CM0000019,H40_G250_RP0000197_CM0000020,H40_G250_RP0000193_CM0000019,H40_G250_RP0000197_CM0000020,0.1301405184625842,0.13740552593082883,CLEAN_REPLAY_RUN_A
KY2017_MATCH_1235,H40_G250_RP0000191_CM0000016,H40_G250_RP0000191_CM0000017,H40_G250_RP0000196_CM0000023,H40_G250_RP0000196_CM0000023,H40_G250_RP0000191_CM0000017,0.11483656581024192,0.15595703732488925,CLEAN_REPLAY_RUN_A
KY2017_MATCH_1236,H40_G250_RP0000191_CM0000018,H40_G250_RP0000186_CM0000014,H40_G250_RP0000192_CM0000021,H40_G250_RP0000192_CM0000021,H40_G250_RP0000186_CM0000014,0.15283202639982998,0.17228178821194959,CLEAN_REPLAY_RUN_A
KY2017_MATCH_1237,H40_G250_RP0000191_CM0000019,H40_G250_RP0000188_CM0000014,H40_G250_RP0000191_CM0000020,H40_G250_RP0000191_CM0000020,H40_G250_RP0000188_CM0000014,0.11717342631876154,0.12274699732227137,CLEAN_REPLAY_RUN_A
KY2017_MATCH_1238,H40_G250_RP0000191_CM0000023,H40_G250_RP0000192_CM0000025,H40_G250_RP0000194_CM0000018,H40_G250_RP0000192_CM0000025,H40_G250_RP0000194_CM0000018,0.11375853445221626,0.19472390720458696,CLEAN_REPLAY_RUN_A
KY2017_MATCH_1239,H40_G250_RP0000191_CM0000024,H40_G250_RP0000194_CM0000012,H40_G250_RP0000194_CM0000026,H40_G250_RP0000194_CM0000026,H40_G250_RP0000194_CM0000012,0.10441672756610458,0.18767668955460848,CLEAN_REPLAY_RUN_A
KY2017_MATCH_1240,H40_G250_RP0000191_CM0000032,H40_G250_RP0000190_CM0000036,H40_G250_RP0000221_CM0000036,H40_G250_RP0000190_CM0000036,H40_G250_RP0000221_CM0000036,0.11997720361772637,0.16646764244008702,CLEAN_REPLAY_RUN_A
KY2017_MATCH_1241,H40_G250_RP0000191_CM0000033,H40_G250_RP0000191_CM0000030,H40_G250_RP0000193_CM0000035,H40_G250_RP0000191_CM0000030,H40_G250_RP0000193_CM0000035,0.10764279493481889,0.11736378440414741,CLEAN_REPLAY_RUN_A
KY2017_MATCH_1242,H40_G250_RP0000191_CM0000049,H40_G250_RP0000167_CM0000018,H40_G250_RP0000175_CM0000020,H40_G250_RP0000167_CM0000018,H40_G250_RP0000175_CM0000020,0.19407270016927919,0.19482431579629644,CLEAN_REPLAY_RUN_A
KY2017_MATCH_1243,H40_G250_RP0000191_CM0000051,H40_G250_RP0000203_CM0000059,H40_G250_RP0000203_CM0000060,H40_G250_RP0000203_CM0000059,H40_G250_RP0000203_CM0000060,0.13566773887737565,0.14487079671698586,CLEAN_REPLAY_RUN_A
KY2017_MATCH_1244,H40_G250_RP0000191_CM0000052,H40_G250_RP0000167_CM0000019,H40_G250_RP0000194_CM0000050,H40_G250_RP0000194_CM0000050,H40_G250_RP0000167_CM0000019,0.18065031263429582,0.25435131880654271,CLEAN_REPLAY_RUN_A
KY2017_MATCH_1245,H40_G250_RP0000191_CM0000053,H40_G250_RP0000170_CM0000017,H40_G250_RP0000197_CM0000041,H40_G250_RP0000197_CM0000041,H40_G250_RP0000170_CM0000017,0.12354427976048625,0.21827851148143035,CLEAN_REPLAY_RUN_A
KY2017_MATCH_1246,H40_G250_RP0000191_CM0000056,H40_G250_RP0000189_CM0000056,H40_G250_RP0000192_CM0000056,H40_G250_RP0000192_CM0000056,H40_G250_RP0000189_CM0000056,0.10121952893846134,0.17882316940041487,CLEAN_REPLAY_RUN_A
KY2017_MATCH_1247,H40_G250_RP0000191_CM0000057,H40_G250_RP0000198_CM0000073,H40_G250_RP0000210_CM0000046,H40_G250_RP0000198_CM0000073,H40_G250_RP0000210_CM0000046,0.07883699416731467,0.14846388365186311,CLEAN_REPLAY_RUN_A
KY2017_MATCH_1248,H40_G250_RP0000191_CM0000059,H40_G250_RP0000184_CM0000065,H40_G250_RP0000198_CM0000067,H40_G250_RP0000184_CM0000065,H40_G250_RP0000198_CM0000067,0.18126721295232467,0.1954946545260044,CLEAN_REPLAY_RUN_A
KY2017_MATCH_1249,H40_G250_RP0000191_CM0000060,H40_G250_RP0000188_CM0000072,H40_G250_RP0000217_CM0000064,H40_G250_RP0000188_CM0000072,H40_G250_RP0000217_CM0000064,0.15056863809350884,0.1637071613968708,CLEAN_REPLAY_RUN_A
KY2017_MATCH_1250,H40_G250_RP0000191_CM0000064,H40_G250_RP0000189_CM0000066,H40_G250_RP0000191_CM0000063,H40_G250_RP0000191_CM0000063,H40_G250_RP0000189_CM0000066,0.12227542163474819,0.1321712795867182,CLEAN_REPLAY_RUN_A
KY2017_MATCH_1251,H40_G250_RP0000191_CM0000076,H40_G250_RP0000197_CM0000084,H40_G250_RP0000198_CM0000084,H40_G250_RP0000197_CM0000084,H40_G250_RP0000198_CM0000084,0.10680912912387744,0.12136527542374052,CLEAN_REPLAY_RUN_A
KY2017_MATCH_1252,H40_G250_RP0000191_CM0000077,H40_G250_RP0000192_CM0000077,H40_G250_RP0000204_CM0000086,H40_G250_RP0000192_CM0000077,H40_G250_RP0000204_CM0000086,0.10540591903912591,0.12915778180913645,CLEAN_REPLAY_RUN_A
KY2017_MATCH_1253,H40_G250_RP0000191_CM0000080,H40_G250_RP0000194_CM0000102,H40_G250_RP0000203_CM0000101,H40_G250_RP0000203_CM0000101,H40_G250_RP0000194_CM0000102,0.10838439532508584,0.12142408819635082,CLEAN_REPLAY_RUN_A
KY2017_MATCH_1254,H40_G250_RP0000191_CM0000081,H40_G250_RP0000188_CM0000086,H40_G250_RP0000193_CM0000098,H40_G250_RP0000188_CM0000086,H40_G250_RP0000193_CM0000098,0.28701495627786061,0.33616256640304598,CLEAN_REPLAY_RUN_A
KY2017_MATCH_1255,H40_G250_RP0000191_CM0000089,H40_G250_RP0000189_CM0000087,H40_G250_RP0000194_CM0000090,H40_G250_RP0000194_CM0000090,H40_G250_RP0000189_CM0000087,0.15045516267787354,0.19166074683188752,CLEAN_REPLAY_RUN_A
KY2017_MATCH_1256,H40_G250_RP0000191_CM0000091,H40_G250_RP0000197_CM0000096,H40_G250_RP0000198_CM0000105,H40_G250_RP0000198_CM0000105,H40_G250_RP0000197_CM0000096,0.095415398401601723,0.10995201657408521,CLEAN_REPLAY_RUN_A
KY2017_MATCH_1257,H40_G250_RP0000191_CM0000110,H40_G250_RP0000189_CM0000105,H40_G250_RP0000191_CM0000109,H40_G250_RP0000189_CM0000105,H40_G250_RP0000191_CM0000109,0.23784248148478793,0.23949737879925484,CLEAN_REPLAY_RUN_A
KY2017_MATCH_1258,H40_G250_RP0000191_CM0000112,H40_G250_RP0000183_CM0000101,H40_G250_RP0000204_CM0000108,H40_G250_RP0000183_CM0000101,H40_G250_RP0000204_CM0000108,0.31949851585268096,0.40495191288324639,CLEAN_REPLAY_RUN_A
KY2017_MATCH_1259,H40_G250_RP0000192_CM0000011,H40_G250_RP0000183_CM0000016,H40_G250_RP0000193_CM0000010,H40_G250_RP0000193_CM0000010,H40_G250_RP0000183_CM0000016,0.14264300242902148,0.1486688553112612,CLEAN_REPLAY_RUN_A
KY2017_MATCH_1260,H40_G250_RP0000192_CM0000012,H40_G250_RP0000185_CM0000029,H40_G250_RP0000197_CM0000019,H40_G250_RP0000197_CM0000019,H40_G250_RP0000185_CM0000029,0.14923938737954184,0.18954972813202867,CLEAN_REPLAY_RUN_A
KY2017_MATCH_1261,H40_G250_RP0000192_CM0000013,H40_G250_RP0000191_CM0000012,H40_G250_RP0000192_CM0000009,H40_G250_RP0000192_CM0000009,H40_G250_RP0000191_CM0000012,0.12574992295876009,0.15994701672874004,CLEAN_REPLAY_RUN_A
KY2017_MATCH_1262,H40_G250_RP0000192_CM0000015,H40_G250_RP0000202_CM0000025,H40_G250_RP0000202_CM0000034,H40_G250_RP0000202_CM0000034,H40_G250_RP0000202_CM0000025,0.18578484513889515,0.21001399097226914,CLEAN_REPLAY_RUN_A
KY2017_MATCH_1263,H40_G250_RP0000192_CM0000016,H40_G250_RP0000201_CM0000025,H40_G250_RP0000204_CM0000034,H40_G250_RP0000204_CM0000034,H40_G250_RP0000201_CM0000025,0.16305554324622895,0.16745601453358483,CLEAN_REPLAY_RUN_A
KY2017_MATCH_1264,H40_G250_RP0000192_CM0000018,H40_G250_RP0000187_CM0000011,H40_G250_RP0000193_CM0000022,H40_G250_RP0000187_CM0000011,H40_G250_RP0000193_CM0000022,0.092644697542338436,0.11800659376858036,CLEAN_REPLAY_RUN_A
KY2017_MATCH_1265,H40_G250_RP0000192_CM0000024,H40_G250_RP0000193_CM0000025,H40_G250_RP0000196_CM0000012,H40_G250_RP0000193_CM0000025,H40_G250_RP0000196_CM0000012,0.079219109194927251,0.12259491455500054,CLEAN_REPLAY_RUN_A
KY2017_MATCH_1266,H40_G250_RP0000192_CM0000027,H40_G250_RP0000192_CM0000028,H40_G250_RP0000196_CM0000015,H40_G250_RP0000192_CM0000028,H40_G250_RP0000196_CM0000015,0.08707597359655965,0.16201288580609813,CLEAN_REPLAY_RUN_A
KY2017_MATCH_1267,H40_G250_RP0000192_CM0000029,H40_G250_RP0000191_CM0000026,H40_G250_RP0000191_CM0000028,H40_G250_RP0000191_CM0000026,H40_G250_RP0000191_CM0000028,0.16822214439598765,0.23613876258350977,CLEAN_REPLAY_RUN_A
KY2017_MATCH_1268,H40_G250_RP0000192_CM0000030,H40_G250_RP0000191_CM0000037,H40_G250_RP0000196_CM0000010,H40_G250_RP0000196_CM0000010,H40_G250_RP0000191_CM0000037,0.13528375651276542,0.13614612031635401,CLEAN_REPLAY_RUN_A
KY2017_MATCH_1269,H40_G250_RP0000192_CM0000031,H40_G250_RP0000188_CM0000025,H40_G250_RP0000192_CM0000032,H40_G250_RP0000192_CM0000032,H40_G250_RP0000188_CM0000025,0.15276729480889392,0.15322059279908429,CLEAN_REPLAY_RUN_A
KY2017_MATCH_1270,H40_G250_RP0000192_CM0000042,H40_G250_RP0000190_CM0000041,H40_G250_RP0000221_CM0000047,H40_G250_RP0000190_CM0000041,H40_G250_RP0000221_CM0000047,0.12759207045218299,0.15584481876310566,CLEAN_REPLAY_RUN_A
KY2017_MATCH_1271,H40_G250_RP0000192_CM0000061,H40_G250_RP0000194_CM0000068,H40_G250_RP0000209_CM0000072,H40_G250_RP0000194_CM0000068,H40_G250_RP0000209_CM0000072,0.08865948575267657,0.12408271716462269,CLEAN_REPLAY_RUN_A
KY2017_MATCH_1272,H40_G250_RP0000192_CM0000070,H40_G250_RP0000189_CM0000057,H40_G250_RP0000196_CM0000077,H40_G250_RP0000189_CM0000057,H40_G250_RP0000196_CM0000077,0.33838780015278996,0.35156866859412989,CLEAN_REPLAY_RUN_A
KY2017_MATCH_1273,H40_G250_RP0000192_CM0000072,H40_G250_RP0000192_CM0000068,H40_G250_RP0000204_CM0000065,H40_G250_RP0000192_CM0000068,H40_G250_RP0000204_CM0000065,0.13822704999590329,0.15525031947441681,CLEAN_REPLAY_RUN_A
KY2017_MATCH_1274,H40_G250_RP0000192_CM0000074,H40_G250_RP0000208_CM0000044,H40_G250_RP0000217_CM0000078,H40_G250_RP0000208_CM0000044,H40_G250_RP0000217_CM0000078,0.14289828644523347,0.17883643459216969,CLEAN_REPLAY_RUN_A
KY2017_MATCH_1275,H40_G250_RP0000192_CM0000075,H40_G250_RP0000192_CM0000073,H40_G250_RP0000222_CM0000046,H40_G250_RP0000192_CM0000073,H40_G250_RP0000222_CM0000046,0.13503453636742599,0.18312759963724295,CLEAN_REPLAY_RUN_A
KY2017_MATCH_1276,H40_G250_RP0000192_CM0000081,H40_G250_RP0000189_CM0000080,H40_G250_RP0000191_CM0000069,H40_G250_RP0000189_CM0000080,H40_G250_RP0000191_CM0000069,0.17692018615160449,0.30602801467827684,CLEAN_REPLAY_RUN_A
KY2017_MATCH_1277,H40_G250_RP0000192_CM0000107,H40_G250_RP0000188_CM0000109,H40_G250_RP0000192_CM0000108,H40_G250_RP0000192_CM0000108,H40_G250_RP0000188_CM0000109,0.14722199513564793,0.23255289149764755,CLEAN_REPLAY_RUN_A
KY2017_MATCH_1278,H40_G250_RP0000192_CM0000111,H40_G250_RP0000193_CM0000111,H40_G250_RP0000196_CM0000107,H40_G250_RP0000193_CM0000111,H40_G250_RP0000196_CM0000107,0.13071980310105033,0.16952698266148847,CLEAN_REPLAY_RUN_A
KY2017_MATCH_1279,H40_G250_RP0000193_CM0000011,H40_G250_RP0000185_CM0000019,H40_G250_RP0000189_CM0000032,H40_G250_RP0000185_CM0000019,H40_G250_RP0000189_CM0000032,0.17858772619574342,0.20951131511261767,CLEAN_REPLAY_RUN_A
KY2017_MATCH_1280,H40_G250_RP0000193_CM0000015,H40_G250_RP0000193_CM0000013,H40_G250_RP0000197_CM0000017,H40_G250_RP0000197_CM0000017,H40_G250_RP0000193_CM0000013,0.14231483940503514,0.167585388945729,CLEAN_REPLAY_RUN_A
KY2017_MATCH_1281,H40_G250_RP0000193_CM0000017,H40_G250_RP0000196_CM0000029,H40_G250_RP0000200_CM0000025,H40_G250_RP0000196_CM0000029,H40_G250_RP0000200_CM0000025,0.09149075590577932,0.15530877307609681,CLEAN_REPLAY_RUN_A
KY2017_MATCH_1282,H40_G250_RP0000193_CM0000018,H40_G250_RP0000190_CM0000022,H40_G250_RP0000198_CM0000030,H40_G250_RP0000190_CM0000022,H40_G250_RP0000198_CM0000030,0.11837383287948408,0.15703028340027175,CLEAN_REPLAY_RUN_A
KY2017_MATCH_1283,H40_G250_RP0000193_CM0000021,H40_G250_RP0000192_CM0000020,H40_G250_RP0000195_CM0000021,H40_G250_RP0000192_CM0000020,H40_G250_RP0000195_CM0000021,0.11216987663043271,0.13636326614040778,CLEAN_REPLAY_RUN_A
KY2017_MATCH_1284,H40_G250_RP0000193_CM0000028,H40_G250_RP0000191_CM0000029,H40_G250_RP0000207_CM0000035,H40_G250_RP0000191_CM0000029,H40_G250_RP0000207_CM0000035,0.17376961036966634,0.19791109100668947,CLEAN_REPLAY_RUN_A
KY2017_MATCH_1285,H40_G250_RP0000193_CM0000029,H40_G250_RP0000178_CM0000012,H40_G250_RP0000194_CM0000013,H40_G250_RP0000178_CM0000012,H40_G250_RP0000194_CM0000013,0.2546999395269619,0.28253472572951666,CLEAN_REPLAY_RUN_A
KY2017_MATCH_1286,H40_G250_RP0000193_CM0000030,H40_G250_RP0000190_CM0000035,H40_G250_RP0000192_CM0000026,H40_G250_RP0000190_CM0000035,H40_G250_RP0000192_CM0000026,0.10135868945725549,0.11803218941268975,CLEAN_REPLAY_RUN_A
KY2017_MATCH_1287,H40_G250_RP0000193_CM0000031,H40_G250_RP0000187_CM0000022,H40_G250_RP0000189_CM0000025,H40_G250_RP0000189_CM0000025,H40_G250_RP0000187_CM0000022,0.08729985772018195,0.12020634704372102,CLEAN_REPLAY_RUN_A
KY2017_MATCH_1288,H40_G250_RP0000193_CM0000040,H40_G250_RP0000197_CM0000042,H40_G250_RP0000219_CM0000055,H40_G250_RP0000219_CM0000055,H40_G250_RP0000197_CM0000042,0.16863732035305712,0.20927887735890915,CLEAN_REPLAY_RUN_A
KY2017_MATCH_1289,H40_G250_RP0000193_CM0000041,H40_G250_RP0000190_CM0000038,H40_G250_RP0000192_CM0000038,H40_G250_RP0000192_CM0000038,H40_G250_RP0000190_CM0000038,0.16744633410008089,0.21605499698852215,CLEAN_REPLAY_RUN_A
KY2017_MATCH_1290,H40_G250_RP0000193_CM0000049,H40_G250_RP0000185_CM0000052,H40_G250_RP0000208_CM0000046,H40_G250_RP0000208_CM0000046,H40_G250_RP0000185_CM0000052,0.1398999220166304,0.14482608874166009,CLEAN_REPLAY_RUN_A
KY2017_MATCH_1291,H40_G250_RP0000193_CM0000051,H40_G250_RP0000182_CM0000048,H40_G250_RP0000192_CM0000049,H40_G250_RP0000192_CM0000049,H40_G250_RP0000182_CM0000048,0.14181191334501661,0.18439110151175575,CLEAN_REPLAY_RUN_A
KY2017_MATCH_1292,H40_G250_RP0000193_CM0000052,H40_G250_RP0000165_CM0000016,H40_G250_RP0000196_CM0000046,H40_G250_RP0000165_CM0000016,H40_G250_RP0000196_CM0000046,0.18975009607044224,0.20306957959719424,CLEAN_REPLAY_RUN_A
KY2017_MATCH_1293,H40_G250_RP0000193_CM0000061,H40_G250_RP0000183_CM0000072,H40_G250_RP0000214_CM0000063,H40_G250_RP0000183_CM0000072,H40_G250_RP0000214_CM0000063,0.13795557185702498,0.15757471909233603,CLEAN_REPLAY_RUN_A
KY2017_MATCH_1294,H40_G250_RP0000193_CM0000062,H40_G250_RP0000200_CM0000068,H40_G250_RP0000221_CM0000073,H40_G250_RP0000200_CM0000068,H40_G250_RP0000221_CM0000073,0.17221702008088541,0.24016006515214794,CLEAN_REPLAY_RUN_A
KY2017_MATCH_1295,H40_G250_RP0000193_CM0000063,H40_G250_RP0000183_CM0000061,H40_G250_RP0000192_CM0000066,H40_G250_RP0000183_CM0000061,H40_G250_RP0000192_CM0000066,0.1540867000032384,0.18582361988076798,CLEAN_REPLAY_RUN_A
KY2017_MATCH_1296,H40_G250_RP0000193_CM0000064,H40_G250_RP0000217_CM0000061,H40_G250_RP0000218_CM0000061,H40_G250_RP0000217_CM0000061,H40_G250_RP0000218_CM0000061,0.1566176294421848,0.20846622687638727,CLEAN_REPLAY_RUN_A
KY2017_MATCH_1297,H40_G250_RP0000193_CM0000072,H40_G250_RP0000196_CM0000043,H40_G250_RP0000196_CM0000051,H40_G250_RP0000196_CM0000051,H40_G250_RP0000196_CM0000043,0.17042649610541588,0.19248691166022244,CLEAN_REPLAY_RUN_A
KY2017_MATCH_1298,H40_G250_RP0000193_CM0000073,H40_G250_RP0000196_CM0000052,H40_G250_RP0000199_CM0000052,H40_G250_RP0000196_CM0000052,H40_G250_RP0000199_CM0000052,0.16824096457575169,0.19461302183314977,CLEAN_REPLAY_RUN_A
KY2017_MATCH_1299,H40_G250_RP0000193_CM0000074,H40_G250_RP0000196_CM0000040,H40_G250_RP0000208_CM0000041,H40_G250_RP0000196_CM0000040,H40_G250_RP0000208_CM0000041,0.29646239849188327,0.29733494738358363,CLEAN_REPLAY_RUN_A
KY2017_MATCH_1300,H40_G250_RP0000193_CM0000075,H40_G250_RP0000189_CM0000054,H40_G250_RP0000193_CM0000076,H40_G250_RP0000193_CM0000076,H40_G250_RP0000189_CM0000054,0.096992429168322153,0.14151930084604386,CLEAN_REPLAY_RUN_A
KY2017_MATCH_1301,H40_G250_RP0000193_CM0000077,H40_G250_RP0000256_CM0000039,H40_G250_RP0000256_CM0000040,H40_G250_RP0000256_CM0000039,H40_G250_RP0000256_CM0000040,0.21076000946192125,0.25083444128377425,CLEAN_REPLAY_RUN_A
KY2017_MATCH_1302,H40_G250_RP0000193_CM0000081,H40_G250_RP0000194_CM0000089,H40_G250_RP0000200_CM0000105,H40_G250_RP0000194_CM0000089,H40_G250_RP0000200_CM0000105,0.23205106874045925,0.25437874862769083,CLEAN_REPLAY_RUN_A
KY2017_MATCH_1303,H40_G250_RP0000193_CM0000082,H40_G250_RP0000193_CM0000083,H40_G250_RP0000193_CM0000089,H40_G250_RP0000193_CM0000083,H40_G250_RP0000193_CM0000089,0.29256569248360176,0.31448235079602638,CLEAN_REPLAY_RUN_A
KY2017_MATCH_1304,H40_G250_RP0000193_CM0000084,H40_G250_RP0000193_CM0000085,H40_G250_RP0000193_CM0000087,H40_G250_RP0000193_CM0000085,H40_G250_RP0000193_CM0000087,0.15391872216812943,0.2003440313113066,CLEAN_REPLAY_RUN_A
KY2017_MATCH_1305,H40_G250_RP0000193_CM0000086,H40_G250_RP0000203_CM0000102,H40_G250_RP0000204_CM0000099,H40_G250_RP0000203_CM0000102,H40_G250_RP0000204_CM0000099,0.31662387969122285,0.42881304755744515,CLEAN_REPLAY_RUN_A
KY2017_MATCH_1306,H40_G250_RP0000194_CM0000011,H40_G250_RP0000194_CM0000010,H40_G250_RP0000195_CM0000010,H40_G250_RP0000194_CM0000010,H40_G250_RP0000195_CM0000010,0.1104122184758974,0.1664799204996027,CLEAN_REPLAY_RUN_A
KY2017_MATCH_1307,H40_G250_RP0000194_CM0000015,H40_G250_RP0000178_CM0000010,H40_G250_RP0000180_CM0000011,H40_G250_RP0000178_CM0000010,H40_G250_RP0000180_CM0000011,0.12030934837858376,0.1458274191485151,CLEAN_REPLAY_RUN_A
KY2017_MATCH_1308,H40_G250_RP0000194_CM0000017,H40_G250_RP0000194_CM0000009,H40_G250_RP0000195_CM0000026,H40_G250_RP0000195_CM0000026,H40_G250_RP0000194_CM0000009,0.13286126080612581,0.16752253623252186,CLEAN_REPLAY_RUN_A
KY2017_MATCH_1309,H40_G250_RP0000194_CM0000020,H40_G250_RP0000192_CM0000022,H40_G250_RP0000196_CM0000019,H40_G250_RP0000192_CM0000022,H40_G250_RP0000196_CM0000019,0.13378970453490224,0.13956365901852316,CLEAN_REPLAY_RUN_A
KY2017_MATCH_1310,H40_G250_RP0000194_CM0000028,H40_G250_RP0000184_CM0000020,H40_G250_RP0000197_CM0000015,H40_G250_RP0000184_CM0000020,H40_G250_RP0000197_CM0000015,0.22013981385472575,0.23437739784521078,CLEAN_REPLAY_RUN_A
KY2017_MATCH_1311,H40_G250_RP0000194_CM0000029,H40_G250_RP0000196_CM0000017,H40_G250_RP0000197_CM0000029,H40_G250_RP0000196_CM0000017,H40_G250_RP0000197_CM0000029,0.10894682868141956,0.14435498654692752,CLEAN_REPLAY_RUN_A
KY2017_MATCH_1312,H40_G250_RP0000194_CM0000030,H40_G250_RP0000191_CM0000025,H40_G250_RP0000191_CM0000035,H40_G250_RP0000191_CM0000025,H40_G250_RP0000191_CM0000035,0.15741322611436726,0.20180513163990194,CLEAN_REPLAY_RUN_A
KY2017_MATCH_1313,H40_G250_RP0000194_CM0000031,H40_G250_RP0000189_CM0000026,H40_G250_RP0000194_CM0000037,H40_G250_RP0000189_CM0000026,H40_G250_RP0000194_CM0000037,0.082855955200124121,0.1260413679333014,CLEAN_REPLAY_RUN_A
KY2017_MATCH_1314,H40_G250_RP0000194_CM0000032,H40_G250_RP0000180_CM0000016,H40_G250_RP0000195_CM0000034,H40_G250_RP0000180_CM0000016,H40_G250_RP0000195_CM0000034,0.11320996764429847,0.11486053621312933,CLEAN_REPLAY_RUN_A
KY2017_MATCH_1315,H40_G250_RP0000194_CM0000036,H40_G250_RP0000194_CM0000019,H40_G250_RP0000208_CM0000034,H40_G250_RP0000208_CM0000034,H40_G250_RP0000194_CM0000019,0.21798079415091631,0.22232740658221839,CLEAN_REPLAY_RUN_A
KY2017_MATCH_1316,H40_G250_RP0000194_CM0000038,H40_G250_RP0000203_CM0000062,H40_G250_RP0000218_CM0000059,H40_G250_RP0000203_CM0000062,H40_G250_RP0000218_CM0000059,0.18154087406357061,0.19352021841208911,CLEAN_REPLAY_RUN_A
KY2017_MATCH_1317,H40_G250_RP0000194_CM0000039,H40_G250_RP0000175_CM0000013,H40_G250_RP0000213_CM0000059,H40_G250_RP0000213_CM0000059,H40_G250_RP0000175_CM0000013,0.17545437949268683,0.19417637872381036,CLEAN_REPLAY_RUN_A
KY2017_MATCH_1318,H40_G250_RP0000194_CM0000042,H40_G250_RP0000191_CM0000040,H40_G250_RP0000213_CM0000073,H40_G250_RP0000191_CM0000040,H40_G250_RP0000213_CM0000073,0.17388718441053747,0.18142861506110169,CLEAN_REPLAY_RUN_A
KY2017_MATCH_1319,H40_G250_RP0000194_CM0000044,H40_G250_RP0000185_CM0000051,H40_G250_RP0000216_CM0000041,H40_G250_RP0000185_CM0000051,H40_G250_RP0000216_CM0000041,0.16725548539940832,0.1858133381236558,CLEAN_REPLAY_RUN_A
KY2017_MATCH_1320,H40_G250_RP0000194_CM0000060,H40_G250_RP0000192_CM0000057,H40_G250_RP0000214_CM0000047,H40_G250_RP0000192_CM0000057,H40_G250_RP0000214_CM0000047,0.12691746585549116,0.15045465893879811,CLEAN_REPLAY_RUN_A
KY2017_MATCH_1321,H40_G250_RP0000194_CM0000061,H40_G250_RP0000188_CM0000065,H40_G250_RP0000194_CM0000069,H40_G250_RP0000194_CM0000069,H40_G250_RP0000188_CM0000065,0.10893636935120947,0.13524365346175446,CLEAN_REPLAY_RUN_A
KY2017_MATCH_1322,H40_G250_RP0000194_CM0000062,H40_G250_RP0000188_CM0000064,H40_G250_RP0000191_CM0000085,H40_G250_RP0000191_CM0000085,H40_G250_RP0000188_CM0000064,0.34085885279810507,0.35585957848825156,CLEAN_REPLAY_RUN_A
KY2017_MATCH_1323,H40_G250_RP0000194_CM0000063,H40_G250_RP0000201_CM0000080,H40_G250_RP0000210_CM0000097,H40_G250_RP0000201_CM0000080,H40_G250_RP0000210_CM0000097,0.15695653908594998,0.18220347448728258,CLEAN_REPLAY_RUN_A
KY2017_MATCH_1324,H40_G250_RP0000194_CM0000074,H40_G250_RP0000171_CM0000021,H40_G250_RP0000196_CM0000042,H40_G250_RP0000196_CM0000042,H40_G250_RP0000171_CM0000021,0.15801325127997343,0.22550494112489852,CLEAN_REPLAY_RUN_A
KY2017_MATCH_1325,H40_G250_RP0000194_CM0000076,H40_G250_RP0000230_CM0000044,H40_G250_RP0000233_CM0000055,H40_G250_RP0000233_CM0000055,H40_G250_RP0000230_CM0000044,0.20178594869630487,0.20463334722567897,CLEAN_REPLAY_RUN_A
KY2017_MATCH_1326,H40_G250_RP0000194_CM0000077,H40_G250_RP0000201_CM0000102,H40_G250_RP0000206_CM0000099,H40_G250_RP0000201_CM0000102,H40_G250_RP0000206_CM0000099,0.20124200298211498,0.20232459796869479,CLEAN_REPLAY_RUN_A
KY2017_MATCH_1327,H40_G250_RP0000194_CM0000081,H40_G250_RP0000189_CM0000089,H40_G250_RP0000202_CM0000110,H40_G250_RP0000202_CM0000110,H40_G250_RP0000189_CM0000089,0.19355211826255125,0.21258321989108184,CLEAN_REPLAY_RUN_A
KY2017_MATCH_1328,H40_G250_RP0000194_CM0000082,H40_G250_RP0000195_CM0000080,H40_G250_RP0000248_CM0000040,H40_G250_RP0000195_CM0000080,H40_G250_RP0000248_CM0000040,0.22098870974916363,0.39314987259031869,CLEAN_REPLAY_RUN_A
KY2017_MATCH_1329,H40_G250_RP0000195_CM0000014,H40_G250_RP0000189_CM0000021,H40_G250_RP0000194_CM0000027,H40_G250_RP0000189_CM0000021,H40_G250_RP0000194_CM0000027,0.18670265412933951,0.21340239064396979,CLEAN_REPLAY_RUN_A
KY2017_MATCH_1330,H40_G250_RP0000195_CM0000015,H40_G250_RP0000194_CM0000016,H40_G250_RP0000197_CM0000011,H40_G250_RP0000194_CM0000016,H40_G250_RP0000197_CM0000011,0.090342133642320577,0.10643905270232698,CLEAN_REPLAY_RUN_A
KY2017_MATCH_1331,H40_G250_RP0000195_CM0000018,H40_G250_RP0000191_CM0000036,H40_G250_RP0000193_CM0000012,H40_G250_RP0000193_CM0000012,H40_G250_RP0000191_CM0000036,0.12816174298351451,0.1695480983147275,CLEAN_REPLAY_RUN_A
KY2017_MATCH_1332,H40_G250_RP0000195_CM0000019,H40_G250_RP0000192_CM0000019,H40_G250_RP0000193_CM0000016,H40_G250_RP0000193_CM0000016,H40_G250_RP0000192_CM0000019,0.12159225541800528,0.12292128953777381,CLEAN_REPLAY_RUN_A
KY2017_MATCH_1333,H40_G250_RP0000195_CM0000020,H40_G250_RP0000180_CM0000015,H40_G250_RP0000187_CM0000012,H40_G250_RP0000187_CM0000012,H40_G250_RP0000180_CM0000015,0.1020741958101361,0.13117818374248694,CLEAN_REPLAY_RUN_A
KY2017_MATCH_1334,H40_G250_RP0000195_CM0000029,H40_G250_RP0000196_CM0000025,H40_G250_RP0000196_CM0000026,H40_G250_RP0000196_CM0000026,H40_G250_RP0000196_CM0000025,0.1023729541968435,0.1280378455098585,CLEAN_REPLAY_RUN_A
KY2017_MATCH_1335,H40_G250_RP0000195_CM0000030,H40_G250_RP0000193_CM0000026,H40_G250_RP0000193_CM0000036,H40_G250_RP0000193_CM0000026,H40_G250_RP0000193_CM0000036,0.090488671251882841,0.11301043475896062,CLEAN_REPLAY_RUN_A
KY2017_MATCH_1336,H40_G250_RP0000195_CM0000031,H40_G250_RP0000195_CM0000028,H40_G250_RP0000196_CM0000028,H40_G250_RP0000195_CM0000028,H40_G250_RP0000196_CM0000028,0.13806219089129296,0.15413652794835839,CLEAN_REPLAY_RUN_A
KY2017_MATCH_1337,H40_G250_RP0000195_CM0000032,H40_G250_RP0000193_CM0000032,H40_G250_RP0000196_CM0000011,H40_G250_RP0000196_CM0000011,H40_G250_RP0000193_CM0000032,0.13019168829642577,0.13753182449343324,CLEAN_REPLAY_RUN_A
KY2017_MATCH_1338,H40_G250_RP0000195_CM0000037,H40_G250_RP0000196_CM0000034,H40_G250_RP0000196_CM0000037,H40_G250_RP0000196_CM0000037,H40_G250_RP0000196_CM0000034,0.15819658806911582,0.21742322528306901,CLEAN_REPLAY_RUN_A
KY2017_MATCH_1339,H40_G250_RP0000195_CM0000038,H40_G250_RP0000206_CM0000041,H40_G250_RP0000222_CM0000037,H40_G250_RP0000206_CM0000041,H40_G250_RP0000222_CM0000037,0.38862924077098121,0.44400294569943022,CLEAN_REPLAY_RUN_A
KY2017_MATCH_1340,H40_G250_RP0000195_CM0000039,H40_G250_RP0000194_CM0000040,H40_G250_RP0000198_CM0000056,H40_G250_RP0000198_CM0000056,H40_G250_RP0000194_CM0000040,0.12375805983167168,0.13939113958924865,CLEAN_REPLAY_RUN_A
KY2017_MATCH_1341,H40_G250_RP0000195_CM0000043,H40_G250_RP0000208_CM0000051,H40_G250_RP0000216_CM0000054,H40_G250_RP0000216_CM0000054,H40_G250_RP0000208_CM0000051,0.093865817845615845,0.10459991115141601,CLEAN_REPLAY_RUN_A
KY2017_MATCH_1342,H40_G250_RP0000195_CM0000044,H40_G250_RP0000219_CM0000040,H40_G250_RP0000219_CM0000057,H40_G250_RP0000219_CM0000057,H40_G250_RP0000219_CM0000040,0.16585085419494019,0.18251535364692306,CLEAN_REPLAY_RUN_A
KY2017_MATCH_1343,H40_G250_RP0000195_CM0000055,H40_G250_RP0000194_CM0000055,H40_G250_RP0000219_CM0000039,H40_G250_RP0000194_CM0000055,H40_G250_RP0000219_CM0000039,0.13266345567949614,0.17902274905439292,CLEAN_REPLAY_RUN_A
KY2017_MATCH_1344,H40_G250_RP0000195_CM0000056,H40_G250_RP0000212_CM0000039,H40_G250_RP0000221_CM0000046,H40_G250_RP0000212_CM0000039,H40_G250_RP0000221_CM0000046,0.15829737273130096,0.1847848254913356,CLEAN_REPLAY_RUN_A
KY2017_MATCH_1345,H40_G250_RP0000195_CM0000060,H40_G250_RP0000187_CM0000038,H40_G250_RP0000188_CM0000058,H40_G250_RP0000188_CM0000058,H40_G250_RP0000187_CM0000038,0.12139948637485069,0.18701137457028746,CLEAN_REPLAY_RUN_A
KY2017_MATCH_1346,H40_G250_RP0000195_CM0000061,H40_G250_RP0000190_CM0000047,H40_G250_RP0000206_CM0000055,H40_G250_RP0000206_CM0000055,H40_G250_RP0000190_CM0000047,0.11703010801689896,0.1221752561622656,CLEAN_REPLAY_RUN_A
KY2017_MATCH_1347,H40_G250_RP0000195_CM0000062,H40_G250_RP0000198_CM0000090,H40_G250_RP0000208_CM0000084,H40_G250_RP0000198_CM0000090,H40_G250_RP0000208_CM0000084,0.31803781772827161,0.32124354429100582,CLEAN_REPLAY_RUN_A
KY2017_MATCH_1348,H40_G250_RP0000195_CM0000063,H40_G250_RP0000201_CM0000072,H40_G250_RP0000209_CM0000097,H40_G250_RP0000201_CM0000072,H40_G250_RP0000209_CM0000097,0.08370957780164362,0.13117805844539029,CLEAN_REPLAY_RUN_A
KY2017_MATCH_1349,H40_G250_RP0000195_CM0000064,H40_G250_RP0000201_CM0000073,H40_G250_RP0000211_CM0000096,H40_G250_RP0000211_CM0000096,H40_G250_RP0000201_CM0000073,0.17276426517181151,0.17330019572923783,CLEAN_REPLAY_RUN_A
KY2017_MATCH_1350,H40_G250_RP0000195_CM0000072,H40_G250_RP0000184_CM0000055,H40_G250_RP0000197_CM0000069,H40_G250_RP0000197_CM0000069,H40_G250_RP0000184_CM0000055,0.13975426190178486,0.15710406457533471,CLEAN_REPLAY_RUN_A
KY2017_MATCH_1351,H40_G250_RP0000195_CM0000073,H40_G250_RP0000186_CM0000063,H40_G250_RP0000195_CM0000074,H40_G250_RP0000195_CM0000074,H40_G250_RP0000186_CM0000063,0.11056933675027433,0.14109805711961176,CLEAN_REPLAY_RUN_A
KY2017_MATCH_1352,H40_G250_RP0000195_CM0000084,H40_G250_RP0000192_CM0000078,H40_G250_RP0000194_CM0000084,H40_G250_RP0000194_CM0000084,H40_G250_RP0000192_CM0000078,0.18027603277314966,0.22809291167106471,CLEAN_REPLAY_RUN_A
KY2017_MATCH_1353,H40_G250_RP0000196_CM0000013,H40_G250_RP0000188_CM0000026,H40_G250_RP0000193_CM0000009,H40_G250_RP0000193_CM0000009,H40_G250_RP0000188_CM0000026,0.11455117696156669,0.12638446643416129,CLEAN_REPLAY_RUN_A
KY2017_MATCH_1354,H40_G250_RP0000196_CM0000014,H40_G250_RP0000189_CM0000009,H40_G250_RP0000213_CM0000037,H40_G250_RP0000189_CM0000009,H40_G250_RP0000213_CM0000037,0.13264827488053688,0.13817567621797744,CLEAN_REPLAY_RUN_A
KY2017_MATCH_1355,H40_G250_RP0000196_CM0000018,H40_G250_RP0000184_CM0000012,H40_G250_RP0000193_CM0000014,H40_G250_RP0000193_CM0000014,H40_G250_RP0000184_CM0000012,0.098076544528590867,0.12610846181309951,CLEAN_REPLAY_RUN_A
KY2017_MATCH_1356,H40_G250_RP0000196_CM0000022,H40_G250_RP0000187_CM0000013,H40_G250_RP0000188_CM0000013,H40_G250_RP0000188_CM0000013,H40_G250_RP0000187_CM0000013,0.10944652896720271,0.11931510753630747,CLEAN_REPLAY_RUN_A
KY2017_MATCH_1357,H40_G250_RP0000196_CM0000027,H40_G250_RP0000190_CM0000009,H40_G250_RP0000195_CM0000009,H40_G250_RP0000195_CM0000009,H40_G250_RP0000190_CM0000009,0.15003720046955135,0.19785775227819491,CLEAN_REPLAY_RUN_A
KY2017_MATCH_1358,H40_G250_RP0000196_CM0000030,H40_G250_RP0000194_CM0000035,H40_G250_RP0000196_CM0000035,H40_G250_RP0000194_CM0000035,H40_G250_RP0000196_CM0000035,0.10958918601581032,0.11277413898638543,CLEAN_REPLAY_RUN_A
KY2017_MATCH_1359,H40_G250_RP0000196_CM0000031,H40_G250_RP0000195_CM0000025,H40_G250_RP0000196_CM0000036,H40_G250_RP0000195_CM0000025,H40_G250_RP0000196_CM0000036,0.17316939617125207,0.18045073567740999,CLEAN_REPLAY_RUN_A
KY2017_MATCH_1360,H40_G250_RP0000196_CM0000032,H40_G250_RP0000199_CM0000028,H40_G250_RP0000202_CM0000037,H40_G250_RP0000202_CM0000037,H40_G250_RP0000199_CM0000028,0.17668403783532366,0.19736266398952407,CLEAN_REPLAY_RUN_A
KY2017_MATCH_1361,H40_G250_RP0000196_CM0000038,H40_G250_RP0000171_CM0000010,H40_G250_RP0000198_CM0000046,H40_G250_RP0000198_CM0000046,H40_G250_RP0000171_CM0000010,0.2537768729435621,0.33702726377276504,CLEAN_REPLAY_RUN_A
KY2017_MATCH_1362,H40_G250_RP0000196_CM0000039,H40_G250_RP0000195_CM0000040,H40_G250_RP0000195_CM0000052,H40_G250_RP0000195_CM0000040,H40_G250_RP0000195_CM0000052,0.10589148055886154,0.18198512481564699,CLEAN_REPLAY_RUN_A
KY2017_MATCH_1363,H40_G250_RP0000196_CM0000055,H40_G250_RP0000176_CM0000016,H40_G250_RP0000213_CM0000052,H40_G250_RP0000213_CM0000052,H40_G250_RP0000176_CM0000016,0.15216756840629697,0.16956536762590563,CLEAN_REPLAY_RUN_A
KY2017_MATCH_1364,H40_G250_RP0000196_CM0000056,H40_G250_RP0000211_CM0000044,H40_G250_RP0000221_CM0000043,H40_G250_RP0000211_CM0000044,H40_G250_RP0000221_CM0000043,0.15657841909887799,0.16751477746855964,CLEAN_REPLAY_RUN_A
KY2017_MATCH_1365,H40_G250_RP0000196_CM0000057,H40_G250_RP0000179_CM0000049,H40_G250_RP0000207_CM0000045,H40_G250_RP0000207_CM0000045,H40_G250_RP0000179_CM0000049,0.14285620546984776,0.1658157395378031,CLEAN_REPLAY_RUN_A
KY2017_MATCH_1366,H40_G250_RP0000196_CM0000060,H40_G250_RP0000193_CM0000058,H40_G250_RP0000214_CM0000049,H40_G250_RP0000193_CM0000058,H40_G250_RP0000214_CM0000049,0.16432304810880016,0.22351354321396399,CLEAN_REPLAY_RUN_A
KY2017_MATCH_1367,H40_G250_RP0000196_CM0000061,H40_G250_RP0000190_CM0000043,H40_G250_RP0000215_CM0000050,H40_G250_RP0000190_CM0000043,H40_G250_RP0000215_CM0000050,0.11057432064861197,0.12144936729565398,CLEAN_REPLAY_RUN_A
KY2017_MATCH_1368,H40_G250_RP0000196_CM0000062,H40_G250_RP0000198_CM0000065,H40_G250_RP0000203_CM0000065,H40_G250_RP0000198_CM0000065,H40_G250_RP0000203_CM0000065,0.12690432601945886,0.14663877090370916,CLEAN_REPLAY_RUN_A
KY2017_MATCH_1369,H40_G250_RP0000196_CM0000063,H40_G250_RP0000193_CM0000067,H40_G250_RP0000207_CM0000075,H40_G250_RP0000193_CM0000067,H40_G250_RP0000207_CM0000075,0.11762233776771583,0.17444719119082355,CLEAN_REPLAY_RUN_A
KY2017_MATCH_1370,H40_G250_RP0000196_CM0000064,H40_G250_RP0000193_CM0000066,H40_G250_RP0000209_CM0000075,H40_G250_RP0000209_CM0000075,H40_G250_RP0000193_CM0000066,0.17248825850127197,0.17315713291559079,CLEAN_REPLAY_RUN_A
KY2017_MATCH_1371,H40_G250_RP0000196_CM0000065,H40_G250_RP0000194_CM0000064,H40_G250_RP0000215_CM0000061,H40_G250_RP0000215_CM0000061,H40_G250_RP0000194_CM0000064,0.13856347705414415,0.14467357650435267,CLEAN_REPLAY_RUN_A
KY2017_MATCH_1372,H40_G250_RP0000196_CM0000066,H40_G250_RP0000189_CM0000064,H40_G250_RP0000216_CM0000064,H40_G250_RP0000189_CM0000064,H40_G250_RP0000216_CM0000064,0.086609650590975473,0.11930303167265341,CLEAN_REPLAY_RUN_A
KY2017_MATCH_1373,H40_G250_RP0000196_CM0000072,H40_G250_RP0000197_CM0000076,H40_G250_RP0000203_CM0000077,H40_G250_RP0000197_CM0000076,H40_G250_RP0000203_CM0000077,0.24264188047694776,0.28082419064996539,CLEAN_REPLAY_RUN_A
KY2017_MATCH_1374,H40_G250_RP0000196_CM0000073,H40_G250_RP0000193_CM0000094,H40_G250_RP0000194_CM0000071,H40_G250_RP0000194_CM0000071,H40_G250_RP0000193_CM0000094,0.265731647617102,0.2845202287087446,CLEAN_REPLAY_RUN_A
KY2017_MATCH_1375,H40_G250_RP0000196_CM0000074,H40_G250_RP0000188_CM0000068,H40_G250_RP0000191_CM0000070,H40_G250_RP0000188_CM0000068,H40_G250_RP0000191_CM0000070,0.14588661772737394,0.15969872009576072,CLEAN_REPLAY_RUN_A
KY2017_MATCH_1376,H40_G250_RP0000197_CM0000012,H40_G250_RP0000179_CM0000019,H40_G250_RP0000195_CM0000016,H40_G250_RP0000195_CM0000016,H40_G250_RP0000179_CM0000019,0.11094513938413808,0.11949052246673822,CLEAN_REPLAY_RUN_A
KY2017_MATCH_1377,H40_G250_RP0000197_CM0000022,H40_G250_RP0000196_CM0000021,H40_G250_RP0000197_CM0000021,H40_G250_RP0000197_CM0000021,H40_G250_RP0000196_CM0000021,0.08861482446922346,0.14165398082541675,CLEAN_REPLAY_RUN_A
KY2017_MATCH_1378,H40_G250_RP0000197_CM0000027,H40_G250_RP0000195_CM0000012,H40_G250_RP0000209_CM0000035,H40_G250_RP0000195_CM0000012,H40_G250_RP0000209_CM0000035,0.11315797014321127,0.15164088719734611,CLEAN_REPLAY_RUN_A
KY2017_MATCH_1379,H40_G250_RP0000197_CM0000031,H40_G250_RP0000200_CM0000029,H40_G250_RP0000201_CM0000036,H40_G250_RP0000200_CM0000029,H40_G250_RP0000201_CM0000036,0.13461000670452278,0.14198115819620002,CLEAN_REPLAY_RUN_A
KY2017_MATCH_1380,H40_G250_RP0000197_CM0000032,H40_G250_RP0000193_CM0000024,H40_G250_RP0000204_CM0000037,H40_G250_RP0000193_CM0000024,H40_G250_RP0000204_CM0000037,0.26023417772678392,0.30059745389574494,CLEAN_REPLAY_RUN_A
KY2017_MATCH_1381,H40_G250_RP0000197_CM0000039,H40_G250_RP0000199_CM0000039,H40_G250_RP0000200_CM0000046,H40_G250_RP0000199_CM0000039,H40_G250_RP0000200_CM0000046,0.1399077338447271,0.14798648972882256,CLEAN_REPLAY_RUN_A
KY2017_MATCH_1382,H40_G250_RP0000197_CM0000043,H40_G250_RP0000192_CM0000039,H40_G250_RP0000197_CM0000045,H40_G250_RP0000197_CM0000045,H40_G250_RP0000192_CM0000039,0.12851987045753532,0.16264353716361762,CLEAN_REPLAY_RUN_A
KY2017_MATCH_1383,H40_G250_RP0000197_CM0000044,H40_G250_RP0000218_CM0000057,H40_G250_RP0000220_CM0000056,H40_G250_RP0000220_CM0000056,H40_G250_RP0000218_CM0000057,0.27393201393646371,0.31384611662644057,CLEAN_REPLAY_RUN_A
KY2017_MATCH_1384,H40_G250_RP0000197_CM0000046,H40_G250_RP0000196_CM0000048,H40_G250_RP0000205_CM0000042,H40_G250_RP0000196_CM0000048,H40_G250_RP0000205_CM0000042,0.13670123587569688,0.13771179359102398,CLEAN_REPLAY_RUN_A
KY2017_MATCH_1385,H40_G250_RP0000197_CM0000047,H40_G250_RP0000197_CM0000048,H40_G250_RP0000210_CM0000043,H40_G250_RP0000197_CM0000048,H40_G250_RP0000210_CM0000043,0.12667110644453522,0.17358839045565513,CLEAN_REPLAY_RUN_A
KY2017_MATCH_1386,H40_G250_RP0000197_CM0000050,H40_G250_RP0000197_CM0000049,H40_G250_RP0000208_CM0000060,H40_G250_RP0000197_CM0000049,H40_G250_RP0000208_CM0000060,0.18266794047558416,0.21828308996599749,CLEAN_REPLAY_RUN_A
KY2017_MATCH_1387,H40_G250_RP0000197_CM0000056,H40_G250_RP0000215_CM0000058,H40_G250_RP0000221_CM0000054,H40_G250_RP0000215_CM0000058,H40_G250_RP0000221_CM0000054,0.14801155942859204,0.19727830543678038,CLEAN_REPLAY_RUN_A
KY2017_MATCH_1388,H40_G250_RP0000197_CM0000059,H40_G250_RP0000185_CM0000038,H40_G250_RP0000194_CM0000058,H40_G250_RP0000194_CM0000058,H40_G250_RP0000185_CM0000038,0.12038381376648349,0.16333421078804594,CLEAN_REPLAY_RUN_A
KY2017_MATCH_1389,H40_G250_RP0000197_CM0000061,H40_G250_RP0000193_CM0000046,H40_G250_RP0000196_CM0000059,H40_G250_RP0000196_CM0000059,H40_G250_RP0000193_CM0000046,0.15251307770535849,0.15725379902485939,CLEAN_REPLAY_RUN_A
KY2017_MATCH_1390,H40_G250_RP0000197_CM0000062,H40_G250_RP0000195_CM0000054,H40_G250_RP0000211_CM0000042,H40_G250_RP0000211_CM0000042,H40_G250_RP0000195_CM0000054,0.13702675007371704,0.15252369128103149,CLEAN_REPLAY_RUN_A
KY2017_MATCH_1391,H40_G250_RP0000197_CM0000063,H40_G250_RP0000186_CM0000060,H40_G250_RP0000187_CM0000070,H40_G250_RP0000186_CM0000060,H40_G250_RP0000187_CM0000070,0.11489082051731196,0.12071603336294907,CLEAN_REPLAY_RUN_A
KY2017_MATCH_1392,H40_G250_RP0000197_CM0000064,H40_G250_RP0000198_CM0000064,H40_G250_RP0000209_CM0000074,H40_G250_RP0000198_CM0000064,H40_G250_RP0000209_CM0000074,0.11978226009898867,0.14184124170724577,CLEAN_REPLAY_RUN_A
KY2017_MATCH_1393,H40_G250_RP0000197_CM0000070,H40_G250_RP0000207_CM0000101,H40_G250_RP0000218_CM0000073,H40_G250_RP0000207_CM0000101,H40_G250_RP0000218_CM0000073,0.19721194866440803,0.20003407253825106,CLEAN_REPLAY_RUN_A
KY2017_MATCH_1394,H40_G250_RP0000197_CM0000071,H40_G250_RP0000186_CM0000067,H40_G250_RP0000190_CM0000078,H40_G250_RP0000190_CM0000078,H40_G250_RP0000186_CM0000067,0.14428290928878448,0.1474530627149846,CLEAN_REPLAY_RUN_A
KY2017_MATCH_1395,H40_G250_RP0000197_CM0000072,H40_G250_RP0000198_CM0000074,H40_G250_RP0000207_CM0000107,H40_G250_RP0000198_CM0000074,H40_G250_RP0000207_CM0000107,0.082639274770176102,0.17282714673005445,CLEAN_REPLAY_RUN_A
KY2017_MATCH_1396,H40_G250_RP0000197_CM0000074,H40_G250_RP0000188_CM0000057,H40_G250_RP0000196_CM0000079,H40_G250_RP0000188_CM0000057,H40_G250_RP0000196_CM0000079,0.28242692988611134,0.37117212558510199,CLEAN_REPLAY_RUN_A
KY2017_MATCH_1397,H40_G250_RP0000197_CM0000077,H40_G250_RP0000196_CM0000075,H40_G250_RP0000250_CM0000040,H40_G250_RP0000196_CM0000075,H40_G250_RP0000250_CM0000040,0.16509341941805844,0.29768232023717622,CLEAN_REPLAY_RUN_A
KY2017_MATCH_1398,H40_G250_RP0000197_CM0000087,H40_G250_RP0000196_CM0000087,H40_G250_RP0000197_CM0000085,H40_G250_RP0000196_CM0000087,H40_G250_RP0000197_CM0000085,0.10805135472083303,0.11087948517637865,CLEAN_REPLAY_RUN_A
KY2017_MATCH_1399,H40_G250_RP0000198_CM0000031,H40_G250_RP0000196_CM0000033,H40_G250_RP0000204_CM0000035,H40_G250_RP0000196_CM0000033,H40_G250_RP0000204_CM0000035,0.095014301349410454,0.10035045694850414,CLEAN_REPLAY_RUN_A
KY2017_MATCH_1400,H40_G250_RP0000198_CM0000032,H40_G250_RP0000197_CM0000035,H40_G250_RP0000204_CM0000036,H40_G250_RP0000197_CM0000035,H40_G250_RP0000204_CM0000036,0.20047716852889574,0.27729154506318143,CLEAN_REPLAY_RUN_A
KY2017_MATCH_1401,H40_G250_RP0000198_CM0000033,H40_G250_RP0000198_CM0000034,H40_G250_RP0000199_CM0000032,H40_G250_RP0000199_CM0000032,H40_G250_RP0000198_CM0000034,0.24523865649254767,0.32415736187166033,CLEAN_REPLAY_RUN_A
KY2017_MATCH_1402,H40_G250_RP0000198_CM0000043,H40_G250_RP0000196_CM0000044,H40_G250_RP0000198_CM0000042,H40_G250_RP0000198_CM0000042,H40_G250_RP0000196_CM0000044,0.088973906409439474,0.31793188041385401,CLEAN_REPLAY_RUN_A
KY2017_MATCH_1403,H40_G250_RP0000198_CM0000050,H40_G250_RP0000195_CM0000051,H40_G250_RP0000196_CM0000053,H40_G250_RP0000196_CM0000053,H40_G250_RP0000195_CM0000051,0.15423457573658952,0.16492517045940447,CLEAN_REPLAY_RUN_A
KY2017_MATCH_1404,H40_G250_RP0000198_CM0000051,H40_G250_RP0000194_CM0000075,H40_G250_RP0000199_CM0000044,H40_G250_RP0000199_CM0000044,H40_G250_RP0000194_CM0000075,0.13916534442871301,0.15225792411668498,CLEAN_REPLAY_RUN_A
KY2017_MATCH_1405,H40_G250_RP0000198_CM0000052,H40_G250_RP0000199_CM0000047,H40_G250_RP0000199_CM0000048,H40_G250_RP0000199_CM0000048,H40_G250_RP0000199_CM0000047,0.11876041294622526,0.12156940931980581,CLEAN_REPLAY_RUN_A
KY2017_MATCH_1406,H40_G250_RP0000198_CM0000059,H40_G250_RP0000197_CM0000058,H40_G250_RP0000218_CM0000041,H40_G250_RP0000197_CM0000058,H40_G250_RP0000218_CM0000041,0.12821720165461728,0.15435023603645556,CLEAN_REPLAY_RUN_A
KY2017_MATCH_1407,H40_G250_RP0000198_CM0000060,H40_G250_RP0000193_CM0000057,H40_G250_RP0000219_CM0000041,H40_G250_RP0000193_CM0000057,H40_G250_RP0000219_CM0000041,0.15796043174342581,0.19751852314102744,CLEAN_REPLAY_RUN_A
KY2017_MATCH_1408,H40_G250_RP0000198_CM0000061,H40_G250_RP0000201_CM0000063,H40_G250_RP0000217_CM0000075,H40_G250_RP0000201_CM0000063,H40_G250_RP0000217_CM0000075,0.20854451254837106,0.25686906562896256,CLEAN_REPLAY_RUN_A
KY2017_MATCH_1409,H40_G250_RP0000198_CM0000062,H40_G250_RP0000189_CM0000045,H40_G250_RP0000207_CM0000049,H40_G250_RP0000207_CM0000049,H40_G250_RP0000189_CM0000045,0.11013737096404838,0.13696625603088713,CLEAN_REPLAY_RUN_A
KY2017_MATCH_1410,H40_G250_RP0000198_CM0000063,H40_G250_RP0000187_CM0000069,H40_G250_RP0000221_CM0000064,H40_G250_RP0000187_CM0000069,H40_G250_RP0000221_CM0000064,0.14626925760758847,0.17192675788013168,CLEAN_REPLAY_RUN_A
KY2017_MATCH_1411,H40_G250_RP0000198_CM0000069,H40_G250_RP0000190_CM0000066,H40_G250_RP0000206_CM0000101,H40_G250_RP0000190_CM0000066,H40_G250_RP0000206_CM0000101,0.22903733343175758,0.25856532365697693,CLEAN_REPLAY_RUN_A
KY2017_MATCH_1412,H40_G250_RP0000198_CM0000075,H40_G250_RP0000199_CM0000075,H40_G250_RP0000210_CM0000109,H40_G250_RP0000199_CM0000075,H40_G250_RP0000210_CM0000109,0.13184479045441355,0.17036568502838734,CLEAN_REPLAY_RUN_A
KY2017_MATCH_1413,H40_G250_RP0000198_CM0000077,H40_G250_RP0000201_CM0000093,H40_G250_RP0000242_CM0000045,H40_G250_RP0000201_CM0000093,H40_G250_RP0000242_CM0000045,0.36807080733723546,0.39920974489824546,CLEAN_REPLAY_RUN_A
KY2017_MATCH_1414,H40_G250_RP0000198_CM0000078,H40_G250_RP0000197_CM0000079,H40_G250_RP0000206_CM0000102,H40_G250_RP0000206_CM0000102,H40_G250_RP0000197_CM0000079,0.14505229559163835,0.16088261658417868,CLEAN_REPLAY_RUN_A
KY2017_MATCH_1415,H40_G250_RP0000198_CM0000079,H40_G250_RP0000196_CM0000081,H40_G250_RP0000197_CM0000081,H40_G250_RP0000197_CM0000081,H40_G250_RP0000196_CM0000081,0.11931438148804774,0.16021061063582651,CLEAN_REPLAY_RUN_A
KY2017_MATCH_1416,H40_G250_RP0000198_CM0000080,H40_G250_RP0000194_CM0000078,H40_G250_RP0000206_CM0000109,H40_G250_RP0000194_CM0000078,H40_G250_RP0000206_CM0000109,0.12644887327163432,0.13925422996590195,CLEAN_REPLAY_RUN_A
KY2017_MATCH_1417,H40_G250_RP0000198_CM0000081,H40_G250_RP0000197_CM0000086,H40_G250_RP0000198_CM0000086,H40_G250_RP0000197_CM0000086,H40_G250_RP0000198_CM0000086,0.12764657088214454,0.15579272167269845,CLEAN_REPLAY_RUN_A
KY2017_MATCH_1418,H40_G250_RP0000198_CM0000082,H40_G250_RP0000199_CM0000082,H40_G250_RP0000199_CM0000085,H40_G250_RP0000199_CM0000085,H40_G250_RP0000199_CM0000082,0.15040286097815458,0.16021297070519305,CLEAN_REPLAY_RUN_A
KY2017_MATCH_1419,H40_G250_RP0000198_CM0000083,H40_G250_RP0000197_CM0000099,H40_G250_RP0000208_CM0000097,H40_G250_RP0000197_CM0000099,H40_G250_RP0000208_CM0000097,0.17141923632438377,0.18937418956262272,CLEAN_REPLAY_RUN_A
KY2017_MATCH_1420,H40_G250_RP0000199_CM0000030,H40_G250_RP0000199_CM0000029,H40_G250_RP0000202_CM0000035,H40_G250_RP0000202_CM0000035,H40_G250_RP0000199_CM0000029,0.16324226280739018,0.17058868135920785,CLEAN_REPLAY_RUN_A
KY2017_MATCH_1421,H40_G250_RP0000199_CM0000043,H40_G250_RP0000198_CM0000040,H40_G250_RP0000198_CM0000045,H40_G250_RP0000198_CM0000045,H40_G250_RP0000198_CM0000040,0.12268350463176493,0.138858826454475,CLEAN_REPLAY_RUN_A
KY2017_MATCH_1422,H40_G250_RP0000199_CM0000051,H40_G250_RP0000189_CM0000053,H40_G250_RP0000200_CM0000047,H40_G250_RP0000200_CM0000047,H40_G250_RP0000189_CM0000053,0.11324515526405055,0.20752707809951168,CLEAN_REPLAY_RUN_A
KY2017_MATCH_1423,H40_G250_RP0000199_CM0000053,H40_G250_RP0000207_CM0000041,H40_G250_RP0000207_CM0000042,H40_G250_RP0000207_CM0000041,H40_G250_RP0000207_CM0000042,0.21655228079513045,0.21770604507559296,CLEAN_REPLAY_RUN_A
KY2017_MATCH_1424,H40_G250_RP0000199_CM0000054,H40_G250_RP0000197_CM0000051,H40_G250_RP0000197_CM0000053,H40_G250_RP0000197_CM0000051,H40_G250_RP0000197_CM0000053,0.090424432311581315,0.11990685370506593,CLEAN_REPLAY_RUN_A
KY2017_MATCH_1425,H40_G250_RP0000199_CM0000059,H40_G250_RP0000191_CM0000065,H40_G250_RP0000233_CM0000034,H40_G250_RP0000191_CM0000065,H40_G250_RP0000233_CM0000034,0.16630200004673668,0.270502174939724,CLEAN_REPLAY_RUN_A
KY2017_MATCH_1426,H40_G250_RP0000199_CM0000060,H40_G250_RP0000191_CM0000046,H40_G250_RP0000196_CM0000058,H40_G250_RP0000191_CM0000046,H40_G250_RP0000196_CM0000058,0.15469381410824781,0.16028574634398901,CLEAN_REPLAY_RUN_A
KY2017_MATCH_1427,H40_G250_RP0000199_CM0000061,H40_G250_RP0000208_CM0000050,H40_G250_RP0000220_CM0000041,H40_G250_RP0000208_CM0000050,H40_G250_RP0000220_CM0000041,0.20481689440167444,0.2068750059732806,CLEAN_REPLAY_RUN_A
KY2017_MATCH_1428,H40_G250_RP0000199_CM0000063,H40_G250_RP0000165_CM0000011,H40_G250_RP0000193_CM0000042,H40_G250_RP0000193_CM0000042,H40_G250_RP0000165_CM0000011,0.1364367702424133,0.19135661528748668,CLEAN_REPLAY_RUN_A
KY2017_MATCH_1429,H40_G250_RP0000199_CM0000064,H40_G250_RP0000187_CM0000063,H40_G250_RP0000187_CM0000064,H40_G250_RP0000187_CM0000064,H40_G250_RP0000187_CM0000063,0.09335230583123362,0.10344756829280619,CLEAN_REPLAY_RUN_A
KY2017_MATCH_1430,H40_G250_RP0000199_CM0000069,H40_G250_RP0000199_CM0000068,H40_G250_RP0000213_CM0000061,H40_G250_RP0000199_CM0000068,H40_G250_RP0000213_CM0000061,0.18790138660895231,0.20567477344181209,CLEAN_REPLAY_RUN_A
KY2017_MATCH_1431,H40_G250_RP0000199_CM0000070,H40_G250_RP0000191_CM0000067,H40_G250_RP0000198_CM0000071,H40_G250_RP0000198_CM0000071,H40_G250_RP0000191_CM0000067,0.13883388170682681,0.1526386723383602,CLEAN_REPLAY_RUN_A
KY2017_MATCH_1432,H40_G250_RP0000199_CM0000072,H40_G250_RP0000190_CM0000071,H40_G250_RP0000198_CM0000072,H40_G250_RP0000198_CM0000072,H40_G250_RP0000190_CM0000071,0.12186165350627517,0.17177510180771166,CLEAN_REPLAY_RUN_A
KY2017_MATCH_1433,H40_G250_RP0000199_CM0000073,H40_G250_RP0000211_CM0000046,H40_G250_RP0000219_CM0000068,H40_G250_RP0000211_CM0000046,H40_G250_RP0000219_CM0000068,0.15953886765679237,0.19382243115633618,CLEAN_REPLAY_RUN_A
KY2017_MATCH_1434,H40_G250_RP0000199_CM0000074,H40_G250_RP0000196_CM0000068,H40_G250_RP0000208_CM0000111,H40_G250_RP0000196_CM0000068,H40_G250_RP0000208_CM0000111,0.11530010812998101,0.16520540352165486,CLEAN_REPLAY_RUN_A
KY2017_MATCH_1435,H40_G250_RP0000199_CM0000076,H40_G250_RP0000204_CM0000100,H40_G250_RP0000207_CM0000096,H40_G250_RP0000204_CM0000100,H40_G250_RP0000207_CM0000096,0.16178680834127701,0.17877968790249277,CLEAN_REPLAY_RUN_A
KY2017_MATCH_1436,H40_G250_RP0000199_CM0000077,H40_G250_RP0000205_CM0000107,H40_G250_RP0000208_CM0000086,H40_G250_RP0000205_CM0000107,H40_G250_RP0000208_CM0000086,0.34974591955796785,0.44447821566111739,CLEAN_REPLAY_RUN_A
KY2017_MATCH_1437,H40_G250_RP0000199_CM0000078,H40_G250_RP0000206_CM0000103,H40_G250_RP0000212_CM0000092,H40_G250_RP0000212_CM0000092,H40_G250_RP0000206_CM0000103,0.28526440234981859,0.30446474604629065,CLEAN_REPLAY_RUN_A
KY2017_MATCH_1438,H40_G250_RP0000199_CM0000079,H40_G250_RP0000197_CM0000094,H40_G250_RP0000198_CM0000085,H40_G250_RP0000198_CM0000085,H40_G250_RP0000197_CM0000094,0.12885616503767316,0.17873717057601463,CLEAN_REPLAY_RUN_A
KY2017_MATCH_1439,H40_G250_RP0000199_CM0000080,H40_G250_RP0000197_CM0000089,H40_G250_RP0000198_CM0000089,H40_G250_RP0000198_CM0000089,H40_G250_RP0000197_CM0000089,0.13742481086877328,0.16261916675622584,CLEAN_REPLAY_RUN_A
KY2017_MATCH_1440,H40_G250_RP0000199_CM0000081,H40_G250_RP0000197_CM0000083,H40_G250_RP0000199_CM0000086,H40_G250_RP0000199_CM0000086,H40_G250_RP0000197_CM0000083,0.092925596024292872,0.12150206779857467,CLEAN_REPLAY_RUN_A
KY2017_MATCH_1441,H40_G250_RP0000199_CM0000083,H40_G250_RP0000198_CM0000098,H40_G250_RP0000200_CM0000081,H40_G250_RP0000200_CM0000081,H40_G250_RP0000198_CM0000098,0.24457820441492156,0.25748795073841046,CLEAN_REPLAY_RUN_A
KY2017_MATCH_1442,H40_G250_RP0000199_CM0000092,H40_G250_RP0000198_CM0000092,H40_G250_RP0000207_CM0000106,H40_G250_RP0000198_CM0000092,H40_G250_RP0000207_CM0000106,0.14926062549782115,0.1646867653824966,CLEAN_REPLAY_RUN_A
KY2017_MATCH_1443,H40_G250_RP0000199_CM0000095,H40_G250_RP0000183_CM0000089,H40_G250_RP0000199_CM0000096,H40_G250_RP0000183_CM0000089,H40_G250_RP0000199_CM0000096,0.11843410665953168,0.15181113559214279,CLEAN_REPLAY_RUN_A
KY2017_MATCH_1444,H40_G250_RP0000200_CM0000030,H40_G250_RP0000201_CM0000034,H40_G250_RP0000201_CM0000035,H40_G250_RP0000201_CM0000034,H40_G250_RP0000201_CM0000035,0.14362513601745455,0.15876681401374687,CLEAN_REPLAY_RUN_A
KY2017_MATCH_1445,H40_G250_RP0000200_CM0000042,H40_G250_RP0000200_CM0000039,H40_G250_RP0000200_CM0000045,H40_G250_RP0000200_CM0000039,H40_G250_RP0000200_CM0000045,0.16246286777622754,0.17909468521234878,CLEAN_REPLAY_RUN_A
KY2017_MATCH_1446,H40_G250_RP0000200_CM0000043,H40_G250_RP0000206_CM0000043,H40_G250_RP0000224_CM0000073,H40_G250_RP0000206_CM0000043,H40_G250_RP0000224_CM0000073,0.187550369475878,0.24029845384334991,CLEAN_REPLAY_RUN_A
KY2017_MATCH_1447,H40_G250_RP0000200_CM0000048,H40_G250_RP0000173_CM0000018,H40_G250_RP0000197_CM0000040,H40_G250_RP0000197_CM0000040,H40_G250_RP0000173_CM0000018,0.14496806928961148,0.21697821714353854,CLEAN_REPLAY_RUN_A
KY2017_MATCH_1448,H40_G250_RP0000200_CM0000049,H40_G250_RP0000200_CM0000044,H40_G250_RP0000200_CM0000054,H40_G250_RP0000200_CM0000054,H40_G250_RP0000200_CM0000044,0.14077818296300143,0.19161016180077328,CLEAN_REPLAY_RUN_A
KY2017_MATCH_1449,H40_G250_RP0000200_CM0000050,H40_G250_RP0000183_CM0000070,H40_G250_RP0000199_CM0000050,H40_G250_RP0000199_CM0000050,H40_G250_RP0000183_CM0000070,0.08029750064076413,0.25483540376387137,CLEAN_REPLAY_RUN_A
KY2017_MATCH_1450,H40_G250_RP0000200_CM0000051,H40_G250_RP0000198_CM0000055,H40_G250_RP0000201_CM0000045,H40_G250_RP0000201_CM0000045,H40_G250_RP0000198_CM0000055,0.11891577236340814,0.15526046591061127,CLEAN_REPLAY_RUN_A
KY2017_MATCH_1451,H40_G250_RP0000200_CM0000052,H40_G250_RP0000197_CM0000052,H40_G250_RP0000198_CM0000049,H40_G250_RP0000197_CM0000052,H40_G250_RP0000198_CM0000049,0.078424129283275024,0.13149707970767588,CLEAN_REPLAY_RUN_A
KY2017_MATCH_1452,H40_G250_RP0000200_CM0000053,H40_G250_RP0000198_CM0000053,H40_G250_RP0000198_CM0000054,H40_G250_RP0000198_CM0000053,H40_G250_RP0000198_CM0000054,0.11562684197658941,0.12286516507808359,CLEAN_REPLAY_RUN_A
KY2017_MATCH_1453,H40_G250_RP0000200_CM0000059,H40_G250_RP0000188_CM0000046,H40_G250_RP0000220_CM0000039,H40_G250_RP0000188_CM0000046,H40_G250_RP0000220_CM0000039,0.12852300773255101,0.15217968448431465,CLEAN_REPLAY_RUN_A
KY2017_MATCH_1454,H40_G250_RP0000200_CM0000060,H40_G250_RP0000217_CM0000054,H40_G250_RP0000218_CM0000044,H40_G250_RP0000217_CM0000054,H40_G250_RP0000218_CM0000044,0.11059863750184931,0.1422284128618666,CLEAN_REPLAY_RUN_A
KY2017_MATCH_1455,H40_G250_RP0000200_CM0000062,H40_G250_RP0000196_CM0000045,H40_G250_RP0000210_CM0000040,H40_G250_RP0000210_CM0000040,H40_G250_RP0000196_CM0000045,0.1533591163770231,0.16536447303740331,CLEAN_REPLAY_RUN_A
KY2017_MATCH_1456,H40_G250_RP0000200_CM0000063,H40_G250_RP0000193_CM0000044,H40_G250_RP0000199_CM0000062,H40_G250_RP0000193_CM0000044,H40_G250_RP0000199_CM0000062,0.14288669362677561,0.19392317675903423,CLEAN_REPLAY_RUN_A
KY2017_MATCH_1457,H40_G250_RP0000200_CM0000064,H40_G250_RP0000184_CM0000064,H40_G250_RP0000214_CM0000062,H40_G250_RP0000184_CM0000064,H40_G250_RP0000214_CM0000062,0.12840304137922129,0.14482109135447105,CLEAN_REPLAY_RUN_A
KY2017_MATCH_1458,H40_G250_RP0000200_CM0000065,H40_G250_RP0000187_CM0000072,H40_G250_RP0000218_CM0000063,H40_G250_RP0000187_CM0000072,H40_G250_RP0000218_CM0000063,0.11944431133686614,0.12693644148932617,CLEAN_REPLAY_RUN_A
KY2017_MATCH_1459,H40_G250_RP0000200_CM0000070,H40_G250_RP0000190_CM0000074,H40_G250_RP0000192_CM0000067,H40_G250_RP0000190_CM0000074,H40_G250_RP0000192_CM0000067,0.12475653214588586,0.13237308808971529,CLEAN_REPLAY_RUN_A
KY2017_MATCH_1460,H40_G250_RP0000200_CM0000071,H40_G250_RP0000199_CM0000071,H40_G250_RP0000200_CM0000069,H40_G250_RP0000199_CM0000071,H40_G250_RP0000200_CM0000069,0.087553326056125411,0.10722000179325167,CLEAN_REPLAY_RUN_A
KY2017_MATCH_1461,H40_G250_RP0000200_CM0000072,H40_G250_RP0000191_CM0000074,H40_G250_RP0000195_CM0000069,H40_G250_RP0000195_CM0000069,H40_G250_RP0000191_CM0000074,0.14845227975640801,0.16458066300360727,CLEAN_REPLAY_RUN_A
KY2017_MATCH_1462,H40_G250_RP0000200_CM0000073,H40_G250_RP0000196_CM0000069,H40_G250_RP0000200_CM0000075,H40_G250_RP0000196_CM0000069,H40_G250_RP0000200_CM0000075,0.19071447816120099,0.20895725284903927,CLEAN_REPLAY_RUN_A
KY2017_MATCH_1463,H40_G250_RP0000200_CM0000074,H40_G250_RP0000200_CM0000088,H40_G250_RP0000207_CM0000108,H40_G250_RP0000200_CM0000088,H40_G250_RP0000207_CM0000108,0.15515876618767116,0.16815902819224235,CLEAN_REPLAY_RUN_A
KY2017_MATCH_1464,H40_G250_RP0000200_CM0000077,H40_G250_RP0000208_CM0000096,H40_G250_RP0000212_CM0000108,H40_G250_RP0000208_CM0000096,H40_G250_RP0000212_CM0000108,0.20678165731041659,0.27463920226498417,CLEAN_REPLAY_RUN_A
KY2017_MATCH_1465,H40_G250_RP0000200_CM0000078,H40_G250_RP0000207_CM0000099,H40_G250_RP0000207_CM0000102,H40_G250_RP0000207_CM0000099,H40_G250_RP0000207_CM0000102,0.12654501768845325,0.16057341594112612,CLEAN_REPLAY_RUN_A
KY2017_MATCH_1466,H40_G250_RP0000200_CM0000079,H40_G250_RP0000199_CM0000087,H40_G250_RP0000208_CM0000099,H40_G250_RP0000208_CM0000099,H40_G250_RP0000199_CM0000087,0.09786820575547811,0.099706592886687387,CLEAN_REPLAY_RUN_A
KY2017_MATCH_1467,H40_G250_RP0000200_CM0000080,H40_G250_RP0000199_CM0000084,H40_G250_RP0000207_CM0000111,H40_G250_RP0000199_CM0000084,H40_G250_RP0000207_CM0000111,0.13420621406638533,0.15565753317295716,CLEAN_REPLAY_RUN_A
KY2017_MATCH_1468,H40_G250_RP0000200_CM0000084,H40_G250_RP0000200_CM0000082,H40_G250_RP0000200_CM0000086,H40_G250_RP0000200_CM0000086,H40_G250_RP0000200_CM0000082,0.097644071004275912,0.14192690175998271,CLEAN_REPLAY_RUN_A
KY2017_MATCH_1469,H40_G250_RP0000200_CM0000095,H40_G250_RP0000199_CM0000091,H40_G250_RP0000199_CM0000097,H40_G250_RP0000199_CM0000097,H40_G250_RP0000199_CM0000091,0.14130355842021999,0.17644709586981083,CLEAN_REPLAY_RUN_A
KY2017_MATCH_1470,H40_G250_RP0000200_CM0000096,H40_G250_RP0000198_CM0000095,H40_G250_RP0000200_CM0000099,H40_G250_RP0000200_CM0000099,H40_G250_RP0000198_CM0000095,0.11456652025293604,0.11988960223515649,CLEAN_REPLAY_RUN_A
KY2017_MATCH_1471,H40_G250_RP0000201_CM0000040,H40_G250_RP0000201_CM0000038,H40_G250_RP0000201_CM0000039,H40_G250_RP0000201_CM0000039,H40_G250_RP0000201_CM0000038,0.14139811930860477,0.19005654510766773,CLEAN_REPLAY_RUN_A
KY2017_MATCH_1472,H40_G250_RP0000201_CM0000041,H40_G250_RP0000198_CM0000047,H40_G250_RP0000198_CM0000048,H40_G250_RP0000198_CM0000048,H40_G250_RP0000198_CM0000047,0.14299798382118264,0.15332124611709422,CLEAN_REPLAY_RUN_A
KY2017_MATCH_1473,H40_G250_RP0000201_CM0000042,H40_G250_RP0000196_CM0000041,H40_G250_RP0000208_CM0000042,H40_G250_RP0000196_CM0000041,H40_G250_RP0000208_CM0000042,0.14463383375663724,0.17960181566474179,CLEAN_REPLAY_RUN_A
KY2017_MATCH_1474,H40_G250_RP0000201_CM0000043,H40_G250_RP0000195_CM0000042,H40_G250_RP0000224_CM0000046,H40_G250_RP0000195_CM0000042,H40_G250_RP0000224_CM0000046,0.17382996306785348,0.24761234751095546,CLEAN_REPLAY_RUN_A
KY2017_MATCH_1475,H40_G250_RP0000201_CM0000044,H40_G250_RP0000181_CM0000070,H40_G250_RP0000202_CM0000053,H40_G250_RP0000181_CM0000070,H40_G250_RP0000202_CM0000053,0.17415134429008511,0.18760396009666924,CLEAN_REPLAY_RUN_A
KY2017_MATCH_1476,H40_G250_RP0000201_CM0000046,H40_G250_RP0000192_CM0000053,H40_G250_RP0000245_CM0000035,H40_G250_RP0000192_CM0000053,H40_G250_RP0000245_CM0000035,0.14982486640238626,0.26549692196260682,CLEAN_REPLAY_RUN_A
KY2017_MATCH_1477,H40_G250_RP0000201_CM0000047,H40_G250_RP0000199_CM0000040,H40_G250_RP0000199_CM0000041,H40_G250_RP0000199_CM0000040,H40_G250_RP0000199_CM0000041,0.16745456657834865,0.19475199361939999,CLEAN_REPLAY_RUN_A
KY2017_MATCH_1478,H40_G250_RP0000201_CM0000048,H40_G250_RP0000197_CM0000054,H40_G250_RP0000200_CM0000041,H40_G250_RP0000197_CM0000054,H40_G250_RP0000200_CM0000041,0.1605924015507717,0.21249529724882821,CLEAN_REPLAY_RUN_A
KY2017_MATCH_1479,H40_G250_RP0000201_CM0000049,H40_G250_RP0000207_CM0000043,H40_G250_RP0000226_CM0000073,H40_G250_RP0000207_CM0000043,H40_G250_RP0000226_CM0000073,0.1577797085524793,0.26547596315183131,CLEAN_REPLAY_RUN_A
KY2017_MATCH_1480,H40_G250_RP0000201_CM0000050,H40_G250_RP0000194_CM0000041,H40_G250_RP0000203_CM0000052,H40_G250_RP0000203_CM0000052,H40_G250_RP0000194_CM0000041,0.20573505481502832,0.21522110223458929,CLEAN_REPLAY_RUN_A
KY2017_MATCH_1481,H40_G250_RP0000201_CM0000051,H40_G250_RP0000198_CM0000044,H40_G250_RP0000202_CM0000052,H40_G250_RP0000202_CM0000052,H40_G250_RP0000198_CM0000044,0.21267947657617162,0.22602143487738091,CLEAN_REPLAY_RUN_A
KY2017_MATCH_1482,H40_G250_RP0000201_CM0000052,H40_G250_RP0000191_CM0000042,H40_G250_RP0000207_CM0000071,H40_G250_RP0000207_CM0000071,H40_G250_RP0000191_CM0000042,0.21372514915369592,0.25555078109619012,CLEAN_REPLAY_RUN_A
KY2017_MATCH_1483,H40_G250_RP0000201_CM0000053,H40_G250_RP0000199_CM0000055,H40_G250_RP0000213_CM0000038,H40_G250_RP0000199_CM0000055,H40_G250_RP0000213_CM0000038,0.091176995951110062,0.14665107265399044,CLEAN_REPLAY_RUN_A
KY2017_MATCH_1484,H40_G250_RP0000201_CM0000054,H40_G250_RP0000211_CM0000059,H40_G250_RP0000214_CM0000039,H40_G250_RP0000214_CM0000039,H40_G250_RP0000211_CM0000059,0.15920528272935519,0.18459218906400238,CLEAN_REPLAY_RUN_A
KY2017_MATCH_1485,H40_G250_RP0000201_CM0000055,H40_G250_RP0000212_CM0000073,H40_G250_RP0000216_CM0000038,H40_G250_RP0000212_CM0000073,H40_G250_RP0000216_CM0000038,0.20083862707875122,0.2161082128498375,CLEAN_REPLAY_RUN_A
KY2017_MATCH_1486,H40_G250_RP0000201_CM0000056,H40_G250_RP0000193_CM0000060,H40_G250_RP0000210_CM0000060,H40_G250_RP0000210_CM0000060,H40_G250_RP0000193_CM0000060,0.13437258679374106,0.15971251118929572,CLEAN_REPLAY_RUN_A
KY2017_MATCH_1487,H40_G250_RP0000201_CM0000057,H40_G250_RP0000194_CM0000051,H40_G250_RP0000199_CM0000057,H40_G250_RP0000194_CM0000051,H40_G250_RP0000199_CM0000057,0.095397887744176652,0.12286271942894485,CLEAN_REPLAY_RUN_A
KY2017_MATCH_1488,H40_G250_RP0000201_CM0000059,H40_G250_RP0000194_CM0000054,H40_G250_RP0000206_CM0000059,H40_G250_RP0000194_CM0000054,H40_G250_RP0000206_CM0000059,0.088512909126127526,0.10574805819757663,CLEAN_REPLAY_RUN_A
KY2017_MATCH_1489,H40_G250_RP0000201_CM0000062,H40_G250_RP0000191_CM0000039,H40_G250_RP0000217_CM0000047,H40_G250_RP0000191_CM0000039,H40_G250_RP0000217_CM0000047,0.14820227731949626,0.16222492095635779,CLEAN_REPLAY_RUN_A
KY2017_MATCH_1490,H40_G250_RP0000201_CM0000066,H40_G250_RP0000203_CM0000067,H40_G250_RP0000225_CM0000074,H40_G250_RP0000203_CM0000067,H40_G250_RP0000225_CM0000074,0.12382744641303298,0.21236479833041536,CLEAN_REPLAY_RUN_A
KY2017_MATCH_1491,H40_G250_RP0000201_CM0000068,H40_G250_RP0000187_CM0000074,H40_G250_RP0000204_CM0000067,H40_G250_RP0000187_CM0000074,H40_G250_RP0000204_CM0000067,0.12353711953128986,0.13007083477006123,CLEAN_REPLAY_RUN_A
KY2017_MATCH_1492,H40_G250_RP0000201_CM0000069,H40_G250_RP0000187_CM0000073,H40_G250_RP0000203_CM0000066,H40_G250_RP0000203_CM0000066,H40_G250_RP0000187_CM0000073,0.1305681287619693,0.13748261922599583,CLEAN_REPLAY_RUN_A
KY2017_MATCH_1493,H40_G250_RP0000201_CM0000071,H40_G250_RP0000187_CM0000071,H40_G250_RP0000208_CM0000074,H40_G250_RP0000187_CM0000071,H40_G250_RP0000208_CM0000074,0.10908436963408075,0.13373210024580851,CLEAN_REPLAY_RUN_A
KY2017_MATCH_1494,H40_G250_RP0000201_CM0000077,H40_G250_RP0000204_CM0000078,H40_G250_RP0000207_CM0000100,H40_G250_RP0000204_CM0000078,H40_G250_RP0000207_CM0000100,0.16517955929495606,0.17208517893069275,CLEAN_REPLAY_RUN_A
KY2017_MATCH_1495,H40_G250_RP0000201_CM0000078,H40_G250_RP0000201_CM0000079,H40_G250_RP0000210_CM0000086,H40_G250_RP0000201_CM0000079,H40_G250_RP0000210_CM0000086,0.12411191034032412,0.15800007573343189,CLEAN_REPLAY_RUN_A
KY2017_MATCH_1496,H40_G250_RP0000201_CM0000081,H40_G250_RP0000202_CM0000080,H40_G250_RP0000210_CM0000090,H40_G250_RP0000202_CM0000080,H40_G250_RP0000210_CM0000090,0.081264577376115685,0.12506715481145705,CLEAN_REPLAY_RUN_A
KY2017_MATCH_1497,H40_G250_RP0000201_CM0000082,H40_G250_RP0000201_CM0000083,H40_G250_RP0000203_CM0000085,H40_G250_RP0000201_CM0000083,H40_G250_RP0000203_CM0000085,0.084577695179314641,0.11147291498226167,CLEAN_REPLAY_RUN_A
KY2017_MATCH_1498,H40_G250_RP0000201_CM0000084,H40_G250_RP0000202_CM0000085,H40_G250_RP0000202_CM0000086,H40_G250_RP0000202_CM0000086,H40_G250_RP0000202_CM0000085,0.12118862154523272,0.12639357224924003,CLEAN_REPLAY_RUN_A
KY2017_MATCH_1499,H40_G250_RP0000201_CM0000095,H40_G250_RP0000195_CM0000096,H40_G250_RP0000197_CM0000097,H40_G250_RP0000197_CM0000097,H40_G250_RP0000195_CM0000096,0.090185012161261263,0.17415060470183755,CLEAN_REPLAY_RUN_A
KY2017_MATCH_1500,H40_G250_RP0000201_CM0000096,H40_G250_RP0000200_CM0000098,H40_G250_RP0000203_CM0000095,H40_G250_RP0000200_CM0000098,H40_G250_RP0000203_CM0000095,0.07549366908362104,0.11566007079429541,CLEAN_REPLAY_RUN_A
KY2017_MATCH_1501,H40_G250_RP0000202_CM0000040,H40_G250_RP0000204_CM0000050,H40_G250_RP0000212_CM0000054,H40_G250_RP0000204_CM0000050,H40_G250_RP0000212_CM0000054,0.15234654050590032,0.1705878395800921,CLEAN_REPLAY_RUN_A
KY2017_MATCH_1502,H40_G250_RP0000202_CM0000041,H40_G250_RP0000205_CM0000041,H40_G250_RP0000216_CM0000058,H40_G250_RP0000205_CM0000041,H40_G250_RP0000216_CM0000058,0.11448602989406674,0.12932316706188118,CLEAN_REPLAY_RUN_A
KY2017_MATCH_1503,H40_G250_RP0000202_CM0000044,H40_G250_RP0000216_CM0000053,H40_G250_RP0000217_CM0000053,H40_G250_RP0000217_CM0000053,H40_G250_RP0000216_CM0000053,0.16198014985176992,0.18508742121709024,CLEAN_REPLAY_RUN_A
KY2017_MATCH_1504,H40_G250_RP0000202_CM0000046,H40_G250_RP0000198_CM0000058,H40_G250_RP0000202_CM0000045,H40_G250_RP0000202_CM0000045,H40_G250_RP0000198_CM0000058,0.087047469300899516,0.14367937309112425,CLEAN_REPLAY_RUN_A
KY2017_MATCH_1505,H40_G250_RP0000202_CM0000047,H40_G250_RP0000200_CM0000055,H40_G250_RP0000217_CM0000052,H40_G250_RP0000200_CM0000055,H40_G250_RP0000217_CM0000052,0.1386698779557389,0.22405891423242147,CLEAN_REPLAY_RUN_A
KY2017_MATCH_1506,H40_G250_RP0000202_CM0000048,H40_G250_RP0000171_CM0000018,H40_G250_RP0000192_CM0000054,H40_G250_RP0000192_CM0000054,H40_G250_RP0000171_CM0000018,0.15886379812099011,0.26985496510494533,CLEAN_REPLAY_RUN_A
KY2017_MATCH_1507,H40_G250_RP0000202_CM0000049,H40_G250_RP0000199_CM0000046,H40_G250_RP0000226_CM0000070,H40_G250_RP0000199_CM0000046,H40_G250_RP0000226_CM0000070,0.21383613538385193,0.2831234758714718,CLEAN_REPLAY_RUN_A
KY2017_MATCH_1508,H40_G250_RP0000202_CM0000050,H40_G250_RP0000209_CM0000039,H40_G250_RP0000212_CM0000055,H40_G250_RP0000212_CM0000055,H40_G250_RP0000209_CM0000039,0.10703753385361525,0.15374790349692047,CLEAN_REPLAY_RUN_A
KY2017_MATCH_1509,H40_G250_RP0000202_CM0000051,H40_G250_RP0000192_CM0000050,H40_G250_RP0000212_CM0000072,H40_G250_RP0000192_CM0000050,H40_G250_RP0000212_CM0000072,0.15312739353527086,0.20176698989764325,CLEAN_REPLAY_RUN_A
KY2017_MATCH_1510,H40_G250_RP0000202_CM0000055,H40_G250_RP0000204_CM0000053,H40_G250_RP0000208_CM0000064,H40_G250_RP0000204_CM0000053,H40_G250_RP0000208_CM0000064,0.13616026960905106,0.17803860396411214,CLEAN_REPLAY_RUN_A
KY2017_MATCH_1511,H40_G250_RP0000202_CM0000056,H40_G250_RP0000191_CM0000041,H40_G250_RP0000200_CM0000056,H40_G250_RP0000200_CM0000056,H40_G250_RP0000191_CM0000041,0.091229563988833473,0.16880257046834432,CLEAN_REPLAY_RUN_A
KY2017_MATCH_1512,H40_G250_RP0000202_CM0000057,H40_G250_RP0000194_CM0000052,H40_G250_RP0000198_CM0000039,H40_G250_RP0000194_CM0000052,H40_G250_RP0000198_CM0000039,0.1585406614080889,0.23610001272108078,CLEAN_REPLAY_RUN_A
KY2017_MATCH_1513,H40_G250_RP0000202_CM0000058,H40_G250_RP0000190_CM0000050,H40_G250_RP0000199_CM0000056,H40_G250_RP0000199_CM0000056,H40_G250_RP0000190_CM0000050,0.10511589872612381,0.12090967004491003,CLEAN_REPLAY_RUN_A
KY2017_MATCH_1514,H40_G250_RP0000202_CM0000070,H40_G250_RP0000190_CM0000062,H40_G250_RP0000195_CM0000065,H40_G250_RP0000190_CM0000062,H40_G250_RP0000195_CM0000065,0.069075879355703126,0.11163188747577267,CLEAN_REPLAY_RUN_A
KY2017_MATCH_1515,H40_G250_RP0000202_CM0000071,H40_G250_RP0000194_CM0000066,H40_G250_RP0000195_CM0000067,H40_G250_RP0000195_CM0000067,H40_G250_RP0000194_CM0000066,0.07688412068283644,0.11883988951703295,CLEAN_REPLAY_RUN_A
KY2017_MATCH_1516,H40_G250_RP0000202_CM0000074,H40_G250_RP0000186_CM0000070,H40_G250_RP0000216_CM0000059,H40_G250_RP0000186_CM0000070,H40_G250_RP0000216_CM0000059,0.11106169282541782,0.11331159392612559,CLEAN_REPLAY_RUN_A
KY2017_MATCH_1517,H40_G250_RP0000202_CM0000076,H40_G250_RP0000207_CM0000083,H40_G250_RP0000209_CM0000099,H40_G250_RP0000209_CM0000099,H40_G250_RP0000207_CM0000083,0.12803639648527537,0.13473448467243121,CLEAN_REPLAY_RUN_A
KY2017_MATCH_1518,H40_G250_RP0000202_CM0000077,H40_G250_RP0000192_CM0000069,H40_G250_RP0000203_CM0000081,H40_G250_RP0000192_CM0000069,H40_G250_RP0000203_CM0000081,0.18990840313828544,0.22788337016386515,CLEAN_REPLAY_RUN_A
KY2017_MATCH_1519,H40_G250_RP0000202_CM0000078,H40_G250_RP0000187_CM0000057,H40_G250_RP0000204_CM0000076,H40_G250_RP0000204_CM0000076,H40_G250_RP0000187_CM0000057,0.28920013699055441,0.34969089513779644,CLEAN_REPLAY_RUN_A
KY2017_MATCH_1520,H40_G250_RP0000202_CM0000081,H40_G250_RP0000207_CM0000084,H40_G250_RP0000210_CM0000091,H40_G250_RP0000207_CM0000084,H40_G250_RP0000210_CM0000091,0.10731674631170104,0.13486038066944603,CLEAN_REPLAY_RUN_A
KY2017_MATCH_1521,H40_G250_RP0000202_CM0000082,H40_G250_RP0000208_CM0000089,H40_G250_RP0000209_CM0000087,H40_G250_RP0000209_CM0000087,H40_G250_RP0000208_CM0000089,0.15591996249661944,0.15702460705560156,CLEAN_REPLAY_RUN_A
KY2017_MATCH_1522,H40_G250_RP0000203_CM0000039,H40_G250_RP0000193_CM0000039,H40_G250_RP0000204_CM0000044,H40_G250_RP0000204_CM0000044,H40_G250_RP0000193_CM0000039,0.23998561264216947,0.24616244792431627,CLEAN_REPLAY_RUN_A
KY2017_MATCH_1523,H40_G250_RP0000203_CM0000041,H40_G250_RP0000202_CM0000063,H40_G250_RP0000203_CM0000043,H40_G250_RP0000203_CM0000043,H40_G250_RP0000202_CM0000063,0.13076111218154599,0.16518922724521046,CLEAN_REPLAY_RUN_A
KY2017_MATCH_1524,H40_G250_RP0000203_CM0000046,H40_G250_RP0000203_CM0000042,H40_G250_RP0000203_CM0000044,H40_G250_RP0000203_CM0000044,H40_G250_RP0000203_CM0000042,0.09100789671329565,0.13923196549228439,CLEAN_REPLAY_RUN_A
KY2017_MATCH_1525,H40_G250_RP0000203_CM0000047,H40_G250_RP0000213_CM0000072,H40_G250_RP0000218_CM0000055,H40_G250_RP0000218_CM0000055,H40_G250_RP0000213_CM0000072,0.15263655829557993,0.15310793934106259,CLEAN_REPLAY_RUN_A
KY2017_MATCH_1526,H40_G250_RP0000203_CM0000048,H40_G250_RP0000220_CM0000053,H40_G250_RP0000225_CM0000073,H40_G250_RP0000220_CM0000053,H40_G250_RP0000225_CM0000073,0.30342989234445583,0.3511603660379789,CLEAN_REPLAY_RUN_A
KY2017_MATCH_1527,H40_G250_RP0000203_CM0000049,H40_G250_RP0000168_CM0000018,H40_G250_RP0000221_CM0000053,H40_G250_RP0000221_CM0000053,H40_G250_RP0000168_CM0000018,0.25450926789332129,0.30161563330890934,CLEAN_REPLAY_RUN_A
KY2017_MATCH_1528,H40_G250_RP0000203_CM0000050,H40_G250_RP0000207_CM0000044,H40_G250_RP0000209_CM0000059,H40_G250_RP0000209_CM0000059,H40_G250_RP0000207_CM0000044,0.12601418902543915,0.14722283907017747,CLEAN_REPLAY_RUN_A
KY2017_MATCH_1529,H40_G250_RP0000203_CM0000051,H40_G250_RP0000203_CM0000061,H40_G250_RP0000216_CM0000052,H40_G250_RP0000216_CM0000052,H40_G250_RP0000203_CM0000061,0.17270325043213697,0.20258217102013987,CLEAN_REPLAY_RUN_A
KY2017_MATCH_1530,H40_G250_RP0000203_CM0000055,H40_G250_RP0000174_CM0000013,H40_G250_RP0000203_CM0000063,H40_G250_RP0000203_CM0000063,H40_G250_RP0000174_CM0000013,0.23861470825740122,0.23907844216373009,CLEAN_REPLAY_RUN_A
KY2017_MATCH_1531,H40_G250_RP0000203_CM0000056,H40_G250_RP0000191_CM0000043,H40_G250_RP0000199_CM0000058,H40_G250_RP0000199_CM0000058,H40_G250_RP0000191_CM0000043,0.13447312709712239,0.14583224197583,CLEAN_REPLAY_RUN_A
KY2017_MATCH_1532,H40_G250_RP0000203_CM0000057,H40_G250_RP0000194_CM0000053,H40_G250_RP0000202_CM0000043,H40_G250_RP0000194_CM0000053,H40_G250_RP0000202_CM0000043,0.11318302897671895,0.132821885559509,CLEAN_REPLAY_RUN_A
KY2017_MATCH_1533,H40_G250_RP0000203_CM0000058,H40_G250_RP0000190_CM0000054,H40_G250_RP0000202_CM0000059,H40_G250_RP0000202_CM0000059,H40_G250_RP0000190_CM0000054,0.14888462176419281,0.21871005670658519,CLEAN_REPLAY_RUN_A
KY2017_MATCH_1534,H40_G250_RP0000203_CM0000068,H40_G250_RP0000202_CM0000066,H40_G250_RP0000202_CM0000067,H40_G250_RP0000202_CM0000066,H40_G250_RP0000202_CM0000067,0.092758228678422927,0.094269009422368238,CLEAN_REPLAY_RUN_A
KY2017_MATCH_1535,H40_G250_RP0000203_CM0000069,H40_G250_RP0000204_CM0000069,H40_G250_RP0000208_CM0000081,H40_G250_RP0000204_CM0000069,H40_G250_RP0000208_CM0000081,0.14032730814153707,0.16280693541357175,CLEAN_REPLAY_RUN_A
KY2017_MATCH_1536,H40_G250_RP0000203_CM0000070,H40_G250_RP0000195_CM0000066,H40_G250_RP0000201_CM0000070,H40_G250_RP0000201_CM0000070,H40_G250_RP0000195_CM0000066,0.099128634490555742,0.14759494400207937,CLEAN_REPLAY_RUN_A
KY2017_MATCH_1537,H40_G250_RP0000203_CM0000071,H40_G250_RP0000202_CM0000075,H40_G250_RP0000209_CM0000090,H40_G250_RP0000209_CM0000090,H40_G250_RP0000202_CM0000075,0.176081590366651,0.17862635309395281,CLEAN_REPLAY_RUN_A
KY2017_MATCH_1538,H40_G250_RP0000203_CM0000072,H40_G250_RP0000193_CM0000065,H40_G250_RP0000212_CM0000101,H40_G250_RP0000193_CM0000065,H40_G250_RP0000212_CM0000101,0.13724298247551739,0.1619421635890346,CLEAN_REPLAY_RUN_A
KY2017_MATCH_1539,H40_G250_RP0000203_CM0000073,H40_G250_RP0000185_CM0000068,H40_G250_RP0000204_CM0000070,H40_G250_RP0000204_CM0000070,H40_G250_RP0000185_CM0000068,0.10789772822878688,0.14303791762525639,CLEAN_REPLAY_RUN_A
KY2017_MATCH_1540,H40_G250_RP0000203_CM0000074,H40_G250_RP0000202_CM0000065,H40_G250_RP0000219_CM0000060,H40_G250_RP0000202_CM0000065,H40_G250_RP0000219_CM0000060,0.13513292032154023,0.15042894122663159,CLEAN_REPLAY_RUN_A
KY2017_MATCH_1541,H40_G250_RP0000203_CM0000075,H40_G250_RP0000205_CM0000081,H40_G250_RP0000208_CM0000083,H40_G250_RP0000205_CM0000081,H40_G250_RP0000208_CM0000083,0.13103275468374756,0.14568782103852801,CLEAN_REPLAY_RUN_A
KY2017_MATCH_1542,H40_G250_RP0000203_CM0000076,H40_G250_RP0000201_CM0000076,H40_G250_RP0000211_CM0000107,H40_G250_RP0000201_CM0000076,H40_G250_RP0000211_CM0000107,0.14672614528233829,0.19289825298115276,CLEAN_REPLAY_RUN_A
KY2017_MATCH_1543,H40_G250_RP0000203_CM0000078,H40_G250_RP0000194_CM0000092,H40_G250_RP0000203_CM0000079,H40_G250_RP0000203_CM0000079,H40_G250_RP0000194_CM0000092,0.13461682758133581,0.31836958931040393,CLEAN_REPLAY_RUN_A
KY2017_MATCH_1544,H40_G250_RP0000203_CM0000127,H40_G250_RP0000203_CM0000131,H40_G250_RP0000205_CM0000130,H40_G250_RP0000203_CM0000131,H40_G250_RP0000205_CM0000130,0.16518272567858269,0.16794595203934951,CLEAN_REPLAY_RUN_A
KY2017_MATCH_1545,H40_G250_RP0000204_CM0000038,H40_G250_RP0000198_CM0000041,H40_G250_RP0000202_CM0000038,H40_G250_RP0000198_CM0000041,H40_G250_RP0000202_CM0000038,0.20469272254445259,0.29303606770910956,CLEAN_REPLAY_RUN_A
KY2017_MATCH_1546,H40_G250_RP0000204_CM0000039,H40_G250_RP0000202_CM0000039,H40_G250_RP0000216_CM0000057,H40_G250_RP0000202_CM0000039,H40_G250_RP0000216_CM0000057,0.17194155120662208,0.19951105058690463,CLEAN_REPLAY_RUN_A
KY2017_MATCH_1547,H40_G250_RP0000204_CM0000040,H40_G250_RP0000203_CM0000040,H40_G250_RP0000204_CM0000041,H40_G250_RP0000203_CM0000040,H40_G250_RP0000204_CM0000041,0.1656969459512114,0.16648067535122288,CLEAN_REPLAY_RUN_A
KY2017_MATCH_1548,H40_G250_RP0000204_CM0000046,H40_G250_RP0000193_CM0000043,H40_G250_RP0000218_CM0000060,H40_G250_RP0000218_CM0000060,H40_G250_RP0000193_CM0000043,0.21871642049463363,0.22531186148030716,CLEAN_REPLAY_RUN_A
KY2017_MATCH_1549,H40_G250_RP0000204_CM0000047,H40_G250_RP0000204_CM0000045,H40_G250_RP0000205_CM0000043,H40_G250_RP0000205_CM0000043,H40_G250_RP0000204_CM0000045,0.15226813447844986,0.16178701466533044,CLEAN_REPLAY_RUN_A
KY2017_MATCH_1550,H40_G250_RP0000204_CM0000048,H40_G250_RP0000217_CM0000038,H40_G250_RP0000221_CM0000055,H40_G250_RP0000217_CM0000038,H40_G250_RP0000221_CM0000055,0.28896326318329768,0.31951775202535182,CLEAN_REPLAY_RUN_A
KY2017_MATCH_1551,H40_G250_RP0000204_CM0000049,H40_G250_RP0000217_CM0000079,H40_G250_RP0000227_CM0000070,H40_G250_RP0000217_CM0000079,H40_G250_RP0000227_CM0000070,0.14622104872026442,0.22189032237476897,CLEAN_REPLAY_RUN_A
KY2017_MATCH_1552,H40_G250_RP0000204_CM0000051,H40_G250_RP0000214_CM0000052,H40_G250_RP0000221_CM0000040,H40_G250_RP0000214_CM0000052,H40_G250_RP0000221_CM0000040,0.14438564314077101,0.14874390835318824,CLEAN_REPLAY_RUN_A
KY2017_MATCH_1553,H40_G250_RP0000204_CM0000052,H40_G250_RP0000205_CM0000050,H40_G250_RP0000213_CM0000040,H40_G250_RP0000213_CM0000040,H40_G250_RP0000205_CM0000050,0.15253443188477184,0.15946365333162191,CLEAN_REPLAY_RUN_A
KY2017_MATCH_1554,H40_G250_RP0000204_CM0000055,H40_G250_RP0000215_CM0000073,H40_G250_RP0000218_CM0000043,H40_G250_RP0000215_CM0000073,H40_G250_RP0000218_CM0000043,0.14701927689670677,0.15348489828082598,CLEAN_REPLAY_RUN_A
KY2017_MATCH_1555,H40_G250_RP0000204_CM0000056,H40_G250_RP0000205_CM0000054,H40_G250_RP0000218_CM0000042,H40_G250_RP0000205_CM0000054,H40_G250_RP0000218_CM0000042,0.19105995646982721,0.22890732519219023,CLEAN_REPLAY_RUN_A
KY2017_MATCH_1556,H40_G250_RP0000204_CM0000057,H40_G250_RP0000192_CM0000041,H40_G250_RP0000214_CM0000055,H40_G250_RP0000192_CM0000041,H40_G250_RP0000214_CM0000055,0.13716268626390921,0.18219427950113468,CLEAN_REPLAY_RUN_A
KY2017_MATCH_1557,H40_G250_RP0000204_CM0000058,H40_G250_RP0000202_CM0000060,H40_G250_RP0000209_CM0000060,H40_G250_RP0000209_CM0000060,H40_G250_RP0000202_CM0000060,0.10923744896366018,0.11851691455697434,CLEAN_REPLAY_RUN_A
KY2017_MATCH_1558,H40_G250_RP0000204_CM0000071,H40_G250_RP0000201_CM0000065,H40_G250_RP0000206_CM0000073,H40_G250_RP0000206_CM0000073,H40_G250_RP0000201_CM0000065,0.094550481103720052,0.11211667666599867,CLEAN_REPLAY_RUN_A
KY2017_MATCH_1559,H40_G250_RP0000204_CM0000072,H40_G250_RP0000190_CM0000070,H40_G250_RP0000204_CM0000077,H40_G250_RP0000204_CM0000077,H40_G250_RP0000190_CM0000070,0.19123524092197305,0.2369855969819411,CLEAN_REPLAY_RUN_A
KY2017_MATCH_1560,H40_G250_RP0000204_CM0000073,H40_G250_RP0000195_CM0000071,H40_G250_RP0000229_CM0000064,H40_G250_RP0000195_CM0000071,H40_G250_RP0000229_CM0000064,0.25416290300367839,0.38604612558819296,CLEAN_REPLAY_RUN_A
KY2017_MATCH_1561,H40_G250_RP0000204_CM0000074,H40_G250_RP0000189_CM0000069,H40_G250_RP0000193_CM0000070,H40_G250_RP0000193_CM0000070,H40_G250_RP0000189_CM0000069,0.23278721596371985,0.30392726657867974,CLEAN_REPLAY_RUN_A
KY2017_MATCH_1562,H40_G250_RP0000204_CM0000075,H40_G250_RP0000183_CM0000056,H40_G250_RP0000197_CM0000073,H40_G250_RP0000183_CM0000056,H40_G250_RP0000197_CM0000073,0.2226800709359596,0.23407602607968164,CLEAN_REPLAY_RUN_A
KY2017_MATCH_1563,H40_G250_RP0000204_CM0000127,H40_G250_RP0000203_CM0000132,H40_G250_RP0000204_CM0000130,H40_G250_RP0000203_CM0000132,H40_G250_RP0000204_CM0000130,0.13584797478773955,0.20256867595277633,CLEAN_REPLAY_RUN_A
KY2017_MATCH_1564,H40_G250_RP0000205_CM0000035,H40_G250_RP0000183_CM0000011,H40_G250_RP0000203_CM0000026,H40_G250_RP0000183_CM0000011,H40_G250_RP0000203_CM0000026,0.16029538904502452,0.1651732029135648,CLEAN_REPLAY_RUN_A
KY2017_MATCH_1565,H40_G250_RP0000205_CM0000036,H40_G250_RP0000186_CM0000009,H40_G250_RP0000206_CM0000037,H40_G250_RP0000186_CM0000009,H40_G250_RP0000206_CM0000037,0.13502756808380242,0.18105146547430345,CLEAN_REPLAY_RUN_A
KY2017_MATCH_1566,H40_G250_RP0000205_CM0000037,H40_G250_RP0000183_CM0000015,H40_G250_RP0000200_CM0000032,H40_G250_RP0000183_CM0000015,H40_G250_RP0000200_CM0000032,0.14890343011615143,0.16206524787155938,CLEAN_REPLAY_RUN_A
KY2017_MATCH_1567,H40_G250_RP0000205_CM0000038,H40_G250_RP0000189_CM0000055,H40_G250_RP0000199_CM0000045,H40_G250_RP0000199_CM0000045,H40_G250_RP0000189_CM0000055,0.16209378608085084,0.19435779795679667,CLEAN_REPLAY_RUN_A
KY2017_MATCH_1568,H40_G250_RP0000205_CM0000039,H40_G250_RP0000193_CM0000053,H40_G250_RP0000196_CM0000054,H40_G250_RP0000193_CM0000053,H40_G250_RP0000196_CM0000054,0.2075541942317109,0.24410614724500923,CLEAN_REPLAY_RUN_A
KY2017_MATCH_1569,H40_G250_RP0000205_CM0000040,H40_G250_RP0000193_CM0000055,H40_G250_RP0000206_CM0000044,H40_G250_RP0000193_CM0000055,H40_G250_RP0000206_CM0000044,0.21408940698782031,0.232784577630296,CLEAN_REPLAY_RUN_A
KY2017_MATCH_1570,H40_G250_RP0000205_CM0000046,H40_G250_RP0000205_CM0000044,H40_G250_RP0000219_CM0000044,H40_G250_RP0000219_CM0000044,H40_G250_RP0000205_CM0000044,0.17022816801938762,0.2001239603381843,CLEAN_REPLAY_RUN_A
KY2017_MATCH_1571,H40_G250_RP0000205_CM0000047,H40_G250_RP0000194_CM0000045,H40_G250_RP0000212_CM0000053,H40_G250_RP0000194_CM0000045,H40_G250_RP0000212_CM0000053,0.086642237849431758,0.13911360028108272,CLEAN_REPLAY_RUN_A
KY2017_MATCH_1572,H40_G250_RP0000205_CM0000048,H40_G250_RP0000212_CM0000042,H40_G250_RP0000215_CM0000051,H40_G250_RP0000215_CM0000051,H40_G250_RP0000212_CM0000042,0.10524004044266247,0.12322989661962019,CLEAN_REPLAY_RUN_A
KY2017_MATCH_1573,H40_G250_RP0000205_CM0000049,H40_G250_RP0000208_CM0000054,H40_G250_RP0000215_CM0000052,H40_G250_RP0000208_CM0000054,H40_G250_RP0000215_CM0000052,0.092982367778489464,0.10179405408326156,CLEAN_REPLAY_RUN_A
KY2017_MATCH_1574,H40_G250_RP0000205_CM0000057,H40_G250_RP0000205_CM0000056,H40_G250_RP0000206_CM0000056,H40_G250_RP0000205_CM0000056,H40_G250_RP0000206_CM0000056,0.095460865744427081,0.13019067446543692,CLEAN_REPLAY_RUN_A
KY2017_MATCH_1575,H40_G250_RP0000205_CM0000058,H40_G250_RP0000198_CM0000057,H40_G250_RP0000206_CM0000057,H40_G250_RP0000206_CM0000057,H40_G250_RP0000198_CM0000057,0.093592879578079352,0.12837203521837531,CLEAN_REPLAY_RUN_A
KY2017_MATCH_1576,H40_G250_RP0000205_CM0000068,H40_G250_RP0000190_CM0000072,H40_G250_RP0000205_CM0000069,H40_G250_RP0000190_CM0000072,H40_G250_RP0000205_CM0000069,0.11065442447434465,0.11432260786857476,CLEAN_REPLAY_RUN_A
KY2017_MATCH_1577,H40_G250_RP0000205_CM0000071,H40_G250_RP0000186_CM0000057,H40_G250_RP0000208_CM0000047,H40_G250_RP0000208_CM0000047,H40_G250_RP0000186_CM0000057,0.3058653943309666,0.33078833275629388,CLEAN_REPLAY_RUN_A
KY2017_MATCH_1578,H40_G250_RP0000205_CM0000074,H40_G250_RP0000205_CM0000073,H40_G250_RP0000205_CM0000082,H40_G250_RP0000205_CM0000073,H40_G250_RP0000205_CM0000082,0.12391682187605789,0.20987380507256098,CLEAN_REPLAY_RUN_A
KY2017_MATCH_1579,H40_G250_RP0000205_CM0000075,H40_G250_RP0000201_CM0000064,H40_G250_RP0000213_CM0000066,H40_G250_RP0000213_CM0000066,H40_G250_RP0000201_CM0000064,0.17305697999457709,0.18530162838908035,CLEAN_REPLAY_RUN_A
KY2017_MATCH_1580,H40_G250_RP0000205_CM0000076,H40_G250_RP0000195_CM0000079,H40_G250_RP0000203_CM0000064,H40_G250_RP0000203_CM0000064,H40_G250_RP0000195_CM0000079,0.19763199497667305,0.2097822527375085,CLEAN_REPLAY_RUN_A
KY2017_MATCH_1581,H40_G250_RP0000205_CM0000077,H40_G250_RP0000205_CM0000078,H40_G250_RP0000210_CM0000083,H40_G250_RP0000205_CM0000078,H40_G250_RP0000210_CM0000083,0.19146180402878896,0.23876532004676959,CLEAN_REPLAY_RUN_A
KY2017_MATCH_1582,H40_G250_RP0000206_CM0000035,H40_G250_RP0000206_CM0000034,H40_G250_RP0000207_CM0000036,H40_G250_RP0000206_CM0000034,H40_G250_RP0000207_CM0000036,0.15668809331299027,0.18808191833374716,CLEAN_REPLAY_RUN_A
KY2017_MATCH_1583,H40_G250_RP0000206_CM0000039,H40_G250_RP0000200_CM0000040,H40_G250_RP0000206_CM0000038,H40_G250_RP0000206_CM0000038,H40_G250_RP0000200_CM0000040,0.11228297461349734,0.13077772950589012,CLEAN_REPLAY_RUN_A
KY2017_MATCH_1584,H40_G250_RP0000206_CM0000040,H40_G250_RP0000199_CM0000049,H40_G250_RP0000209_CM0000042,H40_G250_RP0000199_CM0000049,H40_G250_RP0000209_CM0000042,0.11774999393154408,0.16598893358971215,CLEAN_REPLAY_RUN_A
KY2017_MATCH_1585,H40_G250_RP0000206_CM0000047,H40_G250_RP0000192_CM0000044,H40_G250_RP0000208_CM0000069,H40_G250_RP0000208_CM0000069,H40_G250_RP0000192_CM0000044,0.25391783251873484,0.25806400100243632,CLEAN_REPLAY_RUN_A
KY2017_MATCH_1586,H40_G250_RP0000206_CM0000048,H40_G250_RP0000212_CM0000044,H40_G250_RP0000214_CM0000045,H40_G250_RP0000212_CM0000044,H40_G250_RP0000214_CM0000045,0.11383599227281763,0.1195638599482744,CLEAN_REPLAY_RUN_A
KY2017_MATCH_1587,H40_G250_RP0000206_CM0000058,H40_G250_RP0000195_CM0000058,H40_G250_RP0000200_CM0000058,H40_G250_RP0000195_CM0000058,H40_G250_RP0000200_CM0000058,0.13658382047976159,0.16525810722134193,CLEAN_REPLAY_RUN_A
KY2017_MATCH_1588,H40_G250_RP0000206_CM0000068,H40_G250_RP0000205_CM0000067,H40_G250_RP0000206_CM0000067,H40_G250_RP0000206_CM0000067,H40_G250_RP0000205_CM0000067,0.14317128417192568,0.14953333329137108,CLEAN_REPLAY_RUN_A
KY2017_MATCH_1589,H40_G250_RP0000206_CM0000069,H40_G250_RP0000191_CM0000058,H40_G250_RP0000206_CM0000070,H40_G250_RP0000191_CM0000058,H40_G250_RP0000206_CM0000070,0.29848453924268276,0.33856935672687832,CLEAN_REPLAY_RUN_A
KY2017_MATCH_1590,H40_G250_RP0000206_CM0000076,H40_G250_RP0000202_CM0000084,H40_G250_RP0000214_CM0000064,H40_G250_RP0000202_CM0000084,H40_G250_RP0000214_CM0000064,0.17825067539947648,0.21468029528748339,CLEAN_REPLAY_RUN_A
KY2017_MATCH_1591,H40_G250_RP0000206_CM0000077,H40_G250_RP0000206_CM0000080,H40_G250_RP0000209_CM0000088,H40_G250_RP0000209_CM0000088,H40_G250_RP0000206_CM0000080,0.20220279237376762,0.21255096989862557,CLEAN_REPLAY_RUN_A
KY2017_MATCH_1592,H40_G250_RP0000206_CM0000125,H40_G250_RP0000206_CM0000124,H40_G250_RP0000212_CM0000130,H40_G250_RP0000212_CM0000130,H40_G250_RP0000206_CM0000124,0.16572389380951733,0.18138119229267644,CLEAN_REPLAY_RUN_A
KY2017_MATCH_1593,H40_G250_RP0000206_CM0000127,H40_G250_RP0000193_CM0000116,H40_G250_RP0000202_CM0000130,H40_G250_RP0000193_CM0000116,H40_G250_RP0000202_CM0000130,0.10898954178351021,0.16460607687646184,CLEAN_REPLAY_RUN_A
KY2017_MATCH_1594,H40_G250_RP0000207_CM0000037,H40_G250_RP0000197_CM0000036,H40_G250_RP0000203_CM0000036,H40_G250_RP0000203_CM0000036,H40_G250_RP0000197_CM0000036,0.19297011463552929,0.1951883702757406,CLEAN_REPLAY_RUN_A
KY2017_MATCH_1595,H40_G250_RP0000207_CM0000038,H40_G250_RP0000197_CM0000038,H40_G250_RP0000207_CM0000039,H40_G250_RP0000207_CM0000039,H40_G250_RP0000197_CM0000038,0.14759908102001598,0.22575066430721813,CLEAN_REPLAY_RUN_A
KY2017_MATCH_1596,H40_G250_RP0000207_CM0000056,H40_G250_RP0000207_CM0000053,H40_G250_RP0000207_CM0000055,H40_G250_RP0000207_CM0000053,H40_G250_RP0000207_CM0000055,0.093187238179015669,0.097107121854281289,CLEAN_REPLAY_RUN_A
KY2017_MATCH_1597,H40_G250_RP0000207_CM0000058,H40_G250_RP0000208_CM0000055,H40_G250_RP0000220_CM0000040,H40_G250_RP0000208_CM0000055,H40_G250_RP0000220_CM0000040,0.093998270506892148,0.16196869885858572,CLEAN_REPLAY_RUN_A
KY2017_MATCH_1598,H40_G250_RP0000207_CM0000059,H40_G250_RP0000194_CM0000043,H40_G250_RP0000207_CM0000057,H40_G250_RP0000207_CM0000057,H40_G250_RP0000194_CM0000043,0.14997039041787275,0.16856577493829952,CLEAN_REPLAY_RUN_A
KY2017_MATCH_1599,H40_G250_RP0000207_CM0000069,H40_G250_RP0000208_CM0000048,H40_G250_RP0000213_CM0000043,H40_G250_RP0000213_CM0000043,H40_G250_RP0000208_CM0000048,0.33635916840533636,0.35679462652680616,CLEAN_REPLAY_RUN_A
KY2017_MATCH_1600,H40_G250_RP0000207_CM0000073,H40_G250_RP0000199_CM0000066,H40_G250_RP0000219_CM0000062,H40_G250_RP0000199_CM0000066,H40_G250_RP0000219_CM0000062,0.12567052065344234,0.12838382803054083,CLEAN_REPLAY_RUN_A
KY2017_MATCH_1601,H40_G250_RP0000207_CM0000074,H40_G250_RP0000188_CM0000071,H40_G250_RP0000207_CM0000072,H40_G250_RP0000188_CM0000071,H40_G250_RP0000207_CM0000072,0.13121797692073786,0.17031226639740787,CLEAN_REPLAY_RUN_A
KY2017_MATCH_1602,H40_G250_RP0000207_CM0000090,H40_G250_RP0000204_CM0000080,H40_G250_RP0000205_CM0000101,H40_G250_RP0000204_CM0000080,H40_G250_RP0000205_CM0000101,0.29713730395059984,0.45810910974423413,CLEAN_REPLAY_RUN_A
KY2017_MATCH_1603,H40_G250_RP0000207_CM0000091,H40_G250_RP0000204_CM0000079,H40_G250_RP0000205_CM0000100,H40_G250_RP0000205_CM0000100,H40_G250_RP0000204_CM0000079,0.32440751545111512,0.33064634745963228,CLEAN_REPLAY_RUN_A
KY2017_MATCH_1604,H40_G250_RP0000207_CM0000092,H40_G250_RP0000194_CM0000095,H40_G250_RP0000205_CM0000085,H40_G250_RP0000205_CM0000085,H40_G250_RP0000194_CM0000095,0.29013336876016382,0.43153041729273833,CLEAN_REPLAY_RUN_A
KY2017_MATCH_1605,H40_G250_RP0000208_CM0000037,H40_G250_RP0000195_CM0000027,H40_G250_RP0000207_CM0000034,H40_G250_RP0000195_CM0000027,H40_G250_RP0000207_CM0000034,0.22100606195373607,0.2402185596699819,CLEAN_REPLAY_RUN_A
KY2017_MATCH_1606,H40_G250_RP0000208_CM0000038,H40_G250_RP0000193_CM0000038,H40_G250_RP0000212_CM0000038,H40_G250_RP0000193_CM0000038,H40_G250_RP0000212_CM0000038,0.19786853722412862,0.19836013983875397,CLEAN_REPLAY_RUN_A
KY2017_MATCH_1607,H40_G250_RP0000208_CM0000039,H40_G250_RP0000197_CM0000055,H40_G250_RP0000202_CM0000042,H40_G250_RP0000202_CM0000042,H40_G250_RP0000197_CM0000055,0.12458690654140608,0.13120990177756425,CLEAN_REPLAY_RUN_A
KY2017_MATCH_1608,H40_G250_RP0000208_CM0000040,H40_G250_RP0000200_CM0000038,H40_G250_RP0000207_CM0000040,H40_G250_RP0000207_CM0000040,H40_G250_RP0000200_CM0000038,0.1622214913016895,0.21584528667266736,CLEAN_REPLAY_RUN_A
KY2017_MATCH_1609,H40_G250_RP0000208_CM0000057,H40_G250_RP0000188_CM0000040,H40_G250_RP0000208_CM0000056,H40_G250_RP0000208_CM0000056,H40_G250_RP0000188_CM0000040,0.2087804769839873,0.20880012037906509,CLEAN_REPLAY_RUN_A
KY2017_MATCH_1610,H40_G250_RP0000208_CM0000058,H40_G250_RP0000181_CM0000060,H40_G250_RP0000192_CM0000040,H40_G250_RP0000192_CM0000040,H40_G250_RP0000181_CM0000060,0.2032742322429662,0.22939460015769778,CLEAN_REPLAY_RUN_A
KY2017_MATCH_1611,H40_G250_RP0000208_CM0000059,H40_G250_RP0000196_CM0000050,H40_G250_RP0000219_CM0000056,H40_G250_RP0000196_CM0000050,H40_G250_RP0000219_CM0000056,0.19890695688858989,0.22626832443765871,CLEAN_REPLAY_RUN_A
KY2017_MATCH_1612,H40_G250_RP0000208_CM0000070,H40_G250_RP0000214_CM0000068,H40_G250_RP0000215_CM0000067,H40_G250_RP0000215_CM0000067,H40_G250_RP0000214_CM0000068,0.11476740765619509,0.11735679943863497,CLEAN_REPLAY_RUN_A
KY2017_MATCH_1613,H40_G250_RP0000208_CM0000073,H40_G250_RP0000188_CM0000073,H40_G250_RP0000208_CM0000072,H40_G250_RP0000208_CM0000072,H40_G250_RP0000188_CM0000073,0.15149518380382937,0.15624163679300307,CLEAN_REPLAY_RUN_A
KY2017_MATCH_1614,H40_G250_RP0000208_CM0000076,H40_G250_RP0000209_CM0000076,H40_G250_RP0000211_CM0000084,H40_G250_RP0000209_CM0000076,H40_G250_RP0000211_CM0000084,0.14612322169729941,0.14897157621319007,CLEAN_REPLAY_RUN_A
KY2017_MATCH_1615,H40_G250_RP0000208_CM0000077,H40_G250_RP0000207_CM0000077,H40_G250_RP0000211_CM0000102,H40_G250_RP0000211_CM0000102,H40_G250_RP0000207_CM0000077,0.15466972382590391,0.17335239959509852,CLEAN_REPLAY_RUN_A
KY2017_MATCH_1616,H40_G250_RP0000208_CM0000092,H40_G250_RP0000206_CM0000098,H40_G250_RP0000206_CM0000100,H40_G250_RP0000206_CM0000100,H40_G250_RP0000206_CM0000098,0.13123179186566089,0.15273505242376273,CLEAN_REPLAY_RUN_A
KY2017_MATCH_1617,H40_G250_RP0000209_CM0000037,H40_G250_RP0000208_CM0000035,H40_G250_RP0000208_CM0000036,H40_G250_RP0000208_CM0000035,H40_G250_RP0000208_CM0000036,0.16709382597971073,0.28869103037730065,CLEAN_REPLAY_RUN_A
KY2017_MATCH_1618,H40_G250_RP0000209_CM0000038,H40_G250_RP0000204_CM0000054,H40_G250_RP0000211_CM0000041,H40_G250_RP0000211_CM0000041,H40_G250_RP0000204_CM0000054,0.19474968673005516,0.22731796529289514,CLEAN_REPLAY_RUN_A
KY2017_MATCH_1619,H40_G250_RP0000209_CM0000040,H40_G250_RP0000190_CM0000056,H40_G250_RP0000220_CM0000055,H40_G250_RP0000190_CM0000056,H40_G250_RP0000220_CM0000055,0.15231076558216863,0.22445247177555788,CLEAN_REPLAY_RUN_A
KY2017_MATCH_1620,H40_G250_RP0000209_CM0000041,H40_G250_RP0000191_CM0000055,H40_G250_RP0000194_CM0000073,H40_G250_RP0000194_CM0000073,H40_G250_RP0000191_CM0000055,0.16912721923184171,0.20255973822556217,CLEAN_REPLAY_RUN_A
KY2017_MATCH_1621,H40_G250_RP0000209_CM0000054,H40_G250_RP0000211_CM0000051,H40_G250_RP0000212_CM0000050,H40_G250_RP0000211_CM0000051,H40_G250_RP0000212_CM0000050,0.12402314835417427,0.15894275294022875,CLEAN_REPLAY_RUN_A
KY2017_MATCH_1622,H40_G250_RP0000209_CM0000055,H40_G250_RP0000205_CM0000053,H40_G250_RP0000210_CM0000053,H40_G250_RP0000205_CM0000053,H40_G250_RP0000210_CM0000053,0.11597861192987755,0.12370062154572579,CLEAN_REPLAY_RUN_A
KY2017_MATCH_1623,H40_G250_RP0000209_CM0000056,H40_G250_RP0000194_CM0000057,H40_G250_RP0000212_CM0000052,H40_G250_RP0000194_CM0000057,H40_G250_RP0000212_CM0000052,0.10273479379043415,0.14391186806608919,CLEAN_REPLAY_RUN_A
KY2017_MATCH_1624,H40_G250_RP0000209_CM0000057,H40_G250_RP0000209_CM0000053,H40_G250_RP0000218_CM0000045,H40_G250_RP0000209_CM0000053,H40_G250_RP0000218_CM0000045,0.15474203967357777,0.16627142581833629,CLEAN_REPLAY_RUN_A
KY2017_MATCH_1625,H40_G250_RP0000209_CM0000058,H40_G250_RP0000217_CM0000058,H40_G250_RP0000234_CM0000034,H40_G250_RP0000217_CM0000058,H40_G250_RP0000234_CM0000034,0.22482324985818047,0.26872327689918152,CLEAN_REPLAY_RUN_A
KY2017_MATCH_1626,H40_G250_RP0000209_CM0000070,H40_G250_RP0000206_CM0000063,H40_G250_RP0000210_CM0000061,H40_G250_RP0000206_CM0000063,H40_G250_RP0000210_CM0000061,0.2487188390358766,0.25036561049852651,CLEAN_REPLAY_RUN_A
KY2017_MATCH_1627,H40_G250_RP0000209_CM0000100,H40_G250_RP0000208_CM0000101,H40_G250_RP0000209_CM0000093,H40_G250_RP0000209_CM0000093,H40_G250_RP0000208_CM0000101,0.1252949428274675,0.15276383523098164,CLEAN_REPLAY_RUN_A
KY2017_MATCH_1628,H40_G250_RP0000210_CM0000036,H40_G250_RP0000209_CM0000036,H40_G250_RP0000212_CM0000037,H40_G250_RP0000212_CM0000037,H40_G250_RP0000209_CM0000036,0.096730196233887442,0.12674745650480143,CLEAN_REPLAY_RUN_A
KY2017_MATCH_1629,H40_G250_RP0000210_CM0000037,H40_G250_RP0000211_CM0000036,H40_G250_RP0000218_CM0000035,H40_G250_RP0000211_CM0000036,H40_G250_RP0000218_CM0000035,0.1799840503529106,0.19272897856091983,CLEAN_REPLAY_RUN_A
KY2017_MATCH_1630,H40_G250_RP0000210_CM0000054,H40_G250_RP0000211_CM0000052,H40_G250_RP0000219_CM0000042,H40_G250_RP0000211_CM0000052,H40_G250_RP0000219_CM0000042,0.17874027469346587,0.20246882415466422,CLEAN_REPLAY_RUN_A
KY2017_MATCH_1631,H40_G250_RP0000210_CM0000055,H40_G250_RP0000195_CM0000045,H40_G250_RP0000207_CM0000052,H40_G250_RP0000195_CM0000045,H40_G250_RP0000207_CM0000052,0.12921422556052797,0.14978891133217051,CLEAN_REPLAY_RUN_A
KY2017_MATCH_1632,H40_G250_RP0000210_CM0000056,H40_G250_RP0000209_CM0000046,H40_G250_RP0000209_CM0000050,H40_G250_RP0000209_CM0000046,H40_G250_RP0000209_CM0000050,0.13751959611246681,0.16595421681514755,CLEAN_REPLAY_RUN_A
KY2017_MATCH_1633,H40_G250_RP0000210_CM0000057,H40_G250_RP0000183_CM0000060,H40_G250_RP0000221_CM0000045,H40_G250_RP0000183_CM0000060,H40_G250_RP0000221_CM0000045,0.10316483601426527,0.16260726862879299,CLEAN_REPLAY_RUN_A
KY2017_MATCH_1634,H40_G250_RP0000210_CM0000058,H40_G250_RP0000210_CM0000044,H40_G250_RP0000215_CM0000053,H40_G250_RP0000215_CM0000053,H40_G250_RP0000210_CM0000044,0.13626161771315712,0.1373917108204416,CLEAN_REPLAY_RUN_A
KY2017_MATCH_1635,H40_G250_RP0000210_CM0000059,H40_G250_RP0000212_CM0000057,H40_G250_RP0000213_CM0000055,H40_G250_RP0000212_CM0000057,H40_G250_RP0000213_CM0000055,0.12104287304344664,0.17826713533814031,CLEAN_REPLAY_RUN_A
KY2017_MATCH_1636,H40_G250_RP0000210_CM0000070,H40_G250_RP0000209_CM0000065,H40_G250_RP0000211_CM0000070,H40_G250_RP0000211_CM0000070,H40_G250_RP0000209_CM0000065,0.26384379510005163,0.45423740412371283,CLEAN_REPLAY_RUN_A
KY2017_MATCH_1637,H40_G250_RP0000210_CM0000071,H40_G250_RP0000209_CM0000061,H40_G250_RP0000209_CM0000071,H40_G250_RP0000209_CM0000071,H40_G250_RP0000209_CM0000061,0.17942475438068492,0.21349210955199466,CLEAN_REPLAY_RUN_A
KY2017_MATCH_1638,H40_G250_RP0000210_CM0000072,H40_G250_RP0000218_CM0000052,H40_G250_RP0000218_CM0000053,H40_G250_RP0000218_CM0000053,H40_G250_RP0000218_CM0000052,0.12348127416232325,0.16810805702148041,CLEAN_REPLAY_RUN_A
KY2017_MATCH_1639,H40_G250_RP0000210_CM0000074,H40_G250_RP0000210_CM0000073,H40_G250_RP0000215_CM0000063,H40_G250_RP0000210_CM0000073,H40_G250_RP0000215_CM0000063,0.075527271120649234,0.11394442959076997,CLEAN_REPLAY_RUN_A
KY2017_MATCH_1640,H40_G250_RP0000210_CM0000075,H40_G250_RP0000208_CM0000105,H40_G250_RP0000210_CM0000076,H40_G250_RP0000210_CM0000076,H40_G250_RP0000208_CM0000105,0.10199130677792127,0.18557863935215413,CLEAN_REPLAY_RUN_A
KY2017_MATCH_1641,H40_G250_RP0000210_CM0000077,H40_G250_RP0000208_CM0000075,H40_G250_RP0000210_CM0000080,H40_G250_RP0000210_CM0000080,H40_G250_RP0000208_CM0000075,0.12595092180870587,0.17821303970632024,CLEAN_REPLAY_RUN_A
KY2017_MATCH_1642,H40_G250_RP0000210_CM0000087,H40_G250_RP0000207_CM0000082,H40_G250_RP0000209_CM0000089,H40_G250_RP0000207_CM0000082,H40_G250_RP0000209_CM0000089,0.10395261643287851,0.12960707986887438,CLEAN_REPLAY_RUN_A
KY2017_MATCH_1643,H40_G250_RP0000210_CM0000092,H40_G250_RP0000211_CM0000109,H40_G250_RP0000222_CM0000065,H40_G250_RP0000211_CM0000109,H40_G250_RP0000222_CM0000065,0.20117077333617678,0.23497892505871504,CLEAN_REPLAY_RUN_A
KY2017_MATCH_1644,H40_G250_RP0000210_CM0000095,H40_G250_RP0000209_CM0000095,H40_G250_RP0000209_CM0000096,H40_G250_RP0000209_CM0000096,H40_G250_RP0000209_CM0000095,0.1021469582564641,0.17699199570370519,CLEAN_REPLAY_RUN_A
KY2017_MATCH_1645,H40_G250_RP0000210_CM0000100,H40_G250_RP0000209_CM0000084,H40_G250_RP0000228_CM0000057,H40_G250_RP0000209_CM0000084,H40_G250_RP0000228_CM0000057,0.14933148899930226,0.23276833013132087,CLEAN_REPLAY_RUN_A
KY2017_MATCH_1646,H40_G250_RP0000211_CM0000049,H40_G250_RP0000189_CM0000043,H40_G250_RP0000207_CM0000048,H40_G250_RP0000207_CM0000048,H40_G250_RP0000189_CM0000043,0.13665229716128668,0.16985650702650656,CLEAN_REPLAY_RUN_A
KY2017_MATCH_1647,H40_G250_RP0000211_CM0000055,H40_G250_RP0000208_CM0000045,H40_G250_RP0000210_CM0000050,H40_G250_RP0000208_CM0000045,H40_G250_RP0000210_CM0000050,0.10233083690503229,0.10625114964453217,CLEAN_REPLAY_RUN_A
KY2017_MATCH_1648,H40_G250_RP0000211_CM0000056,H40_G250_RP0000209_CM0000044,H40_G250_RP0000211_CM0000045,H40_G250_RP0000209_CM0000044,H40_G250_RP0000211_CM0000045,0.14299985265630097,0.15429475790285391,CLEAN_REPLAY_RUN_A
KY2017_MATCH_1649,H40_G250_RP0000211_CM0000057,H40_G250_RP0000195_CM0000041,H40_G250_RP0000221_CM0000044,H40_G250_RP0000195_CM0000041,H40_G250_RP0000221_CM0000044,0.11310282511152664,0.17526386372646668,CLEAN_REPLAY_RUN_A
KY2017_MATCH_1650,H40_G250_RP0000211_CM0000058,H40_G250_RP0000190_CM0000039,H40_G250_RP0000221_CM0000038,H40_G250_RP0000221_CM0000038,H40_G250_RP0000190_CM0000039,0.15508504586822089,0.16262064109553201,CLEAN_REPLAY_RUN_A
KY2017_MATCH_1651,H40_G250_RP0000211_CM0000060,H40_G250_RP0000207_CM0000060,H40_G250_RP0000218_CM0000047,H40_G250_RP0000207_CM0000060,H40_G250_RP0000218_CM0000047,0.18918357690355123,0.25986972749285453,CLEAN_REPLAY_RUN_A
KY2017_MATCH_1652,H40_G250_RP0000211_CM0000061,H40_G250_RP0000194_CM0000048,H40_G250_RP0000205_CM0000063,H40_G250_RP0000205_CM0000063,H40_G250_RP0000194_CM0000048,0.24056079953943119,0.26959561909824487,CLEAN_REPLAY_RUN_A
KY2017_MATCH_1653,H40_G250_RP0000211_CM0000071,H40_G250_RP0000202_CM0000054,H40_G250_RP0000204_CM0000059,H40_G250_RP0000204_CM0000059,H40_G250_RP0000202_CM0000054,0.239657210328031,0.23988868528520849,CLEAN_REPLAY_RUN_A
KY2017_MATCH_1654,H40_G250_RP0000211_CM0000072,H40_G250_RP0000197_CM0000057,H40_G250_RP0000203_CM0000053,H40_G250_RP0000203_CM0000053,H40_G250_RP0000197_CM0000057,0.12453290602118873,0.13426895306214873,CLEAN_REPLAY_RUN_A
KY2017_MATCH_1655,H40_G250_RP0000211_CM0000073,H40_G250_RP0000200_CM0000057,H40_G250_RP0000201_CM0000058,H40_G250_RP0000201_CM0000058,H40_G250_RP0000200_CM0000057,0.16098535125708349,0.16544542207626317,CLEAN_REPLAY_RUN_A
KY2017_MATCH_1656,H40_G250_RP0000211_CM0000074,H40_G250_RP0000186_CM0000069,H40_G250_RP0000206_CM0000072,H40_G250_RP0000206_CM0000072,H40_G250_RP0000186_CM0000069,0.11719289290946239,0.12705026395183519,CLEAN_REPLAY_RUN_A
KY2017_MATCH_1657,H40_G250_RP0000211_CM0000075,H40_G250_RP0000198_CM0000066,H40_G250_RP0000216_CM0000061,H40_G250_RP0000198_CM0000066,H40_G250_RP0000216_CM0000061,0.11827428194629332,0.19610682014213615,CLEAN_REPLAY_RUN_A
KY2017_MATCH_1658,H40_G250_RP0000211_CM0000087,H40_G250_RP0000206_CM0000079,H40_G250_RP0000210_CM0000089,H40_G250_RP0000206_CM0000079,H40_G250_RP0000210_CM0000089,0.13100417255257066,0.16473256276039466,CLEAN_REPLAY_RUN_A
KY2017_MATCH_1659,H40_G250_RP0000211_CM0000091,H40_G250_RP0000210_CM0000099,H40_G250_RP0000211_CM0000097,H40_G250_RP0000211_CM0000097,H40_G250_RP0000210_CM0000099,0.20843947872688814,0.20857126259990005,CLEAN_REPLAY_RUN_A
KY2017_MATCH_1660,H40_G250_RP0000211_CM0000092,H40_G250_RP0000209_CM0000092,H40_G250_RP0000211_CM0000099,H40_G250_RP0000209_CM0000092,H40_G250_RP0000211_CM0000099,0.21083158488949932,0.21935840180491187,CLEAN_REPLAY_RUN_A
KY2017_MATCH_1661,H40_G250_RP0000211_CM0000093,H40_G250_RP0000210_CM0000093,H40_G250_RP0000210_CM0000094,H40_G250_RP0000210_CM0000094,H40_G250_RP0000210_CM0000093,0.1400023280388942,0.18264217767146068,CLEAN_REPLAY_RUN_A
KY2017_MATCH_1662,H40_G250_RP0000211_CM0000095,H40_G250_RP0000210_CM0000102,H40_G250_RP0000211_CM0000094,H40_G250_RP0000211_CM0000094,H40_G250_RP0000210_CM0000102,0.14758609854616714,0.18672601116159476,CLEAN_REPLAY_RUN_A
KY2017_MATCH_1663,H40_G250_RP0000212_CM0000049,H40_G250_RP0000210_CM0000051,H40_G250_RP0000214_CM0000050,H40_G250_RP0000214_CM0000050,H40_G250_RP0000210_CM0000051,0.11892448748116966,0.14316913109337323,CLEAN_REPLAY_RUN_A
KY2017_MATCH_1664,H40_G250_RP0000212_CM0000056,H40_G250_RP0000214_CM0000053,H40_G250_RP0000220_CM0000054,H40_G250_RP0000220_CM0000054,H40_G250_RP0000214_CM0000053,0.11785527593504337,0.14491502248408628,CLEAN_REPLAY_RUN_A
KY2017_MATCH_1665,H40_G250_RP0000212_CM0000060,H40_G250_RP0000208_CM0000065,H40_G250_RP0000212_CM0000059,H40_G250_RP0000212_CM0000059,H40_G250_RP0000208_CM0000065,0.20512394719722712,0.26226839534085578,CLEAN_REPLAY_RUN_A
KY2017_MATCH_1666,H40_G250_RP0000212_CM0000075,H40_G250_RP0000206_CM0000075,H40_G250_RP0000226_CM0000066,H40_G250_RP0000206_CM0000075,H40_G250_RP0000226_CM0000066,0.21649413841483917,0.24640601807842241,CLEAN_REPLAY_RUN_A
KY2017_MATCH_1667,H40_G250_RP0000212_CM0000076,H40_G250_RP0000210_CM0000081,H40_G250_RP0000211_CM0000081,H40_G250_RP0000211_CM0000081,H40_G250_RP0000210_CM0000081,0.16465935405354187,0.16882563525516414,CLEAN_REPLAY_RUN_A
KY2017_MATCH_1668,H40_G250_RP0000212_CM0000077,H40_G250_RP0000211_CM0000076,H40_G250_RP0000211_CM0000082,H40_G250_RP0000211_CM0000076,H40_G250_RP0000211_CM0000082,0.13094846936086318,0.18111983554495928,CLEAN_REPLAY_RUN_A
KY2017_MATCH_1669,H40_G250_RP0000212_CM0000078,H40_G250_RP0000209_CM0000080,H40_G250_RP0000211_CM0000083,H40_G250_RP0000209_CM0000080,H40_G250_RP0000211_CM0000083,0.12460608977302993,0.13145557454535425,CLEAN_REPLAY_RUN_A
KY2017_MATCH_1670,H40_G250_RP0000212_CM0000079,H40_G250_RP0000209_CM0000078,H40_G250_RP0000210_CM0000079,H40_G250_RP0000209_CM0000078,H40_G250_RP0000210_CM0000079,0.14886346801623429,0.1639236893466417,CLEAN_REPLAY_RUN_A
KY2017_MATCH_1671,H40_G250_RP0000212_CM0000090,H40_G250_RP0000211_CM0000086,H40_G250_RP0000211_CM0000090,H40_G250_RP0000211_CM0000090,H40_G250_RP0000211_CM0000086,0.072247704086904521,0.11665494723135839,CLEAN_REPLAY_RUN_A
KY2017_MATCH_1672,H40_G250_RP0000212_CM0000091,H40_G250_RP0000210_CM0000085,H40_G250_RP0000211_CM0000085,H40_G250_RP0000210_CM0000085,H40_G250_RP0000211_CM0000085,0.20347491902565237,0.23573721322530705,CLEAN_REPLAY_RUN_A
KY2017_MATCH_1673,H40_G250_RP0000212_CM0000093,H40_G250_RP0000187_CM0000075,H40_G250_RP0000203_CM0000086,H40_G250_RP0000187_CM0000075,H40_G250_RP0000203_CM0000086,0.15509301401232592,0.17556569226179738,CLEAN_REPLAY_RUN_A
KY2017_MATCH_1674,H40_G250_RP0000212_CM0000094,H40_G250_RP0000199_CM0000089,H40_G250_RP0000209_CM0000106,H40_G250_RP0000209_CM0000106,H40_G250_RP0000199_CM0000089,0.2046616597600118,0.20531185112587422,CLEAN_REPLAY_RUN_A
KY2017_MATCH_1675,H40_G250_RP0000213_CM0000050,H40_G250_RP0000211_CM0000040,H40_G250_RP0000212_CM0000051,H40_G250_RP0000212_CM0000051,H40_G250_RP0000211_CM0000040,0.17968435280776091,0.26088720923841185,CLEAN_REPLAY_RUN_A
KY2017_MATCH_1676,H40_G250_RP0000213_CM0000064,H40_G250_RP0000213_CM0000060,H40_G250_RP0000214_CM0000066,H40_G250_RP0000213_CM0000060,H40_G250_RP0000214_CM0000066,0.083528952433055026,0.10258177668349552,CLEAN_REPLAY_RUN_A
KY2017_MATCH_1677,H40_G250_RP0000213_CM0000065,H40_G250_RP0000192_CM0000064,H40_G250_RP0000202_CM0000064,H40_G250_RP0000202_CM0000064,H40_G250_RP0000192_CM0000064,0.19680213146582859,0.21618899586754009,CLEAN_REPLAY_RUN_A
KY2017_MATCH_1678,H40_G250_RP0000215_CM0000054,H40_G250_RP0000215_CM0000057,H40_G250_RP0000217_CM0000041,H40_G250_RP0000215_CM0000057,H40_G250_RP0000217_CM0000041,0.10385938965633451,0.1327054815539771,CLEAN_REPLAY_RUN_A
KY2017_MATCH_1679,H40_G250_RP0000215_CM0000055,H40_G250_RP0000214_CM0000056,H40_G250_RP0000217_CM0000057,H40_G250_RP0000217_CM0000057,H40_G250_RP0000214_CM0000056,0.1516843452680583,0.2150880226630279,CLEAN_REPLAY_RUN_A
KY2017_MATCH_1680,H40_G250_RP0000217_CM0000056,H40_G250_RP0000187_CM0000040,H40_G250_RP0000217_CM0000055,H40_G250_RP0000217_CM0000055,H40_G250_RP0000187_CM0000040,0.14138959740579329,0.18571435799049507,CLEAN_REPLAY_RUN_A
KY2017_MATCH_1681,H40_G250_RP0000217_CM0000080,H40_G250_RP0000224_CM0000048,H40_G250_RP0000224_CM0000074,H40_G250_RP0000224_CM0000048,H40_G250_RP0000224_CM0000074,0.19412165057926417,0.19867165803697562,CLEAN_REPLAY_RUN_A
KY2017_MATCH_1682,H40_G250_RP0000217_CM0000081,H40_G250_RP0000230_CM0000040,H40_G250_RP0000255_CM0000047,H40_G250_RP0000230_CM0000040,H40_G250_RP0000255_CM0000047,0.16617160212145077,0.20059557732436678,CLEAN_REPLAY_RUN_A
KY2017_MATCH_1683,H40_G250_RP0000218_CM0000080,H40_G250_RP0000218_CM0000077,H40_G250_RP0000218_CM0000079,H40_G250_RP0000218_CM0000077,H40_G250_RP0000218_CM0000079,0.12577694908831397,0.12943315266948038,CLEAN_REPLAY_RUN_A
KY2017_MATCH_1684,H40_G250_RP0000218_CM0000081,H40_G250_RP0000217_CM0000077,H40_G250_RP0000231_CM0000041,H40_G250_RP0000217_CM0000077,H40_G250_RP0000231_CM0000041,0.11811175184801959,0.15275960262545241,CLEAN_REPLAY_RUN_A
KY2017_MATCH_1685,H40_G250_RP0000219_CM0000080,H40_G250_RP0000219_CM0000077,H40_G250_RP0000220_CM0000079,H40_G250_RP0000219_CM0000077,H40_G250_RP0000220_CM0000079,0.13221071744414373,0.15185692752376034,CLEAN_REPLAY_RUN_A
KY2017_MATCH_1686,H40_G250_RP0000219_CM0000081,H40_G250_RP0000211_CM0000047,H40_G250_RP0000217_CM0000076,H40_G250_RP0000217_CM0000076,H40_G250_RP0000211_CM0000047,0.17235259992504659,0.19436959819713201,CLEAN_REPLAY_RUN_A
KY2017_MATCH_1687,H40_G250_RP0000220_CM0000080,H40_G250_RP0000219_CM0000078,H40_G250_RP0000231_CM0000042,H40_G250_RP0000219_CM0000078,H40_G250_RP0000231_CM0000042,0.24077013178426396,0.24378383066331363,CLEAN_REPLAY_RUN_A
KY2017_MATCH_1688,H40_G250_RP0000223_CM0000055,H40_G250_RP0000221_CM0000056,H40_G250_RP0000225_CM0000054,H40_G250_RP0000221_CM0000056,H40_G250_RP0000225_CM0000054,0.17305578276840572,0.18490713037157655,CLEAN_REPLAY_RUN_A
KY2017_MATCH_1689,H40_G250_RP0000223_CM0000056,H40_G250_RP0000229_CM0000056,H40_G250_RP0000230_CM0000056,H40_G250_RP0000230_CM0000056,H40_G250_RP0000229_CM0000056,0.10871287080410837,0.13925911537609997,CLEAN_REPLAY_RUN_A
KY2017_MATCH_1690,H40_G250_RP0000241_CM0000057,H40_G250_RP0000221_CM0000049,H40_G250_RP0000237_CM0000057,H40_G250_RP0000237_CM0000057,H40_G250_RP0000221_CM0000049,0.32078597493217537,0.40170391699874974,CLEAN_REPLAY_RUN_A
KY2017_MATCH_1691,H40_G250_RP0000241_CM0000058,H40_G250_RP0000235_CM0000050,H40_G250_RP0000242_CM0000060,H40_G250_RP0000242_CM0000060,H40_G250_RP0000235_CM0000050,0.11535950057474617,0.11873289568717307,CLEAN_REPLAY_RUN_A
KY2017_MATCH_1692,H40_G250_RP0000266_CM0000047,H40_G250_RP0000266_CM0000051,H40_G250_RP0000266_CM0000052,H40_G250_RP0000266_CM0000052,H40_G250_RP0000266_CM0000051,0.20070694916964954,0.20250833073507865,CLEAN_REPLAY_RUN_A
